[2026-07-22T02:53:24.198+0000] {processor.py:161} INFO - Started process (PID=164) to work on /opt/airflow/dags/nyc_taxi_pipeline.py
[2026-07-22T02:53:24.200+0000] {processor.py:830} INFO - Processing file /opt/airflow/dags/nyc_taxi_pipeline.py for tasks to queue
[2026-07-22T02:53:24.204+0000] {logging_mixin.py:188} INFO - [2026-07-22T02:53:24.204+0000] {dagbag.py:540} INFO - Filling up the DagBag from /opt/airflow/dags/nyc_taxi_pipeline.py
[2026-07-22T02:53:24.262+0000] {processor.py:840} INFO - DAG(s) 'nyc_taxi_pipeline' retrieved from /opt/airflow/dags/nyc_taxi_pipeline.py
[2026-07-22T02:53:24.673+0000] {logging_mixin.py:188} INFO - [2026-07-22T02:53:24.672+0000] {override.py:1829} INFO - Created Permission View: can read on DAG:nyc_taxi_pipeline
[2026-07-22T02:53:24.691+0000] {logging_mixin.py:188} INFO - [2026-07-22T02:53:24.691+0000] {override.py:1829} INFO - Created Permission View: can delete on DAG:nyc_taxi_pipeline
[2026-07-22T02:53:24.702+0000] {logging_mixin.py:188} INFO - [2026-07-22T02:53:24.702+0000] {override.py:1829} INFO - Created Permission View: can edit on DAG:nyc_taxi_pipeline
[2026-07-22T02:53:24.703+0000] {logging_mixin.py:188} INFO - [2026-07-22T02:53:24.703+0000] {dag.py:3096} INFO - Sync 1 DAGs
[2026-07-22T02:53:24.720+0000] {logging_mixin.py:188} INFO - [2026-07-22T02:53:24.720+0000] {dag.py:3118} INFO - Creating ORM DAG for nyc_taxi_pipeline
[2026-07-22T02:53:24.721+0000] {logging_mixin.py:188} INFO - [2026-07-22T02:53:24.721+0000] {dag.py:3954} INFO - Setting next_dagrun for nyc_taxi_pipeline to None, run_after=None
[2026-07-22T02:53:24.753+0000] {processor.py:183} INFO - Processing /opt/airflow/dags/nyc_taxi_pipeline.py took 0.566 seconds
[2026-07-22T02:53:54.817+0000] {processor.py:161} INFO - Started process (PID=169) to work on /opt/airflow/dags/nyc_taxi_pipeline.py
[2026-07-22T02:53:54.818+0000] {processor.py:830} INFO - Processing file /opt/airflow/dags/nyc_taxi_pipeline.py for tasks to queue
[2026-07-22T02:53:54.821+0000] {logging_mixin.py:188} INFO - [2026-07-22T02:53:54.821+0000] {dagbag.py:540} INFO - Filling up the DagBag from /opt/airflow/dags/nyc_taxi_pipeline.py
[2026-07-22T02:53:54.861+0000] {processor.py:840} INFO - DAG(s) 'nyc_taxi_pipeline' retrieved from /opt/airflow/dags/nyc_taxi_pipeline.py
[2026-07-22T02:53:54.962+0000] {logging_mixin.py:188} INFO - [2026-07-22T02:53:54.962+0000] {dag.py:3096} INFO - Sync 1 DAGs
[2026-07-22T02:53:54.988+0000] {logging_mixin.py:188} INFO - [2026-07-22T02:53:54.987+0000] {dag.py:3954} INFO - Setting next_dagrun for nyc_taxi_pipeline to None, run_after=None
[2026-07-22T02:53:55.039+0000] {processor.py:183} INFO - Processing /opt/airflow/dags/nyc_taxi_pipeline.py took 0.230 seconds
[2026-07-22T02:54:25.426+0000] {processor.py:161} INFO - Started process (PID=174) to work on /opt/airflow/dags/nyc_taxi_pipeline.py
[2026-07-22T02:54:25.428+0000] {processor.py:830} INFO - Processing file /opt/airflow/dags/nyc_taxi_pipeline.py for tasks to queue
[2026-07-22T02:54:25.432+0000] {logging_mixin.py:188} INFO - [2026-07-22T02:54:25.432+0000] {dagbag.py:540} INFO - Filling up the DagBag from /opt/airflow/dags/nyc_taxi_pipeline.py
[2026-07-22T02:54:25.462+0000] {processor.py:840} INFO - DAG(s) 'nyc_taxi_pipeline' retrieved from /opt/airflow/dags/nyc_taxi_pipeline.py
[2026-07-22T02:54:25.559+0000] {logging_mixin.py:188} INFO - [2026-07-22T02:54:25.559+0000] {dag.py:3096} INFO - Sync 1 DAGs
[2026-07-22T02:54:25.582+0000] {logging_mixin.py:188} INFO - [2026-07-22T02:54:25.582+0000] {dag.py:3954} INFO - Setting next_dagrun for nyc_taxi_pipeline to None, run_after=None
[2026-07-22T02:54:25.623+0000] {processor.py:183} INFO - Processing /opt/airflow/dags/nyc_taxi_pipeline.py took 0.207 seconds
[2026-07-22T02:54:56.017+0000] {processor.py:161} INFO - Started process (PID=179) to work on /opt/airflow/dags/nyc_taxi_pipeline.py
[2026-07-22T02:54:56.019+0000] {processor.py:830} INFO - Processing file /opt/airflow/dags/nyc_taxi_pipeline.py for tasks to queue
[2026-07-22T02:54:56.022+0000] {logging_mixin.py:188} INFO - [2026-07-22T02:54:56.022+0000] {dagbag.py:540} INFO - Filling up the DagBag from /opt/airflow/dags/nyc_taxi_pipeline.py
[2026-07-22T02:54:56.053+0000] {processor.py:840} INFO - DAG(s) 'nyc_taxi_pipeline' retrieved from /opt/airflow/dags/nyc_taxi_pipeline.py
[2026-07-22T02:54:56.153+0000] {logging_mixin.py:188} INFO - [2026-07-22T02:54:56.153+0000] {dag.py:3096} INFO - Sync 1 DAGs
[2026-07-22T02:54:56.174+0000] {logging_mixin.py:188} INFO - [2026-07-22T02:54:56.174+0000] {dag.py:3954} INFO - Setting next_dagrun for nyc_taxi_pipeline to None, run_after=None
[2026-07-22T02:54:56.217+0000] {processor.py:183} INFO - Processing /opt/airflow/dags/nyc_taxi_pipeline.py took 0.207 seconds
[2026-07-22T02:55:28.773+0000] {processor.py:161} INFO - Started process (PID=184) to work on /opt/airflow/dags/nyc_taxi_pipeline.py
[2026-07-22T02:55:28.775+0000] {processor.py:830} INFO - Processing file /opt/airflow/dags/nyc_taxi_pipeline.py for tasks to queue
[2026-07-22T02:55:28.778+0000] {logging_mixin.py:188} INFO - [2026-07-22T02:55:28.777+0000] {dagbag.py:540} INFO - Filling up the DagBag from /opt/airflow/dags/nyc_taxi_pipeline.py
[2026-07-22T02:55:28.803+0000] {processor.py:840} INFO - DAG(s) 'nyc_taxi_pipeline' retrieved from /opt/airflow/dags/nyc_taxi_pipeline.py
[2026-07-22T02:55:28.931+0000] {logging_mixin.py:188} INFO - [2026-07-22T02:55:28.930+0000] {dag.py:3096} INFO - Sync 1 DAGs
[2026-07-22T02:55:28.951+0000] {logging_mixin.py:188} INFO - [2026-07-22T02:55:28.951+0000] {dag.py:3954} INFO - Setting next_dagrun for nyc_taxi_pipeline to None, run_after=None
[2026-07-22T02:55:28.990+0000] {processor.py:183} INFO - Processing /opt/airflow/dags/nyc_taxi_pipeline.py took 0.223 seconds
[2026-07-22T02:56:02.656+0000] {processor.py:161} INFO - Started process (PID=189) to work on /opt/airflow/dags/nyc_taxi_pipeline.py
[2026-07-22T02:56:02.658+0000] {processor.py:830} INFO - Processing file /opt/airflow/dags/nyc_taxi_pipeline.py for tasks to queue
[2026-07-22T02:56:02.661+0000] {logging_mixin.py:188} INFO - [2026-07-22T02:56:02.660+0000] {dagbag.py:540} INFO - Filling up the DagBag from /opt/airflow/dags/nyc_taxi_pipeline.py
[2026-07-22T02:56:02.684+0000] {processor.py:840} INFO - DAG(s) 'nyc_taxi_pipeline' retrieved from /opt/airflow/dags/nyc_taxi_pipeline.py
[2026-07-22T02:56:02.771+0000] {logging_mixin.py:188} INFO - [2026-07-22T02:56:02.770+0000] {dag.py:3096} INFO - Sync 1 DAGs
[2026-07-22T02:56:02.791+0000] {logging_mixin.py:188} INFO - [2026-07-22T02:56:02.791+0000] {dag.py:3954} INFO - Setting next_dagrun for nyc_taxi_pipeline to None, run_after=None
[2026-07-22T02:56:02.833+0000] {processor.py:183} INFO - Processing /opt/airflow/dags/nyc_taxi_pipeline.py took 0.182 seconds
[2026-07-22T02:56:35.474+0000] {processor.py:161} INFO - Started process (PID=194) to work on /opt/airflow/dags/nyc_taxi_pipeline.py
[2026-07-22T02:56:35.476+0000] {processor.py:830} INFO - Processing file /opt/airflow/dags/nyc_taxi_pipeline.py for tasks to queue
[2026-07-22T02:56:35.479+0000] {logging_mixin.py:188} INFO - [2026-07-22T02:56:35.478+0000] {dagbag.py:540} INFO - Filling up the DagBag from /opt/airflow/dags/nyc_taxi_pipeline.py
[2026-07-22T02:56:35.507+0000] {processor.py:840} INFO - DAG(s) 'nyc_taxi_pipeline' retrieved from /opt/airflow/dags/nyc_taxi_pipeline.py
[2026-07-22T02:56:35.603+0000] {logging_mixin.py:188} INFO - [2026-07-22T02:56:35.603+0000] {dag.py:3096} INFO - Sync 1 DAGs
[2026-07-22T02:56:35.624+0000] {logging_mixin.py:188} INFO - [2026-07-22T02:56:35.624+0000] {dag.py:3954} INFO - Setting next_dagrun for nyc_taxi_pipeline to None, run_after=None
[2026-07-22T02:56:35.665+0000] {processor.py:183} INFO - Processing /opt/airflow/dags/nyc_taxi_pipeline.py took 0.197 seconds
[2026-07-22T02:57:09.194+0000] {processor.py:161} INFO - Started process (PID=199) to work on /opt/airflow/dags/nyc_taxi_pipeline.py
[2026-07-22T02:57:09.196+0000] {processor.py:830} INFO - Processing file /opt/airflow/dags/nyc_taxi_pipeline.py for tasks to queue
[2026-07-22T02:57:09.199+0000] {logging_mixin.py:188} INFO - [2026-07-22T02:57:09.199+0000] {dagbag.py:540} INFO - Filling up the DagBag from /opt/airflow/dags/nyc_taxi_pipeline.py
[2026-07-22T02:57:09.229+0000] {processor.py:840} INFO - DAG(s) 'nyc_taxi_pipeline' retrieved from /opt/airflow/dags/nyc_taxi_pipeline.py
[2026-07-22T02:57:09.316+0000] {logging_mixin.py:188} INFO - [2026-07-22T02:57:09.315+0000] {dag.py:3096} INFO - Sync 1 DAGs
[2026-07-22T02:57:09.336+0000] {logging_mixin.py:188} INFO - [2026-07-22T02:57:09.336+0000] {dag.py:3954} INFO - Setting next_dagrun for nyc_taxi_pipeline to None, run_after=None
[2026-07-22T02:57:09.380+0000] {processor.py:183} INFO - Processing /opt/airflow/dags/nyc_taxi_pipeline.py took 0.193 seconds
[2026-07-22T02:57:42.025+0000] {processor.py:161} INFO - Started process (PID=204) to work on /opt/airflow/dags/nyc_taxi_pipeline.py
[2026-07-22T02:57:42.027+0000] {processor.py:830} INFO - Processing file /opt/airflow/dags/nyc_taxi_pipeline.py for tasks to queue
[2026-07-22T02:57:42.029+0000] {logging_mixin.py:188} INFO - [2026-07-22T02:57:42.029+0000] {dagbag.py:540} INFO - Filling up the DagBag from /opt/airflow/dags/nyc_taxi_pipeline.py
[2026-07-22T02:57:42.055+0000] {processor.py:840} INFO - DAG(s) 'nyc_taxi_pipeline' retrieved from /opt/airflow/dags/nyc_taxi_pipeline.py
[2026-07-22T02:57:42.139+0000] {logging_mixin.py:188} INFO - [2026-07-22T02:57:42.138+0000] {dag.py:3096} INFO - Sync 1 DAGs
[2026-07-22T02:57:42.158+0000] {logging_mixin.py:188} INFO - [2026-07-22T02:57:42.157+0000] {dag.py:3954} INFO - Setting next_dagrun for nyc_taxi_pipeline to None, run_after=None
[2026-07-22T02:57:42.200+0000] {processor.py:183} INFO - Processing /opt/airflow/dags/nyc_taxi_pipeline.py took 0.181 seconds
[2026-07-22T02:58:15.748+0000] {processor.py:161} INFO - Started process (PID=212) to work on /opt/airflow/dags/nyc_taxi_pipeline.py
[2026-07-22T02:58:15.751+0000] {processor.py:830} INFO - Processing file /opt/airflow/dags/nyc_taxi_pipeline.py for tasks to queue
[2026-07-22T02:58:15.758+0000] {logging_mixin.py:188} INFO - [2026-07-22T02:58:15.757+0000] {dagbag.py:540} INFO - Filling up the DagBag from /opt/airflow/dags/nyc_taxi_pipeline.py
[2026-07-22T02:58:15.791+0000] {processor.py:840} INFO - DAG(s) 'nyc_taxi_pipeline' retrieved from /opt/airflow/dags/nyc_taxi_pipeline.py
[2026-07-22T02:58:15.888+0000] {logging_mixin.py:188} INFO - [2026-07-22T02:58:15.887+0000] {dag.py:3096} INFO - Sync 1 DAGs
[2026-07-22T02:58:15.909+0000] {logging_mixin.py:188} INFO - [2026-07-22T02:58:15.909+0000] {dag.py:3954} INFO - Setting next_dagrun for nyc_taxi_pipeline to None, run_after=None
[2026-07-22T02:58:15.948+0000] {processor.py:183} INFO - Processing /opt/airflow/dags/nyc_taxi_pipeline.py took 0.219 seconds
[2026-07-22T02:58:48.658+0000] {processor.py:161} INFO - Started process (PID=217) to work on /opt/airflow/dags/nyc_taxi_pipeline.py
[2026-07-22T02:58:48.660+0000] {processor.py:830} INFO - Processing file /opt/airflow/dags/nyc_taxi_pipeline.py for tasks to queue
[2026-07-22T02:58:48.662+0000] {logging_mixin.py:188} INFO - [2026-07-22T02:58:48.662+0000] {dagbag.py:540} INFO - Filling up the DagBag from /opt/airflow/dags/nyc_taxi_pipeline.py
[2026-07-22T02:58:48.689+0000] {processor.py:840} INFO - DAG(s) 'nyc_taxi_pipeline' retrieved from /opt/airflow/dags/nyc_taxi_pipeline.py
[2026-07-22T02:58:48.778+0000] {logging_mixin.py:188} INFO - [2026-07-22T02:58:48.778+0000] {dag.py:3096} INFO - Sync 1 DAGs
[2026-07-22T02:58:48.800+0000] {logging_mixin.py:188} INFO - [2026-07-22T02:58:48.800+0000] {dag.py:3954} INFO - Setting next_dagrun for nyc_taxi_pipeline to None, run_after=None
[2026-07-22T02:58:48.846+0000] {processor.py:183} INFO - Processing /opt/airflow/dags/nyc_taxi_pipeline.py took 0.195 seconds
[2026-07-22T02:59:22.320+0000] {processor.py:161} INFO - Started process (PID=222) to work on /opt/airflow/dags/nyc_taxi_pipeline.py
[2026-07-22T02:59:22.323+0000] {processor.py:830} INFO - Processing file /opt/airflow/dags/nyc_taxi_pipeline.py for tasks to queue
[2026-07-22T02:59:22.329+0000] {logging_mixin.py:188} INFO - [2026-07-22T02:59:22.328+0000] {dagbag.py:540} INFO - Filling up the DagBag from /opt/airflow/dags/nyc_taxi_pipeline.py
[2026-07-22T02:59:22.381+0000] {processor.py:840} INFO - DAG(s) 'nyc_taxi_pipeline' retrieved from /opt/airflow/dags/nyc_taxi_pipeline.py
[2026-07-22T02:59:22.526+0000] {logging_mixin.py:188} INFO - [2026-07-22T02:59:22.526+0000] {dag.py:3096} INFO - Sync 1 DAGs
[2026-07-22T02:59:22.571+0000] {logging_mixin.py:188} INFO - [2026-07-22T02:59:22.571+0000] {dag.py:3954} INFO - Setting next_dagrun for nyc_taxi_pipeline to None, run_after=None
[2026-07-22T02:59:22.628+0000] {processor.py:183} INFO - Processing /opt/airflow/dags/nyc_taxi_pipeline.py took 0.327 seconds
[2026-07-22T02:59:55.276+0000] {processor.py:161} INFO - Started process (PID=438) to work on /opt/airflow/dags/nyc_taxi_pipeline.py
[2026-07-22T02:59:55.278+0000] {processor.py:830} INFO - Processing file /opt/airflow/dags/nyc_taxi_pipeline.py for tasks to queue
[2026-07-22T02:59:55.287+0000] {logging_mixin.py:188} INFO - [2026-07-22T02:59:55.287+0000] {dagbag.py:540} INFO - Filling up the DagBag from /opt/airflow/dags/nyc_taxi_pipeline.py
[2026-07-22T02:59:55.342+0000] {processor.py:840} INFO - DAG(s) 'nyc_taxi_pipeline' retrieved from /opt/airflow/dags/nyc_taxi_pipeline.py
[2026-07-22T02:59:55.537+0000] {logging_mixin.py:188} INFO - [2026-07-22T02:59:55.536+0000] {dag.py:3096} INFO - Sync 1 DAGs
[2026-07-22T02:59:55.582+0000] {logging_mixin.py:188} INFO - [2026-07-22T02:59:55.582+0000] {dag.py:3954} INFO - Setting next_dagrun for nyc_taxi_pipeline to None, run_after=None
[2026-07-22T02:59:55.666+0000] {processor.py:183} INFO - Processing /opt/airflow/dags/nyc_taxi_pipeline.py took 0.420 seconds
[2026-07-22T03:00:26.251+0000] {processor.py:161} INFO - Started process (PID=460) to work on /opt/airflow/dags/nyc_taxi_pipeline.py
[2026-07-22T03:00:26.254+0000] {processor.py:830} INFO - Processing file /opt/airflow/dags/nyc_taxi_pipeline.py for tasks to queue
[2026-07-22T03:00:26.259+0000] {logging_mixin.py:188} INFO - [2026-07-22T03:00:26.258+0000] {dagbag.py:540} INFO - Filling up the DagBag from /opt/airflow/dags/nyc_taxi_pipeline.py
[2026-07-22T03:00:26.326+0000] {processor.py:840} INFO - DAG(s) 'nyc_taxi_pipeline' retrieved from /opt/airflow/dags/nyc_taxi_pipeline.py
[2026-07-22T03:00:28.751+0000] {logging_mixin.py:188} INFO - [2026-07-22T03:00:28.751+0000] {dag.py:3096} INFO - Sync 1 DAGs
[2026-07-22T03:00:28.839+0000] {logging_mixin.py:188} INFO - [2026-07-22T03:00:28.839+0000] {dag.py:3954} INFO - Setting next_dagrun for nyc_taxi_pipeline to None, run_after=None
[2026-07-22T03:00:29.005+0000] {processor.py:183} INFO - Processing /opt/airflow/dags/nyc_taxi_pipeline.py took 0.518 seconds
[2026-07-22T03:00:59.591+0000] {processor.py:161} INFO - Started process (PID=570) to work on /opt/airflow/dags/nyc_taxi_pipeline.py
[2026-07-22T03:00:59.602+0000] {processor.py:830} INFO - Processing file /opt/airflow/dags/nyc_taxi_pipeline.py for tasks to queue
[2026-07-22T03:00:59.627+0000] {logging_mixin.py:188} INFO - [2026-07-22T03:00:59.617+0000] {dagbag.py:540} INFO - Filling up the DagBag from /opt/airflow/dags/nyc_taxi_pipeline.py
[2026-07-22T03:01:02.318+0000] {processor.py:840} INFO - DAG(s) 'nyc_taxi_pipeline' retrieved from /opt/airflow/dags/nyc_taxi_pipeline.py
[2026-07-22T03:01:02.764+0000] {logging_mixin.py:188} INFO - [2026-07-22T03:01:02.763+0000] {dag.py:3096} INFO - Sync 1 DAGs
[2026-07-22T03:01:03.852+0000] {logging_mixin.py:188} INFO - [2026-07-22T03:01:03.850+0000] {dag.py:3954} INFO - Setting next_dagrun for nyc_taxi_pipeline to None, run_after=None
[2026-07-22T03:01:04.077+0000] {processor.py:183} INFO - Processing /opt/airflow/dags/nyc_taxi_pipeline.py took 2.253 seconds
[2026-07-22T03:01:35.965+0000] {processor.py:161} INFO - Started process (PID=598) to work on /opt/airflow/dags/nyc_taxi_pipeline.py
[2026-07-22T03:01:35.971+0000] {processor.py:830} INFO - Processing file /opt/airflow/dags/nyc_taxi_pipeline.py for tasks to queue
[2026-07-22T03:01:35.989+0000] {logging_mixin.py:188} INFO - [2026-07-22T03:01:35.989+0000] {dagbag.py:540} INFO - Filling up the DagBag from /opt/airflow/dags/nyc_taxi_pipeline.py
[2026-07-22T03:01:36.148+0000] {processor.py:840} INFO - DAG(s) 'nyc_taxi_pipeline' retrieved from /opt/airflow/dags/nyc_taxi_pipeline.py
[2026-07-22T03:01:36.404+0000] {logging_mixin.py:188} INFO - [2026-07-22T03:01:36.404+0000] {dag.py:3096} INFO - Sync 1 DAGs
[2026-07-22T03:01:36.468+0000] {logging_mixin.py:188} INFO - [2026-07-22T03:01:36.465+0000] {dag.py:3954} INFO - Setting next_dagrun for nyc_taxi_pipeline to None, run_after=None
[2026-07-22T03:01:36.589+0000] {processor.py:183} INFO - Processing /opt/airflow/dags/nyc_taxi_pipeline.py took 0.645 seconds
[2026-07-22T03:02:09.021+0000] {processor.py:161} INFO - Started process (PID=664) to work on /opt/airflow/dags/nyc_taxi_pipeline.py
[2026-07-22T03:02:09.026+0000] {processor.py:830} INFO - Processing file /opt/airflow/dags/nyc_taxi_pipeline.py for tasks to queue
[2026-07-22T03:02:09.048+0000] {logging_mixin.py:188} INFO - [2026-07-22T03:02:09.043+0000] {dagbag.py:540} INFO - Filling up the DagBag from /opt/airflow/dags/nyc_taxi_pipeline.py
[2026-07-22T03:02:09.316+0000] {processor.py:840} INFO - DAG(s) 'nyc_taxi_pipeline' retrieved from /opt/airflow/dags/nyc_taxi_pipeline.py
[2026-07-22T03:02:09.698+0000] {logging_mixin.py:188} INFO - [2026-07-22T03:02:09.698+0000] {dag.py:3096} INFO - Sync 1 DAGs
[2026-07-22T03:02:09.871+0000] {logging_mixin.py:188} INFO - [2026-07-22T03:02:09.871+0000] {dag.py:3954} INFO - Setting next_dagrun for nyc_taxi_pipeline to None, run_after=None
[2026-07-22T03:02:10.103+0000] {processor.py:183} INFO - Processing /opt/airflow/dags/nyc_taxi_pipeline.py took 1.131 seconds
[2026-07-22T03:02:42.112+0000] {processor.py:161} INFO - Started process (PID=745) to work on /opt/airflow/dags/nyc_taxi_pipeline.py
[2026-07-22T03:02:42.115+0000] {processor.py:830} INFO - Processing file /opt/airflow/dags/nyc_taxi_pipeline.py for tasks to queue
[2026-07-22T03:02:42.133+0000] {logging_mixin.py:188} INFO - [2026-07-22T03:02:42.132+0000] {dagbag.py:540} INFO - Filling up the DagBag from /opt/airflow/dags/nyc_taxi_pipeline.py
[2026-07-22T03:02:42.233+0000] {processor.py:840} INFO - DAG(s) 'nyc_taxi_pipeline' retrieved from /opt/airflow/dags/nyc_taxi_pipeline.py
[2026-07-22T03:02:42.475+0000] {logging_mixin.py:188} INFO - [2026-07-22T03:02:42.475+0000] {dag.py:3096} INFO - Sync 1 DAGs
[2026-07-22T03:02:42.541+0000] {logging_mixin.py:188} INFO - [2026-07-22T03:02:42.541+0000] {dag.py:3954} INFO - Setting next_dagrun for nyc_taxi_pipeline to None, run_after=None
[2026-07-22T03:02:42.668+0000] {processor.py:183} INFO - Processing /opt/airflow/dags/nyc_taxi_pipeline.py took 0.578 seconds
[2026-07-22T03:03:15.567+0000] {processor.py:161} INFO - Started process (PID=766) to work on /opt/airflow/dags/nyc_taxi_pipeline.py
[2026-07-22T03:03:15.569+0000] {processor.py:830} INFO - Processing file /opt/airflow/dags/nyc_taxi_pipeline.py for tasks to queue
[2026-07-22T03:03:15.574+0000] {logging_mixin.py:188} INFO - [2026-07-22T03:03:15.573+0000] {dagbag.py:540} INFO - Filling up the DagBag from /opt/airflow/dags/nyc_taxi_pipeline.py
[2026-07-22T03:03:15.609+0000] {processor.py:840} INFO - DAG(s) 'nyc_taxi_pipeline' retrieved from /opt/airflow/dags/nyc_taxi_pipeline.py
[2026-07-22T03:03:15.734+0000] {logging_mixin.py:188} INFO - [2026-07-22T03:03:15.734+0000] {dag.py:3096} INFO - Sync 1 DAGs
[2026-07-22T03:03:15.772+0000] {logging_mixin.py:188} INFO - [2026-07-22T03:03:15.772+0000] {dag.py:3954} INFO - Setting next_dagrun for nyc_taxi_pipeline to None, run_after=None
[2026-07-22T03:03:15.833+0000] {processor.py:183} INFO - Processing /opt/airflow/dags/nyc_taxi_pipeline.py took 0.276 seconds
[2026-07-22T03:03:46.203+0000] {processor.py:161} INFO - Started process (PID=991) to work on /opt/airflow/dags/nyc_taxi_pipeline.py
[2026-07-22T03:03:46.205+0000] {processor.py:830} INFO - Processing file /opt/airflow/dags/nyc_taxi_pipeline.py for tasks to queue
[2026-07-22T03:03:46.209+0000] {logging_mixin.py:188} INFO - [2026-07-22T03:03:46.208+0000] {dagbag.py:540} INFO - Filling up the DagBag from /opt/airflow/dags/nyc_taxi_pipeline.py
[2026-07-22T03:03:46.257+0000] {processor.py:840} INFO - DAG(s) 'nyc_taxi_pipeline' retrieved from /opt/airflow/dags/nyc_taxi_pipeline.py
[2026-07-22T03:03:48.681+0000] {logging_mixin.py:188} INFO - [2026-07-22T03:03:48.680+0000] {dag.py:3096} INFO - Sync 1 DAGs
[2026-07-22T03:03:48.720+0000] {logging_mixin.py:188} INFO - [2026-07-22T03:03:48.720+0000] {dag.py:3954} INFO - Setting next_dagrun for nyc_taxi_pipeline to None, run_after=None
[2026-07-22T03:03:48.782+0000] {processor.py:183} INFO - Processing /opt/airflow/dags/nyc_taxi_pipeline.py took 0.329 seconds
[2026-07-22T03:04:22.258+0000] {processor.py:161} INFO - Started process (PID=1046) to work on /opt/airflow/dags/nyc_taxi_pipeline.py
[2026-07-22T03:04:22.262+0000] {processor.py:830} INFO - Processing file /opt/airflow/dags/nyc_taxi_pipeline.py for tasks to queue
[2026-07-22T03:04:22.267+0000] {logging_mixin.py:188} INFO - [2026-07-22T03:04:22.266+0000] {dagbag.py:540} INFO - Filling up the DagBag from /opt/airflow/dags/nyc_taxi_pipeline.py
[2026-07-22T03:04:22.311+0000] {processor.py:840} INFO - DAG(s) 'nyc_taxi_pipeline' retrieved from /opt/airflow/dags/nyc_taxi_pipeline.py
[2026-07-22T03:04:22.480+0000] {logging_mixin.py:188} INFO - [2026-07-22T03:04:22.480+0000] {dag.py:3096} INFO - Sync 1 DAGs
[2026-07-22T03:04:22.528+0000] {logging_mixin.py:188} INFO - [2026-07-22T03:04:22.528+0000] {dag.py:3954} INFO - Setting next_dagrun for nyc_taxi_pipeline to None, run_after=None
[2026-07-22T03:04:23.306+0000] {processor.py:183} INFO - Processing /opt/airflow/dags/nyc_taxi_pipeline.py took 1.062 seconds
[2026-07-22T03:04:56.084+0000] {processor.py:161} INFO - Started process (PID=1051) to work on /opt/airflow/dags/nyc_taxi_pipeline.py
[2026-07-22T03:04:56.087+0000] {processor.py:830} INFO - Processing file /opt/airflow/dags/nyc_taxi_pipeline.py for tasks to queue
[2026-07-22T03:04:56.093+0000] {logging_mixin.py:188} INFO - [2026-07-22T03:04:56.092+0000] {dagbag.py:540} INFO - Filling up the DagBag from /opt/airflow/dags/nyc_taxi_pipeline.py
[2026-07-22T03:04:56.119+0000] {processor.py:840} INFO - DAG(s) 'nyc_taxi_pipeline' retrieved from /opt/airflow/dags/nyc_taxi_pipeline.py
[2026-07-22T03:04:56.314+0000] {logging_mixin.py:188} INFO - [2026-07-22T03:04:56.314+0000] {dag.py:3096} INFO - Sync 1 DAGs
[2026-07-22T03:04:56.340+0000] {logging_mixin.py:188} INFO - [2026-07-22T03:04:56.340+0000] {dag.py:3954} INFO - Setting next_dagrun for nyc_taxi_pipeline to None, run_after=None
[2026-07-22T03:04:56.385+0000] {processor.py:183} INFO - Processing /opt/airflow/dags/nyc_taxi_pipeline.py took 0.312 seconds
[2026-07-22T03:05:28.788+0000] {processor.py:161} INFO - Started process (PID=1056) to work on /opt/airflow/dags/nyc_taxi_pipeline.py
[2026-07-22T03:05:28.791+0000] {processor.py:830} INFO - Processing file /opt/airflow/dags/nyc_taxi_pipeline.py for tasks to queue
[2026-07-22T03:05:28.794+0000] {logging_mixin.py:188} INFO - [2026-07-22T03:05:28.793+0000] {dagbag.py:540} INFO - Filling up the DagBag from /opt/airflow/dags/nyc_taxi_pipeline.py
[2026-07-22T03:05:28.820+0000] {processor.py:840} INFO - DAG(s) 'nyc_taxi_pipeline' retrieved from /opt/airflow/dags/nyc_taxi_pipeline.py
[2026-07-22T03:05:28.905+0000] {logging_mixin.py:188} INFO - [2026-07-22T03:05:28.905+0000] {dag.py:3096} INFO - Sync 1 DAGs
[2026-07-22T03:05:28.924+0000] {logging_mixin.py:188} INFO - [2026-07-22T03:05:28.924+0000] {dag.py:3954} INFO - Setting next_dagrun for nyc_taxi_pipeline to None, run_after=None
[2026-07-22T03:05:28.978+0000] {processor.py:183} INFO - Processing /opt/airflow/dags/nyc_taxi_pipeline.py took 0.198 seconds
[2026-07-22T03:06:02.501+0000] {processor.py:161} INFO - Started process (PID=1156) to work on /opt/airflow/dags/nyc_taxi_pipeline.py
[2026-07-22T03:06:02.503+0000] {processor.py:830} INFO - Processing file /opt/airflow/dags/nyc_taxi_pipeline.py for tasks to queue
[2026-07-22T03:06:02.516+0000] {logging_mixin.py:188} INFO - [2026-07-22T03:06:02.506+0000] {dagbag.py:540} INFO - Filling up the DagBag from /opt/airflow/dags/nyc_taxi_pipeline.py
[2026-07-22T03:06:02.708+0000] {processor.py:840} INFO - DAG(s) 'nyc_taxi_pipeline' retrieved from /opt/airflow/dags/nyc_taxi_pipeline.py
[2026-07-22T03:06:02.833+0000] {logging_mixin.py:188} INFO - [2026-07-22T03:06:02.833+0000] {dag.py:3096} INFO - Sync 1 DAGs
[2026-07-22T03:06:02.879+0000] {logging_mixin.py:188} INFO - [2026-07-22T03:06:02.879+0000] {dag.py:3954} INFO - Setting next_dagrun for nyc_taxi_pipeline to None, run_after=None
[2026-07-22T03:06:02.982+0000] {processor.py:183} INFO - Processing /opt/airflow/dags/nyc_taxi_pipeline.py took 0.500 seconds
[2026-07-22T03:06:35.946+0000] {processor.py:161} INFO - Started process (PID=1184) to work on /opt/airflow/dags/nyc_taxi_pipeline.py
[2026-07-22T03:06:35.995+0000] {processor.py:830} INFO - Processing file /opt/airflow/dags/nyc_taxi_pipeline.py for tasks to queue
[2026-07-22T03:06:36.028+0000] {logging_mixin.py:188} INFO - [2026-07-22T03:06:36.017+0000] {dagbag.py:540} INFO - Filling up the DagBag from /opt/airflow/dags/nyc_taxi_pipeline.py
[2026-07-22T03:06:36.392+0000] {processor.py:840} INFO - DAG(s) 'nyc_taxi_pipeline' retrieved from /opt/airflow/dags/nyc_taxi_pipeline.py
[2026-07-22T03:06:37.222+0000] {logging_mixin.py:188} INFO - [2026-07-22T03:06:37.218+0000] {dag.py:3096} INFO - Sync 1 DAGs
[2026-07-22T03:06:37.446+0000] {logging_mixin.py:188} INFO - [2026-07-22T03:06:37.446+0000] {dag.py:3954} INFO - Setting next_dagrun for nyc_taxi_pipeline to None, run_after=None
[2026-07-22T03:06:37.747+0000] {processor.py:183} INFO - Processing /opt/airflow/dags/nyc_taxi_pipeline.py took 1.841 seconds
[2026-07-22T03:07:08.058+0000] {processor.py:161} INFO - Started process (PID=1189) to work on /opt/airflow/dags/nyc_taxi_pipeline.py
[2026-07-22T03:07:08.062+0000] {processor.py:830} INFO - Processing file /opt/airflow/dags/nyc_taxi_pipeline.py for tasks to queue
[2026-07-22T03:07:08.073+0000] {logging_mixin.py:188} INFO - [2026-07-22T03:07:08.069+0000] {dagbag.py:540} INFO - Filling up the DagBag from /opt/airflow/dags/nyc_taxi_pipeline.py
[2026-07-22T03:07:08.183+0000] {processor.py:840} INFO - DAG(s) 'nyc_taxi_pipeline' retrieved from /opt/airflow/dags/nyc_taxi_pipeline.py
[2026-07-22T03:07:08.423+0000] {logging_mixin.py:188} INFO - [2026-07-22T03:07:08.421+0000] {dag.py:3096} INFO - Sync 1 DAGs
[2026-07-22T03:07:08.482+0000] {logging_mixin.py:188} INFO - [2026-07-22T03:07:08.482+0000] {dag.py:3954} INFO - Setting next_dagrun for nyc_taxi_pipeline to None, run_after=None
[2026-07-22T03:07:08.608+0000] {processor.py:183} INFO - Processing /opt/airflow/dags/nyc_taxi_pipeline.py took 0.574 seconds
[2026-07-22T03:08:03.725+0000] {processor.py:161} INFO - Started process (PID=162) to work on /opt/airflow/dags/nyc_taxi_pipeline.py
[2026-07-22T03:08:03.728+0000] {processor.py:830} INFO - Processing file /opt/airflow/dags/nyc_taxi_pipeline.py for tasks to queue
[2026-07-22T03:08:03.732+0000] {logging_mixin.py:188} INFO - [2026-07-22T03:08:03.731+0000] {dagbag.py:540} INFO - Filling up the DagBag from /opt/airflow/dags/nyc_taxi_pipeline.py
[2026-07-22T03:08:03.759+0000] {processor.py:840} INFO - DAG(s) 'nyc_taxi_pipeline' retrieved from /opt/airflow/dags/nyc_taxi_pipeline.py
[2026-07-22T03:08:03.901+0000] {logging_mixin.py:188} INFO - [2026-07-22T03:08:03.900+0000] {dag.py:3096} INFO - Sync 1 DAGs
[2026-07-22T03:08:03.919+0000] {logging_mixin.py:188} INFO - [2026-07-22T03:08:03.919+0000] {dag.py:3954} INFO - Setting next_dagrun for nyc_taxi_pipeline to None, run_after=None
[2026-07-22T03:08:03.957+0000] {processor.py:183} INFO - Processing /opt/airflow/dags/nyc_taxi_pipeline.py took 0.243 seconds
[2026-07-22T03:08:34.144+0000] {processor.py:161} INFO - Started process (PID=168) to work on /opt/airflow/dags/nyc_taxi_pipeline.py
[2026-07-22T03:08:34.146+0000] {processor.py:830} INFO - Processing file /opt/airflow/dags/nyc_taxi_pipeline.py for tasks to queue
[2026-07-22T03:08:34.150+0000] {logging_mixin.py:188} INFO - [2026-07-22T03:08:34.150+0000] {dagbag.py:540} INFO - Filling up the DagBag from /opt/airflow/dags/nyc_taxi_pipeline.py
[2026-07-22T03:08:34.188+0000] {processor.py:840} INFO - DAG(s) 'nyc_taxi_pipeline' retrieved from /opt/airflow/dags/nyc_taxi_pipeline.py
[2026-07-22T03:08:34.279+0000] {logging_mixin.py:188} INFO - [2026-07-22T03:08:34.278+0000] {dag.py:3096} INFO - Sync 1 DAGs
[2026-07-22T03:08:34.300+0000] {logging_mixin.py:188} INFO - [2026-07-22T03:08:34.299+0000] {dag.py:3954} INFO - Setting next_dagrun for nyc_taxi_pipeline to None, run_after=None
[2026-07-22T03:08:34.343+0000] {processor.py:183} INFO - Processing /opt/airflow/dags/nyc_taxi_pipeline.py took 0.212 seconds
[2026-07-22T03:09:04.483+0000] {processor.py:161} INFO - Started process (PID=173) to work on /opt/airflow/dags/nyc_taxi_pipeline.py
[2026-07-22T03:09:04.485+0000] {processor.py:830} INFO - Processing file /opt/airflow/dags/nyc_taxi_pipeline.py for tasks to queue
[2026-07-22T03:09:04.488+0000] {logging_mixin.py:188} INFO - [2026-07-22T03:09:04.488+0000] {dagbag.py:540} INFO - Filling up the DagBag from /opt/airflow/dags/nyc_taxi_pipeline.py
[2026-07-22T03:09:04.517+0000] {processor.py:840} INFO - DAG(s) 'nyc_taxi_pipeline' retrieved from /opt/airflow/dags/nyc_taxi_pipeline.py
[2026-07-22T03:09:04.615+0000] {logging_mixin.py:188} INFO - [2026-07-22T03:09:04.615+0000] {dag.py:3096} INFO - Sync 1 DAGs
[2026-07-22T03:09:04.638+0000] {logging_mixin.py:188} INFO - [2026-07-22T03:09:04.637+0000] {dag.py:3954} INFO - Setting next_dagrun for nyc_taxi_pipeline to None, run_after=None
[2026-07-22T03:09:04.678+0000] {processor.py:183} INFO - Processing /opt/airflow/dags/nyc_taxi_pipeline.py took 0.202 seconds
[2026-07-22T03:09:35.204+0000] {processor.py:161} INFO - Started process (PID=178) to work on /opt/airflow/dags/nyc_taxi_pipeline.py
[2026-07-22T03:09:35.206+0000] {processor.py:830} INFO - Processing file /opt/airflow/dags/nyc_taxi_pipeline.py for tasks to queue
[2026-07-22T03:09:35.210+0000] {logging_mixin.py:188} INFO - [2026-07-22T03:09:35.210+0000] {dagbag.py:540} INFO - Filling up the DagBag from /opt/airflow/dags/nyc_taxi_pipeline.py
[2026-07-22T03:09:35.236+0000] {processor.py:840} INFO - DAG(s) 'nyc_taxi_pipeline' retrieved from /opt/airflow/dags/nyc_taxi_pipeline.py
[2026-07-22T03:09:35.451+0000] {logging_mixin.py:188} INFO - [2026-07-22T03:09:35.450+0000] {dag.py:3096} INFO - Sync 1 DAGs
[2026-07-22T03:09:35.473+0000] {logging_mixin.py:188} INFO - [2026-07-22T03:09:35.473+0000] {dag.py:3954} INFO - Setting next_dagrun for nyc_taxi_pipeline to None, run_after=None
[2026-07-22T03:09:35.514+0000] {processor.py:183} INFO - Processing /opt/airflow/dags/nyc_taxi_pipeline.py took 0.318 seconds
[2026-07-22T03:10:06.230+0000] {processor.py:161} INFO - Started process (PID=183) to work on /opt/airflow/dags/nyc_taxi_pipeline.py
[2026-07-22T03:10:06.232+0000] {processor.py:830} INFO - Processing file /opt/airflow/dags/nyc_taxi_pipeline.py for tasks to queue
[2026-07-22T03:10:06.238+0000] {logging_mixin.py:188} INFO - [2026-07-22T03:10:06.237+0000] {dagbag.py:540} INFO - Filling up the DagBag from /opt/airflow/dags/nyc_taxi_pipeline.py
[2026-07-22T03:10:06.270+0000] {processor.py:840} INFO - DAG(s) 'nyc_taxi_pipeline' retrieved from /opt/airflow/dags/nyc_taxi_pipeline.py
[2026-07-22T03:10:06.362+0000] {logging_mixin.py:188} INFO - [2026-07-22T03:10:06.362+0000] {dag.py:3096} INFO - Sync 1 DAGs
[2026-07-22T03:10:06.392+0000] {logging_mixin.py:188} INFO - [2026-07-22T03:10:06.392+0000] {dag.py:3954} INFO - Setting next_dagrun for nyc_taxi_pipeline to None, run_after=None
[2026-07-22T03:10:06.439+0000] {processor.py:183} INFO - Processing /opt/airflow/dags/nyc_taxi_pipeline.py took 0.221 seconds
[2026-07-22T03:10:36.958+0000] {processor.py:161} INFO - Started process (PID=365) to work on /opt/airflow/dags/nyc_taxi_pipeline.py
[2026-07-22T03:10:36.960+0000] {processor.py:830} INFO - Processing file /opt/airflow/dags/nyc_taxi_pipeline.py for tasks to queue
[2026-07-22T03:10:36.964+0000] {logging_mixin.py:188} INFO - [2026-07-22T03:10:36.964+0000] {dagbag.py:540} INFO - Filling up the DagBag from /opt/airflow/dags/nyc_taxi_pipeline.py
[2026-07-22T03:10:37.003+0000] {processor.py:840} INFO - DAG(s) 'nyc_taxi_pipeline' retrieved from /opt/airflow/dags/nyc_taxi_pipeline.py
[2026-07-22T03:10:37.167+0000] {logging_mixin.py:188} INFO - [2026-07-22T03:10:37.167+0000] {dag.py:3096} INFO - Sync 1 DAGs
[2026-07-22T03:10:37.195+0000] {logging_mixin.py:188} INFO - [2026-07-22T03:10:37.195+0000] {dag.py:3954} INFO - Setting next_dagrun for nyc_taxi_pipeline to None, run_after=None
[2026-07-22T03:10:37.240+0000] {processor.py:183} INFO - Processing /opt/airflow/dags/nyc_taxi_pipeline.py took 0.294 seconds
[2026-07-22T03:11:07.428+0000] {processor.py:161} INFO - Started process (PID=413) to work on /opt/airflow/dags/nyc_taxi_pipeline.py
[2026-07-22T03:11:07.431+0000] {processor.py:830} INFO - Processing file /opt/airflow/dags/nyc_taxi_pipeline.py for tasks to queue
[2026-07-22T03:11:07.438+0000] {logging_mixin.py:188} INFO - [2026-07-22T03:11:07.437+0000] {dagbag.py:540} INFO - Filling up the DagBag from /opt/airflow/dags/nyc_taxi_pipeline.py
[2026-07-22T03:11:07.491+0000] {processor.py:840} INFO - DAG(s) 'nyc_taxi_pipeline' retrieved from /opt/airflow/dags/nyc_taxi_pipeline.py
[2026-07-22T03:11:07.925+0000] {logging_mixin.py:188} INFO - [2026-07-22T03:11:07.925+0000] {dag.py:3096} INFO - Sync 1 DAGs
[2026-07-22T03:11:08.023+0000] {logging_mixin.py:188} INFO - [2026-07-22T03:11:08.023+0000] {dag.py:3954} INFO - Setting next_dagrun for nyc_taxi_pipeline to None, run_after=None
[2026-07-22T03:11:08.265+0000] {processor.py:183} INFO - Processing /opt/airflow/dags/nyc_taxi_pipeline.py took 0.852 seconds
[2026-07-22T03:11:38.830+0000] {processor.py:161} INFO - Started process (PID=420) to work on /opt/airflow/dags/nyc_taxi_pipeline.py
[2026-07-22T03:11:38.832+0000] {processor.py:830} INFO - Processing file /opt/airflow/dags/nyc_taxi_pipeline.py for tasks to queue
[2026-07-22T03:11:38.839+0000] {logging_mixin.py:188} INFO - [2026-07-22T03:11:38.838+0000] {dagbag.py:540} INFO - Filling up the DagBag from /opt/airflow/dags/nyc_taxi_pipeline.py
[2026-07-22T03:11:38.879+0000] {processor.py:840} INFO - DAG(s) 'nyc_taxi_pipeline' retrieved from /opt/airflow/dags/nyc_taxi_pipeline.py
[2026-07-22T03:11:39.120+0000] {logging_mixin.py:188} INFO - [2026-07-22T03:11:39.119+0000] {dag.py:3096} INFO - Sync 1 DAGs
[2026-07-22T03:11:39.153+0000] {logging_mixin.py:188} INFO - [2026-07-22T03:11:39.153+0000] {dag.py:3954} INFO - Setting next_dagrun for nyc_taxi_pipeline to None, run_after=None
[2026-07-22T03:11:39.225+0000] {processor.py:183} INFO - Processing /opt/airflow/dags/nyc_taxi_pipeline.py took 0.418 seconds
[2026-07-22T03:12:09.444+0000] {processor.py:161} INFO - Started process (PID=521) to work on /opt/airflow/dags/nyc_taxi_pipeline.py
[2026-07-22T03:12:09.455+0000] {processor.py:830} INFO - Processing file /opt/airflow/dags/nyc_taxi_pipeline.py for tasks to queue
[2026-07-22T03:12:09.462+0000] {logging_mixin.py:188} INFO - [2026-07-22T03:12:09.460+0000] {dagbag.py:540} INFO - Filling up the DagBag from /opt/airflow/dags/nyc_taxi_pipeline.py
[2026-07-22T03:12:09.708+0000] {processor.py:840} INFO - DAG(s) 'nyc_taxi_pipeline' retrieved from /opt/airflow/dags/nyc_taxi_pipeline.py
[2026-07-22T03:12:10.095+0000] {logging_mixin.py:188} INFO - [2026-07-22T03:12:10.095+0000] {dag.py:3096} INFO - Sync 1 DAGs
[2026-07-22T03:12:10.179+0000] {logging_mixin.py:188} INFO - [2026-07-22T03:12:10.178+0000] {dag.py:3954} INFO - Setting next_dagrun for nyc_taxi_pipeline to None, run_after=None
[2026-07-22T03:12:10.341+0000] {processor.py:183} INFO - Processing /opt/airflow/dags/nyc_taxi_pipeline.py took 0.920 seconds
[2026-07-22T03:12:40.757+0000] {processor.py:161} INFO - Started process (PID=539) to work on /opt/airflow/dags/nyc_taxi_pipeline.py
[2026-07-22T03:12:40.764+0000] {processor.py:830} INFO - Processing file /opt/airflow/dags/nyc_taxi_pipeline.py for tasks to queue
[2026-07-22T03:12:40.777+0000] {logging_mixin.py:188} INFO - [2026-07-22T03:12:40.772+0000] {dagbag.py:540} INFO - Filling up the DagBag from /opt/airflow/dags/nyc_taxi_pipeline.py
[2026-07-22T03:12:41.215+0000] {processor.py:840} INFO - DAG(s) 'nyc_taxi_pipeline' retrieved from /opt/airflow/dags/nyc_taxi_pipeline.py
[2026-07-22T03:12:42.198+0000] {logging_mixin.py:188} INFO - [2026-07-22T03:12:42.197+0000] {dag.py:3096} INFO - Sync 1 DAGs
[2026-07-22T03:12:42.706+0000] {logging_mixin.py:188} INFO - [2026-07-22T03:12:42.705+0000] {dag.py:3954} INFO - Setting next_dagrun for nyc_taxi_pipeline to None, run_after=None
[2026-07-22T03:12:43.278+0000] {processor.py:183} INFO - Processing /opt/airflow/dags/nyc_taxi_pipeline.py took 2.559 seconds
[2026-07-22T03:13:13.579+0000] {processor.py:161} INFO - Started process (PID=544) to work on /opt/airflow/dags/nyc_taxi_pipeline.py
[2026-07-22T03:13:13.584+0000] {processor.py:830} INFO - Processing file /opt/airflow/dags/nyc_taxi_pipeline.py for tasks to queue
[2026-07-22T03:13:13.590+0000] {logging_mixin.py:188} INFO - [2026-07-22T03:13:13.589+0000] {dagbag.py:540} INFO - Filling up the DagBag from /opt/airflow/dags/nyc_taxi_pipeline.py
[2026-07-22T03:13:13.732+0000] {processor.py:840} INFO - DAG(s) 'nyc_taxi_pipeline' retrieved from /opt/airflow/dags/nyc_taxi_pipeline.py
[2026-07-22T03:13:13.953+0000] {logging_mixin.py:188} INFO - [2026-07-22T03:13:13.953+0000] {dag.py:3096} INFO - Sync 1 DAGs
[2026-07-22T03:13:14.024+0000] {logging_mixin.py:188} INFO - [2026-07-22T03:13:14.023+0000] {dag.py:3954} INFO - Setting next_dagrun for nyc_taxi_pipeline to None, run_after=None
[2026-07-22T03:13:14.123+0000] {processor.py:183} INFO - Processing /opt/airflow/dags/nyc_taxi_pipeline.py took 0.571 seconds
[2026-07-22T03:13:44.771+0000] {processor.py:161} INFO - Started process (PID=602) to work on /opt/airflow/dags/nyc_taxi_pipeline.py
[2026-07-22T03:13:44.784+0000] {processor.py:830} INFO - Processing file /opt/airflow/dags/nyc_taxi_pipeline.py for tasks to queue
[2026-07-22T03:13:44.804+0000] {logging_mixin.py:188} INFO - [2026-07-22T03:13:44.795+0000] {dagbag.py:540} INFO - Filling up the DagBag from /opt/airflow/dags/nyc_taxi_pipeline.py
[2026-07-22T03:13:45.111+0000] {processor.py:840} INFO - DAG(s) 'nyc_taxi_pipeline' retrieved from /opt/airflow/dags/nyc_taxi_pipeline.py
[2026-07-22T03:13:46.479+0000] {logging_mixin.py:188} INFO - [2026-07-22T03:13:46.462+0000] {dag.py:3096} INFO - Sync 1 DAGs
[2026-07-22T03:13:46.600+0000] {logging_mixin.py:188} INFO - [2026-07-22T03:13:46.600+0000] {dag.py:3954} INFO - Setting next_dagrun for nyc_taxi_pipeline to None, run_after=None
[2026-07-22T03:13:46.901+0000] {processor.py:183} INFO - Processing /opt/airflow/dags/nyc_taxi_pipeline.py took 2.200 seconds
[2026-07-22T03:14:17.412+0000] {processor.py:161} INFO - Started process (PID=642) to work on /opt/airflow/dags/nyc_taxi_pipeline.py
[2026-07-22T03:14:17.416+0000] {processor.py:830} INFO - Processing file /opt/airflow/dags/nyc_taxi_pipeline.py for tasks to queue
[2026-07-22T03:14:17.443+0000] {logging_mixin.py:188} INFO - [2026-07-22T03:14:17.442+0000] {dagbag.py:540} INFO - Filling up the DagBag from /opt/airflow/dags/nyc_taxi_pipeline.py
[2026-07-22T03:14:17.559+0000] {processor.py:840} INFO - DAG(s) 'nyc_taxi_pipeline' retrieved from /opt/airflow/dags/nyc_taxi_pipeline.py
[2026-07-22T03:14:17.808+0000] {logging_mixin.py:188} INFO - [2026-07-22T03:14:17.808+0000] {dag.py:3096} INFO - Sync 1 DAGs
[2026-07-22T03:14:17.915+0000] {logging_mixin.py:188} INFO - [2026-07-22T03:14:17.915+0000] {dag.py:3954} INFO - Setting next_dagrun for nyc_taxi_pipeline to None, run_after=None
[2026-07-22T03:14:18.118+0000] {processor.py:183} INFO - Processing /opt/airflow/dags/nyc_taxi_pipeline.py took 0.736 seconds
[2026-07-22T03:14:49.393+0000] {processor.py:161} INFO - Started process (PID=668) to work on /opt/airflow/dags/nyc_taxi_pipeline.py
[2026-07-22T03:14:49.408+0000] {processor.py:830} INFO - Processing file /opt/airflow/dags/nyc_taxi_pipeline.py for tasks to queue
[2026-07-22T03:14:49.424+0000] {logging_mixin.py:188} INFO - [2026-07-22T03:14:49.423+0000] {dagbag.py:540} INFO - Filling up the DagBag from /opt/airflow/dags/nyc_taxi_pipeline.py
[2026-07-22T03:14:49.587+0000] {processor.py:840} INFO - DAG(s) 'nyc_taxi_pipeline' retrieved from /opt/airflow/dags/nyc_taxi_pipeline.py
[2026-07-22T03:14:49.832+0000] {logging_mixin.py:188} INFO - [2026-07-22T03:14:49.832+0000] {dag.py:3096} INFO - Sync 1 DAGs
[2026-07-22T03:14:49.900+0000] {logging_mixin.py:188} INFO - [2026-07-22T03:14:49.900+0000] {dag.py:3954} INFO - Setting next_dagrun for nyc_taxi_pipeline to None, run_after=None
[2026-07-22T03:14:50.020+0000] {processor.py:183} INFO - Processing /opt/airflow/dags/nyc_taxi_pipeline.py took 0.705 seconds
[2026-07-22T03:15:20.580+0000] {processor.py:161} INFO - Started process (PID=720) to work on /opt/airflow/dags/nyc_taxi_pipeline.py
[2026-07-22T03:15:20.589+0000] {processor.py:830} INFO - Processing file /opt/airflow/dags/nyc_taxi_pipeline.py for tasks to queue
[2026-07-22T03:15:20.597+0000] {logging_mixin.py:188} INFO - [2026-07-22T03:15:20.596+0000] {dagbag.py:540} INFO - Filling up the DagBag from /opt/airflow/dags/nyc_taxi_pipeline.py
[2026-07-22T03:15:20.709+0000] {processor.py:840} INFO - DAG(s) 'nyc_taxi_pipeline' retrieved from /opt/airflow/dags/nyc_taxi_pipeline.py
[2026-07-22T03:15:21.034+0000] {logging_mixin.py:188} INFO - [2026-07-22T03:15:21.033+0000] {dag.py:3096} INFO - Sync 1 DAGs
[2026-07-22T03:15:21.108+0000] {logging_mixin.py:188} INFO - [2026-07-22T03:15:21.107+0000] {dag.py:3954} INFO - Setting next_dagrun for nyc_taxi_pipeline to None, run_after=None
[2026-07-22T03:15:21.216+0000] {processor.py:183} INFO - Processing /opt/airflow/dags/nyc_taxi_pipeline.py took 0.655 seconds
[2026-07-22T03:15:51.815+0000] {processor.py:161} INFO - Started process (PID=733) to work on /opt/airflow/dags/nyc_taxi_pipeline.py
[2026-07-22T03:15:51.818+0000] {processor.py:830} INFO - Processing file /opt/airflow/dags/nyc_taxi_pipeline.py for tasks to queue
[2026-07-22T03:15:51.833+0000] {logging_mixin.py:188} INFO - [2026-07-22T03:15:51.832+0000] {dagbag.py:540} INFO - Filling up the DagBag from /opt/airflow/dags/nyc_taxi_pipeline.py
[2026-07-22T03:15:51.897+0000] {processor.py:840} INFO - DAG(s) 'nyc_taxi_pipeline' retrieved from /opt/airflow/dags/nyc_taxi_pipeline.py
[2026-07-22T03:15:52.121+0000] {logging_mixin.py:188} INFO - [2026-07-22T03:15:52.120+0000] {dag.py:3096} INFO - Sync 1 DAGs
[2026-07-22T03:15:52.192+0000] {logging_mixin.py:188} INFO - [2026-07-22T03:15:52.192+0000] {dag.py:3954} INFO - Setting next_dagrun for nyc_taxi_pipeline to None, run_after=None
[2026-07-22T03:15:52.316+0000] {processor.py:183} INFO - Processing /opt/airflow/dags/nyc_taxi_pipeline.py took 0.525 seconds
[2026-07-22T03:16:22.498+0000] {processor.py:161} INFO - Started process (PID=738) to work on /opt/airflow/dags/nyc_taxi_pipeline.py
[2026-07-22T03:16:22.501+0000] {processor.py:830} INFO - Processing file /opt/airflow/dags/nyc_taxi_pipeline.py for tasks to queue
[2026-07-22T03:16:22.505+0000] {logging_mixin.py:188} INFO - [2026-07-22T03:16:22.504+0000] {dagbag.py:540} INFO - Filling up the DagBag from /opt/airflow/dags/nyc_taxi_pipeline.py
[2026-07-22T03:16:22.541+0000] {processor.py:840} INFO - DAG(s) 'nyc_taxi_pipeline' retrieved from /opt/airflow/dags/nyc_taxi_pipeline.py
[2026-07-22T03:16:22.777+0000] {logging_mixin.py:188} INFO - [2026-07-22T03:16:22.776+0000] {dag.py:3096} INFO - Sync 1 DAGs
[2026-07-22T03:16:22.810+0000] {logging_mixin.py:188} INFO - [2026-07-22T03:16:22.810+0000] {dag.py:3954} INFO - Setting next_dagrun for nyc_taxi_pipeline to None, run_after=None
[2026-07-22T03:16:22.870+0000] {processor.py:183} INFO - Processing /opt/airflow/dags/nyc_taxi_pipeline.py took 0.384 seconds
[2026-07-22T03:16:53.361+0000] {processor.py:161} INFO - Started process (PID=764) to work on /opt/airflow/dags/nyc_taxi_pipeline.py
[2026-07-22T03:16:53.363+0000] {processor.py:830} INFO - Processing file /opt/airflow/dags/nyc_taxi_pipeline.py for tasks to queue
[2026-07-22T03:16:53.366+0000] {logging_mixin.py:188} INFO - [2026-07-22T03:16:53.365+0000] {dagbag.py:540} INFO - Filling up the DagBag from /opt/airflow/dags/nyc_taxi_pipeline.py
[2026-07-22T03:16:53.427+0000] {processor.py:840} INFO - DAG(s) 'nyc_taxi_pipeline' retrieved from /opt/airflow/dags/nyc_taxi_pipeline.py
[2026-07-22T03:16:53.842+0000] {logging_mixin.py:188} INFO - [2026-07-22T03:16:53.841+0000] {dag.py:3096} INFO - Sync 1 DAGs
[2026-07-22T03:16:53.936+0000] {logging_mixin.py:188} INFO - [2026-07-22T03:16:53.936+0000] {dag.py:3954} INFO - Setting next_dagrun for nyc_taxi_pipeline to None, run_after=None
[2026-07-22T03:16:54.343+0000] {processor.py:183} INFO - Processing /opt/airflow/dags/nyc_taxi_pipeline.py took 0.994 seconds
[2026-07-22T03:17:24.634+0000] {processor.py:161} INFO - Started process (PID=769) to work on /opt/airflow/dags/nyc_taxi_pipeline.py
[2026-07-22T03:17:24.641+0000] {processor.py:830} INFO - Processing file /opt/airflow/dags/nyc_taxi_pipeline.py for tasks to queue
[2026-07-22T03:17:24.657+0000] {logging_mixin.py:188} INFO - [2026-07-22T03:17:24.656+0000] {dagbag.py:540} INFO - Filling up the DagBag from /opt/airflow/dags/nyc_taxi_pipeline.py
[2026-07-22T03:17:24.754+0000] {processor.py:840} INFO - DAG(s) 'nyc_taxi_pipeline' retrieved from /opt/airflow/dags/nyc_taxi_pipeline.py
[2026-07-22T03:17:25.291+0000] {logging_mixin.py:188} INFO - [2026-07-22T03:17:25.290+0000] {dag.py:3096} INFO - Sync 1 DAGs
[2026-07-22T03:17:25.366+0000] {logging_mixin.py:188} INFO - [2026-07-22T03:17:25.365+0000] {dag.py:3954} INFO - Setting next_dagrun for nyc_taxi_pipeline to None, run_after=None
[2026-07-22T03:17:25.680+0000] {processor.py:183} INFO - Processing /opt/airflow/dags/nyc_taxi_pipeline.py took 1.085 seconds
[2026-07-22T03:17:56.305+0000] {processor.py:161} INFO - Started process (PID=799) to work on /opt/airflow/dags/nyc_taxi_pipeline.py
[2026-07-22T03:17:56.306+0000] {processor.py:830} INFO - Processing file /opt/airflow/dags/nyc_taxi_pipeline.py for tasks to queue
[2026-07-22T03:17:56.314+0000] {logging_mixin.py:188} INFO - [2026-07-22T03:17:56.313+0000] {dagbag.py:540} INFO - Filling up the DagBag from /opt/airflow/dags/nyc_taxi_pipeline.py
[2026-07-22T03:17:56.336+0000] {processor.py:840} INFO - DAG(s) 'nyc_taxi_pipeline' retrieved from /opt/airflow/dags/nyc_taxi_pipeline.py
[2026-07-22T03:17:56.697+0000] {logging_mixin.py:188} INFO - [2026-07-22T03:17:56.697+0000] {dag.py:3096} INFO - Sync 1 DAGs
[2026-07-22T03:17:56.748+0000] {logging_mixin.py:188} INFO - [2026-07-22T03:17:56.748+0000] {dag.py:3954} INFO - Setting next_dagrun for nyc_taxi_pipeline to None, run_after=None
[2026-07-22T03:17:57.052+0000] {processor.py:183} INFO - Processing /opt/airflow/dags/nyc_taxi_pipeline.py took 0.754 seconds
[2026-07-22T03:18:27.875+0000] {processor.py:161} INFO - Started process (PID=804) to work on /opt/airflow/dags/nyc_taxi_pipeline.py
[2026-07-22T03:18:27.879+0000] {processor.py:830} INFO - Processing file /opt/airflow/dags/nyc_taxi_pipeline.py for tasks to queue
[2026-07-22T03:18:27.891+0000] {logging_mixin.py:188} INFO - [2026-07-22T03:18:27.887+0000] {dagbag.py:540} INFO - Filling up the DagBag from /opt/airflow/dags/nyc_taxi_pipeline.py
[2026-07-22T03:18:27.916+0000] {processor.py:840} INFO - DAG(s) 'nyc_taxi_pipeline' retrieved from /opt/airflow/dags/nyc_taxi_pipeline.py
[2026-07-22T03:18:28.596+0000] {logging_mixin.py:188} INFO - [2026-07-22T03:18:28.595+0000] {dag.py:3096} INFO - Sync 1 DAGs
[2026-07-22T03:18:28.700+0000] {logging_mixin.py:188} INFO - [2026-07-22T03:18:28.699+0000] {dag.py:3954} INFO - Setting next_dagrun for nyc_taxi_pipeline to None, run_after=None
[2026-07-22T03:18:29.196+0000] {processor.py:183} INFO - Processing /opt/airflow/dags/nyc_taxi_pipeline.py took 1.340 seconds
[2026-07-22T03:18:59.598+0000] {processor.py:161} INFO - Started process (PID=809) to work on /opt/airflow/dags/nyc_taxi_pipeline.py
[2026-07-22T03:18:59.603+0000] {processor.py:830} INFO - Processing file /opt/airflow/dags/nyc_taxi_pipeline.py for tasks to queue
[2026-07-22T03:18:59.620+0000] {logging_mixin.py:188} INFO - [2026-07-22T03:18:59.619+0000] {dagbag.py:540} INFO - Filling up the DagBag from /opt/airflow/dags/nyc_taxi_pipeline.py
[2026-07-22T03:18:59.782+0000] {processor.py:840} INFO - DAG(s) 'nyc_taxi_pipeline' retrieved from /opt/airflow/dags/nyc_taxi_pipeline.py
[2026-07-22T03:19:00.117+0000] {logging_mixin.py:188} INFO - [2026-07-22T03:19:00.117+0000] {dag.py:3096} INFO - Sync 1 DAGs
[2026-07-22T03:19:00.191+0000] {logging_mixin.py:188} INFO - [2026-07-22T03:19:00.191+0000] {dag.py:3954} INFO - Setting next_dagrun for nyc_taxi_pipeline to None, run_after=None
[2026-07-22T03:19:00.527+0000] {processor.py:183} INFO - Processing /opt/airflow/dags/nyc_taxi_pipeline.py took 0.954 seconds
[2026-07-22T03:19:30.975+0000] {processor.py:161} INFO - Started process (PID=814) to work on /opt/airflow/dags/nyc_taxi_pipeline.py
[2026-07-22T03:19:30.980+0000] {processor.py:830} INFO - Processing file /opt/airflow/dags/nyc_taxi_pipeline.py for tasks to queue
[2026-07-22T03:19:30.993+0000] {logging_mixin.py:188} INFO - [2026-07-22T03:19:30.992+0000] {dagbag.py:540} INFO - Filling up the DagBag from /opt/airflow/dags/nyc_taxi_pipeline.py
[2026-07-22T03:19:31.207+0000] {processor.py:840} INFO - DAG(s) 'nyc_taxi_pipeline' retrieved from /opt/airflow/dags/nyc_taxi_pipeline.py
[2026-07-22T03:19:32.711+0000] {logging_mixin.py:188} INFO - [2026-07-22T03:19:32.711+0000] {dag.py:3096} INFO - Sync 1 DAGs
[2026-07-22T03:19:32.807+0000] {logging_mixin.py:188} INFO - [2026-07-22T03:19:32.807+0000] {dag.py:3954} INFO - Setting next_dagrun for nyc_taxi_pipeline to None, run_after=None
[2026-07-22T03:19:33.215+0000] {processor.py:183} INFO - Processing /opt/airflow/dags/nyc_taxi_pipeline.py took 2.261 seconds
[2026-07-22T03:20:03.729+0000] {processor.py:161} INFO - Started process (PID=819) to work on /opt/airflow/dags/nyc_taxi_pipeline.py
[2026-07-22T03:20:03.745+0000] {processor.py:830} INFO - Processing file /opt/airflow/dags/nyc_taxi_pipeline.py for tasks to queue
[2026-07-22T03:20:03.759+0000] {logging_mixin.py:188} INFO - [2026-07-22T03:20:03.755+0000] {dagbag.py:540} INFO - Filling up the DagBag from /opt/airflow/dags/nyc_taxi_pipeline.py
[2026-07-22T03:20:03.864+0000] {processor.py:840} INFO - DAG(s) 'nyc_taxi_pipeline' retrieved from /opt/airflow/dags/nyc_taxi_pipeline.py
[2026-07-22T03:20:04.538+0000] {logging_mixin.py:188} INFO - [2026-07-22T03:20:04.538+0000] {dag.py:3096} INFO - Sync 1 DAGs
[2026-07-22T03:20:04.690+0000] {logging_mixin.py:188} INFO - [2026-07-22T03:20:04.690+0000] {dag.py:3954} INFO - Setting next_dagrun for nyc_taxi_pipeline to None, run_after=None
[2026-07-22T03:20:05.162+0000] {processor.py:183} INFO - Processing /opt/airflow/dags/nyc_taxi_pipeline.py took 1.112 seconds
[2026-07-22T03:20:36.066+0000] {processor.py:161} INFO - Started process (PID=824) to work on /opt/airflow/dags/nyc_taxi_pipeline.py
[2026-07-22T03:20:36.071+0000] {processor.py:830} INFO - Processing file /opt/airflow/dags/nyc_taxi_pipeline.py for tasks to queue
[2026-07-22T03:20:36.085+0000] {logging_mixin.py:188} INFO - [2026-07-22T03:20:36.084+0000] {dagbag.py:540} INFO - Filling up the DagBag from /opt/airflow/dags/nyc_taxi_pipeline.py
[2026-07-22T03:20:36.238+0000] {processor.py:840} INFO - DAG(s) 'nyc_taxi_pipeline' retrieved from /opt/airflow/dags/nyc_taxi_pipeline.py
[2026-07-22T03:20:36.661+0000] {logging_mixin.py:188} INFO - [2026-07-22T03:20:36.660+0000] {dag.py:3096} INFO - Sync 1 DAGs
[2026-07-22T03:20:36.763+0000] {logging_mixin.py:188} INFO - [2026-07-22T03:20:36.762+0000] {dag.py:3954} INFO - Setting next_dagrun for nyc_taxi_pipeline to None, run_after=None
[2026-07-22T03:20:37.266+0000] {processor.py:183} INFO - Processing /opt/airflow/dags/nyc_taxi_pipeline.py took 1.222 seconds
[2026-07-22T03:21:07.765+0000] {processor.py:161} INFO - Started process (PID=829) to work on /opt/airflow/dags/nyc_taxi_pipeline.py
[2026-07-22T03:21:07.772+0000] {processor.py:830} INFO - Processing file /opt/airflow/dags/nyc_taxi_pipeline.py for tasks to queue
[2026-07-22T03:21:07.783+0000] {logging_mixin.py:188} INFO - [2026-07-22T03:21:07.782+0000] {dagbag.py:540} INFO - Filling up the DagBag from /opt/airflow/dags/nyc_taxi_pipeline.py
[2026-07-22T03:21:07.923+0000] {processor.py:840} INFO - DAG(s) 'nyc_taxi_pipeline' retrieved from /opt/airflow/dags/nyc_taxi_pipeline.py
[2026-07-22T03:21:08.367+0000] {logging_mixin.py:188} INFO - [2026-07-22T03:21:08.358+0000] {dag.py:3096} INFO - Sync 1 DAGs
[2026-07-22T03:21:08.481+0000] {logging_mixin.py:188} INFO - [2026-07-22T03:21:08.480+0000] {dag.py:3954} INFO - Setting next_dagrun for nyc_taxi_pipeline to None, run_after=None
[2026-07-22T03:21:08.817+0000] {processor.py:183} INFO - Processing /opt/airflow/dags/nyc_taxi_pipeline.py took 1.069 seconds
[2026-07-22T03:21:39.553+0000] {processor.py:161} INFO - Started process (PID=834) to work on /opt/airflow/dags/nyc_taxi_pipeline.py
[2026-07-22T03:21:39.560+0000] {processor.py:830} INFO - Processing file /opt/airflow/dags/nyc_taxi_pipeline.py for tasks to queue
[2026-07-22T03:21:39.582+0000] {logging_mixin.py:188} INFO - [2026-07-22T03:21:39.581+0000] {dagbag.py:540} INFO - Filling up the DagBag from /opt/airflow/dags/nyc_taxi_pipeline.py
[2026-07-22T03:21:39.764+0000] {processor.py:840} INFO - DAG(s) 'nyc_taxi_pipeline' retrieved from /opt/airflow/dags/nyc_taxi_pipeline.py
[2026-07-22T03:21:40.328+0000] {logging_mixin.py:188} INFO - [2026-07-22T03:21:40.328+0000] {dag.py:3096} INFO - Sync 1 DAGs
[2026-07-22T03:21:40.380+0000] {logging_mixin.py:188} INFO - [2026-07-22T03:21:40.380+0000] {dag.py:3954} INFO - Setting next_dagrun for nyc_taxi_pipeline to None, run_after=None
[2026-07-22T03:21:40.852+0000] {processor.py:183} INFO - Processing /opt/airflow/dags/nyc_taxi_pipeline.py took 1.345 seconds
[2026-07-22T03:22:11.502+0000] {processor.py:161} INFO - Started process (PID=839) to work on /opt/airflow/dags/nyc_taxi_pipeline.py
[2026-07-22T03:22:11.507+0000] {processor.py:830} INFO - Processing file /opt/airflow/dags/nyc_taxi_pipeline.py for tasks to queue
[2026-07-22T03:22:11.524+0000] {logging_mixin.py:188} INFO - [2026-07-22T03:22:11.524+0000] {dagbag.py:540} INFO - Filling up the DagBag from /opt/airflow/dags/nyc_taxi_pipeline.py
[2026-07-22T03:22:11.716+0000] {processor.py:840} INFO - DAG(s) 'nyc_taxi_pipeline' retrieved from /opt/airflow/dags/nyc_taxi_pipeline.py
[2026-07-22T03:22:12.133+0000] {logging_mixin.py:188} INFO - [2026-07-22T03:22:12.132+0000] {dag.py:3096} INFO - Sync 1 DAGs
[2026-07-22T03:22:12.215+0000] {logging_mixin.py:188} INFO - [2026-07-22T03:22:12.214+0000] {dag.py:3954} INFO - Setting next_dagrun for nyc_taxi_pipeline to None, run_after=None
[2026-07-22T03:22:12.576+0000] {processor.py:183} INFO - Processing /opt/airflow/dags/nyc_taxi_pipeline.py took 1.092 seconds
[2026-07-22T03:22:43.110+0000] {processor.py:161} INFO - Started process (PID=844) to work on /opt/airflow/dags/nyc_taxi_pipeline.py
[2026-07-22T03:22:43.117+0000] {processor.py:830} INFO - Processing file /opt/airflow/dags/nyc_taxi_pipeline.py for tasks to queue
[2026-07-22T03:22:43.134+0000] {logging_mixin.py:188} INFO - [2026-07-22T03:22:43.133+0000] {dagbag.py:540} INFO - Filling up the DagBag from /opt/airflow/dags/nyc_taxi_pipeline.py
[2026-07-22T03:22:43.340+0000] {processor.py:840} INFO - DAG(s) 'nyc_taxi_pipeline' retrieved from /opt/airflow/dags/nyc_taxi_pipeline.py
[2026-07-22T03:22:43.674+0000] {logging_mixin.py:188} INFO - [2026-07-22T03:22:43.673+0000] {dag.py:3096} INFO - Sync 1 DAGs
[2026-07-22T03:22:43.785+0000] {logging_mixin.py:188} INFO - [2026-07-22T03:22:43.785+0000] {dag.py:3954} INFO - Setting next_dagrun for nyc_taxi_pipeline to None, run_after=None
[2026-07-22T03:22:44.304+0000] {processor.py:183} INFO - Processing /opt/airflow/dags/nyc_taxi_pipeline.py took 1.217 seconds
[2026-07-22T03:23:14.721+0000] {processor.py:161} INFO - Started process (PID=849) to work on /opt/airflow/dags/nyc_taxi_pipeline.py
[2026-07-22T03:23:14.722+0000] {processor.py:830} INFO - Processing file /opt/airflow/dags/nyc_taxi_pipeline.py for tasks to queue
[2026-07-22T03:23:14.724+0000] {logging_mixin.py:188} INFO - [2026-07-22T03:23:14.724+0000] {dagbag.py:540} INFO - Filling up the DagBag from /opt/airflow/dags/nyc_taxi_pipeline.py
[2026-07-22T03:23:14.746+0000] {processor.py:840} INFO - DAG(s) 'nyc_taxi_pipeline' retrieved from /opt/airflow/dags/nyc_taxi_pipeline.py
[2026-07-22T03:23:15.166+0000] {logging_mixin.py:188} INFO - [2026-07-22T03:23:15.166+0000] {dag.py:3096} INFO - Sync 1 DAGs
[2026-07-22T03:23:15.247+0000] {logging_mixin.py:188} INFO - [2026-07-22T03:23:15.247+0000] {dag.py:3954} INFO - Setting next_dagrun for nyc_taxi_pipeline to None, run_after=None
[2026-07-22T03:23:15.521+0000] {processor.py:183} INFO - Processing /opt/airflow/dags/nyc_taxi_pipeline.py took 0.807 seconds
[2026-07-22T03:23:45.966+0000] {processor.py:161} INFO - Started process (PID=854) to work on /opt/airflow/dags/nyc_taxi_pipeline.py
[2026-07-22T03:23:45.974+0000] {processor.py:830} INFO - Processing file /opt/airflow/dags/nyc_taxi_pipeline.py for tasks to queue
[2026-07-22T03:23:45.980+0000] {logging_mixin.py:188} INFO - [2026-07-22T03:23:45.979+0000] {dagbag.py:540} INFO - Filling up the DagBag from /opt/airflow/dags/nyc_taxi_pipeline.py
[2026-07-22T03:23:46.083+0000] {processor.py:840} INFO - DAG(s) 'nyc_taxi_pipeline' retrieved from /opt/airflow/dags/nyc_taxi_pipeline.py
[2026-07-22T03:23:46.679+0000] {logging_mixin.py:188} INFO - [2026-07-22T03:23:46.678+0000] {dag.py:3096} INFO - Sync 1 DAGs
[2026-07-22T03:23:46.805+0000] {logging_mixin.py:188} INFO - [2026-07-22T03:23:46.805+0000] {dag.py:3954} INFO - Setting next_dagrun for nyc_taxi_pipeline to None, run_after=None
[2026-07-22T03:23:47.258+0000] {processor.py:183} INFO - Processing /opt/airflow/dags/nyc_taxi_pipeline.py took 1.312 seconds
[2026-07-22T03:24:18.124+0000] {processor.py:161} INFO - Started process (PID=859) to work on /opt/airflow/dags/nyc_taxi_pipeline.py
[2026-07-22T03:24:18.131+0000] {processor.py:830} INFO - Processing file /opt/airflow/dags/nyc_taxi_pipeline.py for tasks to queue
[2026-07-22T03:24:18.143+0000] {logging_mixin.py:188} INFO - [2026-07-22T03:24:18.142+0000] {dagbag.py:540} INFO - Filling up the DagBag from /opt/airflow/dags/nyc_taxi_pipeline.py
[2026-07-22T03:24:18.201+0000] {processor.py:840} INFO - DAG(s) 'nyc_taxi_pipeline' retrieved from /opt/airflow/dags/nyc_taxi_pipeline.py
[2026-07-22T03:24:18.495+0000] {logging_mixin.py:188} INFO - [2026-07-22T03:24:18.494+0000] {dag.py:3096} INFO - Sync 1 DAGs
[2026-07-22T03:24:18.569+0000] {logging_mixin.py:188} INFO - [2026-07-22T03:24:18.569+0000] {dag.py:3954} INFO - Setting next_dagrun for nyc_taxi_pipeline to None, run_after=None
[2026-07-22T03:24:19.082+0000] {processor.py:183} INFO - Processing /opt/airflow/dags/nyc_taxi_pipeline.py took 0.979 seconds
[2026-07-22T03:24:49.999+0000] {processor.py:161} INFO - Started process (PID=864) to work on /opt/airflow/dags/nyc_taxi_pipeline.py
[2026-07-22T03:24:50.003+0000] {processor.py:830} INFO - Processing file /opt/airflow/dags/nyc_taxi_pipeline.py for tasks to queue
[2026-07-22T03:24:50.019+0000] {logging_mixin.py:188} INFO - [2026-07-22T03:24:50.018+0000] {dagbag.py:540} INFO - Filling up the DagBag from /opt/airflow/dags/nyc_taxi_pipeline.py
[2026-07-22T03:24:50.127+0000] {processor.py:840} INFO - DAG(s) 'nyc_taxi_pipeline' retrieved from /opt/airflow/dags/nyc_taxi_pipeline.py
[2026-07-22T03:24:50.521+0000] {logging_mixin.py:188} INFO - [2026-07-22T03:24:50.520+0000] {dag.py:3096} INFO - Sync 1 DAGs
[2026-07-22T03:24:50.616+0000] {logging_mixin.py:188} INFO - [2026-07-22T03:24:50.616+0000] {dag.py:3954} INFO - Setting next_dagrun for nyc_taxi_pipeline to None, run_after=None
[2026-07-22T03:24:50.945+0000] {processor.py:183} INFO - Processing /opt/airflow/dags/nyc_taxi_pipeline.py took 0.975 seconds
[2026-07-22T03:25:21.178+0000] {processor.py:161} INFO - Started process (PID=869) to work on /opt/airflow/dags/nyc_taxi_pipeline.py
[2026-07-22T03:25:21.181+0000] {processor.py:830} INFO - Processing file /opt/airflow/dags/nyc_taxi_pipeline.py for tasks to queue
[2026-07-22T03:25:21.187+0000] {logging_mixin.py:188} INFO - [2026-07-22T03:25:21.186+0000] {dagbag.py:540} INFO - Filling up the DagBag from /opt/airflow/dags/nyc_taxi_pipeline.py
[2026-07-22T03:25:21.220+0000] {processor.py:840} INFO - DAG(s) 'nyc_taxi_pipeline' retrieved from /opt/airflow/dags/nyc_taxi_pipeline.py
[2026-07-22T03:25:21.682+0000] {logging_mixin.py:188} INFO - [2026-07-22T03:25:21.681+0000] {dag.py:3096} INFO - Sync 1 DAGs
[2026-07-22T03:25:21.730+0000] {logging_mixin.py:188} INFO - [2026-07-22T03:25:21.730+0000] {dag.py:3954} INFO - Setting next_dagrun for nyc_taxi_pipeline to None, run_after=None
[2026-07-22T03:25:22.076+0000] {processor.py:183} INFO - Processing /opt/airflow/dags/nyc_taxi_pipeline.py took 0.921 seconds
[2026-07-22T03:25:52.327+0000] {processor.py:161} INFO - Started process (PID=874) to work on /opt/airflow/dags/nyc_taxi_pipeline.py
[2026-07-22T03:25:52.330+0000] {processor.py:830} INFO - Processing file /opt/airflow/dags/nyc_taxi_pipeline.py for tasks to queue
[2026-07-22T03:25:52.339+0000] {logging_mixin.py:188} INFO - [2026-07-22T03:25:52.337+0000] {dagbag.py:540} INFO - Filling up the DagBag from /opt/airflow/dags/nyc_taxi_pipeline.py
[2026-07-22T03:25:52.411+0000] {processor.py:840} INFO - DAG(s) 'nyc_taxi_pipeline' retrieved from /opt/airflow/dags/nyc_taxi_pipeline.py
[2026-07-22T03:25:52.873+0000] {logging_mixin.py:188} INFO - [2026-07-22T03:25:52.872+0000] {dag.py:3096} INFO - Sync 1 DAGs
[2026-07-22T03:25:52.961+0000] {logging_mixin.py:188} INFO - [2026-07-22T03:25:52.961+0000] {dag.py:3954} INFO - Setting next_dagrun for nyc_taxi_pipeline to None, run_after=None
[2026-07-22T03:25:53.274+0000] {processor.py:183} INFO - Processing /opt/airflow/dags/nyc_taxi_pipeline.py took 0.970 seconds
[2026-07-22T03:26:23.701+0000] {processor.py:161} INFO - Started process (PID=879) to work on /opt/airflow/dags/nyc_taxi_pipeline.py
[2026-07-22T03:26:23.709+0000] {processor.py:830} INFO - Processing file /opt/airflow/dags/nyc_taxi_pipeline.py for tasks to queue
[2026-07-22T03:26:23.716+0000] {logging_mixin.py:188} INFO - [2026-07-22T03:26:23.715+0000] {dagbag.py:540} INFO - Filling up the DagBag from /opt/airflow/dags/nyc_taxi_pipeline.py
[2026-07-22T03:26:23.850+0000] {processor.py:840} INFO - DAG(s) 'nyc_taxi_pipeline' retrieved from /opt/airflow/dags/nyc_taxi_pipeline.py
[2026-07-22T03:26:24.192+0000] {logging_mixin.py:188} INFO - [2026-07-22T03:26:24.192+0000] {dag.py:3096} INFO - Sync 1 DAGs
[2026-07-22T03:26:24.251+0000] {logging_mixin.py:188} INFO - [2026-07-22T03:26:24.250+0000] {dag.py:3954} INFO - Setting next_dagrun for nyc_taxi_pipeline to None, run_after=None
[2026-07-22T03:26:24.599+0000] {processor.py:183} INFO - Processing /opt/airflow/dags/nyc_taxi_pipeline.py took 0.935 seconds
[2026-07-22T03:26:55.305+0000] {processor.py:161} INFO - Started process (PID=884) to work on /opt/airflow/dags/nyc_taxi_pipeline.py
[2026-07-22T03:26:55.315+0000] {processor.py:830} INFO - Processing file /opt/airflow/dags/nyc_taxi_pipeline.py for tasks to queue
[2026-07-22T03:26:55.328+0000] {logging_mixin.py:188} INFO - [2026-07-22T03:26:55.328+0000] {dagbag.py:540} INFO - Filling up the DagBag from /opt/airflow/dags/nyc_taxi_pipeline.py
[2026-07-22T03:26:55.468+0000] {processor.py:840} INFO - DAG(s) 'nyc_taxi_pipeline' retrieved from /opt/airflow/dags/nyc_taxi_pipeline.py
[2026-07-22T03:26:55.961+0000] {logging_mixin.py:188} INFO - [2026-07-22T03:26:55.961+0000] {dag.py:3096} INFO - Sync 1 DAGs
[2026-07-22T03:26:56.053+0000] {logging_mixin.py:188} INFO - [2026-07-22T03:26:56.052+0000] {dag.py:3954} INFO - Setting next_dagrun for nyc_taxi_pipeline to None, run_after=None
[2026-07-22T03:26:56.420+0000] {processor.py:183} INFO - Processing /opt/airflow/dags/nyc_taxi_pipeline.py took 1.135 seconds
[2026-07-22T03:27:26.728+0000] {processor.py:161} INFO - Started process (PID=889) to work on /opt/airflow/dags/nyc_taxi_pipeline.py
[2026-07-22T03:27:26.730+0000] {processor.py:830} INFO - Processing file /opt/airflow/dags/nyc_taxi_pipeline.py for tasks to queue
[2026-07-22T03:27:26.733+0000] {logging_mixin.py:188} INFO - [2026-07-22T03:27:26.733+0000] {dagbag.py:540} INFO - Filling up the DagBag from /opt/airflow/dags/nyc_taxi_pipeline.py
[2026-07-22T03:27:26.756+0000] {processor.py:840} INFO - DAG(s) 'nyc_taxi_pipeline' retrieved from /opt/airflow/dags/nyc_taxi_pipeline.py
[2026-07-22T03:27:28.490+0000] {logging_mixin.py:188} INFO - [2026-07-22T03:27:28.489+0000] {dag.py:3096} INFO - Sync 1 DAGs
[2026-07-22T03:27:28.595+0000] {logging_mixin.py:188} INFO - [2026-07-22T03:27:28.595+0000] {dag.py:3954} INFO - Setting next_dagrun for nyc_taxi_pipeline to None, run_after=None
[2026-07-22T03:27:29.034+0000] {processor.py:183} INFO - Processing /opt/airflow/dags/nyc_taxi_pipeline.py took 2.314 seconds
[2026-07-22T03:27:59.743+0000] {processor.py:161} INFO - Started process (PID=894) to work on /opt/airflow/dags/nyc_taxi_pipeline.py
[2026-07-22T03:27:59.745+0000] {processor.py:830} INFO - Processing file /opt/airflow/dags/nyc_taxi_pipeline.py for tasks to queue
[2026-07-22T03:27:59.752+0000] {logging_mixin.py:188} INFO - [2026-07-22T03:27:59.751+0000] {dagbag.py:540} INFO - Filling up the DagBag from /opt/airflow/dags/nyc_taxi_pipeline.py
[2026-07-22T03:27:59.928+0000] {processor.py:840} INFO - DAG(s) 'nyc_taxi_pipeline' retrieved from /opt/airflow/dags/nyc_taxi_pipeline.py
[2026-07-22T03:28:00.528+0000] {logging_mixin.py:188} INFO - [2026-07-22T03:28:00.528+0000] {dag.py:3096} INFO - Sync 1 DAGs
[2026-07-22T03:28:00.597+0000] {logging_mixin.py:188} INFO - [2026-07-22T03:28:00.596+0000] {dag.py:3954} INFO - Setting next_dagrun for nyc_taxi_pipeline to None, run_after=None
[2026-07-22T03:28:01.008+0000] {processor.py:183} INFO - Processing /opt/airflow/dags/nyc_taxi_pipeline.py took 1.283 seconds
[2026-07-22T03:28:31.758+0000] {processor.py:161} INFO - Started process (PID=899) to work on /opt/airflow/dags/nyc_taxi_pipeline.py
[2026-07-22T03:28:31.762+0000] {processor.py:830} INFO - Processing file /opt/airflow/dags/nyc_taxi_pipeline.py for tasks to queue
[2026-07-22T03:28:31.777+0000] {logging_mixin.py:188} INFO - [2026-07-22T03:28:31.776+0000] {dagbag.py:540} INFO - Filling up the DagBag from /opt/airflow/dags/nyc_taxi_pipeline.py
[2026-07-22T03:28:31.927+0000] {processor.py:840} INFO - DAG(s) 'nyc_taxi_pipeline' retrieved from /opt/airflow/dags/nyc_taxi_pipeline.py
[2026-07-22T03:28:32.551+0000] {logging_mixin.py:188} INFO - [2026-07-22T03:28:32.551+0000] {dag.py:3096} INFO - Sync 1 DAGs
[2026-07-22T03:28:32.642+0000] {logging_mixin.py:188} INFO - [2026-07-22T03:28:32.642+0000] {dag.py:3954} INFO - Setting next_dagrun for nyc_taxi_pipeline to None, run_after=None
[2026-07-22T03:28:33.061+0000] {processor.py:183} INFO - Processing /opt/airflow/dags/nyc_taxi_pipeline.py took 1.319 seconds
[2026-07-22T03:29:03.903+0000] {processor.py:161} INFO - Started process (PID=904) to work on /opt/airflow/dags/nyc_taxi_pipeline.py
[2026-07-22T03:29:03.929+0000] {processor.py:830} INFO - Processing file /opt/airflow/dags/nyc_taxi_pipeline.py for tasks to queue
[2026-07-22T03:29:03.943+0000] {logging_mixin.py:188} INFO - [2026-07-22T03:29:03.943+0000] {dagbag.py:540} INFO - Filling up the DagBag from /opt/airflow/dags/nyc_taxi_pipeline.py
[2026-07-22T03:29:04.089+0000] {processor.py:840} INFO - DAG(s) 'nyc_taxi_pipeline' retrieved from /opt/airflow/dags/nyc_taxi_pipeline.py
[2026-07-22T03:29:04.625+0000] {logging_mixin.py:188} INFO - [2026-07-22T03:29:04.624+0000] {dag.py:3096} INFO - Sync 1 DAGs
[2026-07-22T03:29:04.697+0000] {logging_mixin.py:188} INFO - [2026-07-22T03:29:04.696+0000] {dag.py:3954} INFO - Setting next_dagrun for nyc_taxi_pipeline to None, run_after=None
[2026-07-22T03:29:05.149+0000] {processor.py:183} INFO - Processing /opt/airflow/dags/nyc_taxi_pipeline.py took 1.262 seconds
[2026-07-22T03:29:35.751+0000] {processor.py:161} INFO - Started process (PID=909) to work on /opt/airflow/dags/nyc_taxi_pipeline.py
[2026-07-22T03:29:35.753+0000] {processor.py:830} INFO - Processing file /opt/airflow/dags/nyc_taxi_pipeline.py for tasks to queue
[2026-07-22T03:29:35.756+0000] {logging_mixin.py:188} INFO - [2026-07-22T03:29:35.756+0000] {dagbag.py:540} INFO - Filling up the DagBag from /opt/airflow/dags/nyc_taxi_pipeline.py
[2026-07-22T03:29:35.840+0000] {processor.py:840} INFO - DAG(s) 'nyc_taxi_pipeline' retrieved from /opt/airflow/dags/nyc_taxi_pipeline.py
[2026-07-22T03:29:36.173+0000] {logging_mixin.py:188} INFO - [2026-07-22T03:29:36.172+0000] {dag.py:3096} INFO - Sync 1 DAGs
[2026-07-22T03:29:36.259+0000] {logging_mixin.py:188} INFO - [2026-07-22T03:29:36.259+0000] {dag.py:3954} INFO - Setting next_dagrun for nyc_taxi_pipeline to None, run_after=None
[2026-07-22T03:29:36.533+0000] {processor.py:183} INFO - Processing /opt/airflow/dags/nyc_taxi_pipeline.py took 0.790 seconds
[2026-07-22T03:30:06.696+0000] {processor.py:161} INFO - Started process (PID=914) to work on /opt/airflow/dags/nyc_taxi_pipeline.py
[2026-07-22T03:30:06.702+0000] {processor.py:830} INFO - Processing file /opt/airflow/dags/nyc_taxi_pipeline.py for tasks to queue
[2026-07-22T03:30:06.718+0000] {logging_mixin.py:188} INFO - [2026-07-22T03:30:06.717+0000] {dagbag.py:540} INFO - Filling up the DagBag from /opt/airflow/dags/nyc_taxi_pipeline.py
[2026-07-22T03:30:06.826+0000] {processor.py:840} INFO - DAG(s) 'nyc_taxi_pipeline' retrieved from /opt/airflow/dags/nyc_taxi_pipeline.py
[2026-07-22T03:30:07.331+0000] {logging_mixin.py:188} INFO - [2026-07-22T03:30:07.331+0000] {dag.py:3096} INFO - Sync 1 DAGs
[2026-07-22T03:30:07.365+0000] {logging_mixin.py:188} INFO - [2026-07-22T03:30:07.365+0000] {dag.py:3954} INFO - Setting next_dagrun for nyc_taxi_pipeline to None, run_after=None
[2026-07-22T03:30:07.600+0000] {processor.py:183} INFO - Processing /opt/airflow/dags/nyc_taxi_pipeline.py took 0.920 seconds
[2026-07-22T03:30:38.410+0000] {processor.py:161} INFO - Started process (PID=919) to work on /opt/airflow/dags/nyc_taxi_pipeline.py
[2026-07-22T03:30:38.414+0000] {processor.py:830} INFO - Processing file /opt/airflow/dags/nyc_taxi_pipeline.py for tasks to queue
[2026-07-22T03:30:38.427+0000] {logging_mixin.py:188} INFO - [2026-07-22T03:30:38.426+0000] {dagbag.py:540} INFO - Filling up the DagBag from /opt/airflow/dags/nyc_taxi_pipeline.py
[2026-07-22T03:30:38.488+0000] {processor.py:840} INFO - DAG(s) 'nyc_taxi_pipeline' retrieved from /opt/airflow/dags/nyc_taxi_pipeline.py
[2026-07-22T03:30:38.914+0000] {logging_mixin.py:188} INFO - [2026-07-22T03:30:38.913+0000] {dag.py:3096} INFO - Sync 1 DAGs
[2026-07-22T03:30:38.965+0000] {logging_mixin.py:188} INFO - [2026-07-22T03:30:38.965+0000] {dag.py:3954} INFO - Setting next_dagrun for nyc_taxi_pipeline to None, run_after=None
[2026-07-22T03:30:39.276+0000] {processor.py:183} INFO - Processing /opt/airflow/dags/nyc_taxi_pipeline.py took 0.889 seconds
[2026-07-22T03:31:09.682+0000] {processor.py:161} INFO - Started process (PID=924) to work on /opt/airflow/dags/nyc_taxi_pipeline.py
[2026-07-22T03:31:09.685+0000] {processor.py:830} INFO - Processing file /opt/airflow/dags/nyc_taxi_pipeline.py for tasks to queue
[2026-07-22T03:31:09.691+0000] {logging_mixin.py:188} INFO - [2026-07-22T03:31:09.690+0000] {dagbag.py:540} INFO - Filling up the DagBag from /opt/airflow/dags/nyc_taxi_pipeline.py
[2026-07-22T03:31:09.732+0000] {processor.py:840} INFO - DAG(s) 'nyc_taxi_pipeline' retrieved from /opt/airflow/dags/nyc_taxi_pipeline.py
[2026-07-22T03:31:10.231+0000] {logging_mixin.py:188} INFO - [2026-07-22T03:31:10.231+0000] {dag.py:3096} INFO - Sync 1 DAGs
[2026-07-22T03:31:10.310+0000] {logging_mixin.py:188} INFO - [2026-07-22T03:31:10.310+0000] {dag.py:3954} INFO - Setting next_dagrun for nyc_taxi_pipeline to None, run_after=None
[2026-07-22T03:31:10.657+0000] {processor.py:183} INFO - Processing /opt/airflow/dags/nyc_taxi_pipeline.py took 0.990 seconds
[2026-07-22T03:31:41.386+0000] {processor.py:161} INFO - Started process (PID=929) to work on /opt/airflow/dags/nyc_taxi_pipeline.py
[2026-07-22T03:31:41.388+0000] {processor.py:830} INFO - Processing file /opt/airflow/dags/nyc_taxi_pipeline.py for tasks to queue
[2026-07-22T03:31:41.391+0000] {logging_mixin.py:188} INFO - [2026-07-22T03:31:41.390+0000] {dagbag.py:540} INFO - Filling up the DagBag from /opt/airflow/dags/nyc_taxi_pipeline.py
[2026-07-22T03:31:41.479+0000] {processor.py:840} INFO - DAG(s) 'nyc_taxi_pipeline' retrieved from /opt/airflow/dags/nyc_taxi_pipeline.py
[2026-07-22T03:31:41.897+0000] {logging_mixin.py:188} INFO - [2026-07-22T03:31:41.896+0000] {dag.py:3096} INFO - Sync 1 DAGs
[2026-07-22T03:31:41.971+0000] {logging_mixin.py:188} INFO - [2026-07-22T03:31:41.970+0000] {dag.py:3954} INFO - Setting next_dagrun for nyc_taxi_pipeline to None, run_after=None
[2026-07-22T03:31:42.626+0000] {processor.py:183} INFO - Processing /opt/airflow/dags/nyc_taxi_pipeline.py took 1.248 seconds
[2026-07-22T03:32:12.865+0000] {processor.py:161} INFO - Started process (PID=934) to work on /opt/airflow/dags/nyc_taxi_pipeline.py
[2026-07-22T03:32:12.877+0000] {processor.py:830} INFO - Processing file /opt/airflow/dags/nyc_taxi_pipeline.py for tasks to queue
[2026-07-22T03:32:12.893+0000] {logging_mixin.py:188} INFO - [2026-07-22T03:32:12.892+0000] {dagbag.py:540} INFO - Filling up the DagBag from /opt/airflow/dags/nyc_taxi_pipeline.py
[2026-07-22T03:32:13.157+0000] {processor.py:840} INFO - DAG(s) 'nyc_taxi_pipeline' retrieved from /opt/airflow/dags/nyc_taxi_pipeline.py
[2026-07-22T03:32:13.570+0000] {logging_mixin.py:188} INFO - [2026-07-22T03:32:13.570+0000] {dag.py:3096} INFO - Sync 1 DAGs
[2026-07-22T03:32:13.613+0000] {logging_mixin.py:188} INFO - [2026-07-22T03:32:13.613+0000] {dag.py:3954} INFO - Setting next_dagrun for nyc_taxi_pipeline to None, run_after=None
[2026-07-22T03:32:14.157+0000] {processor.py:183} INFO - Processing /opt/airflow/dags/nyc_taxi_pipeline.py took 1.301 seconds
[2026-07-22T03:32:44.883+0000] {processor.py:161} INFO - Started process (PID=939) to work on /opt/airflow/dags/nyc_taxi_pipeline.py
[2026-07-22T03:32:44.885+0000] {processor.py:830} INFO - Processing file /opt/airflow/dags/nyc_taxi_pipeline.py for tasks to queue
[2026-07-22T03:32:44.888+0000] {logging_mixin.py:188} INFO - [2026-07-22T03:32:44.887+0000] {dagbag.py:540} INFO - Filling up the DagBag from /opt/airflow/dags/nyc_taxi_pipeline.py
[2026-07-22T03:32:44.931+0000] {processor.py:840} INFO - DAG(s) 'nyc_taxi_pipeline' retrieved from /opt/airflow/dags/nyc_taxi_pipeline.py
[2026-07-22T03:32:45.578+0000] {logging_mixin.py:188} INFO - [2026-07-22T03:32:45.577+0000] {dag.py:3096} INFO - Sync 1 DAGs
[2026-07-22T03:32:45.644+0000] {logging_mixin.py:188} INFO - [2026-07-22T03:32:45.643+0000] {dag.py:3954} INFO - Setting next_dagrun for nyc_taxi_pipeline to None, run_after=None
[2026-07-22T03:32:45.940+0000] {processor.py:183} INFO - Processing /opt/airflow/dags/nyc_taxi_pipeline.py took 1.064 seconds
[2026-07-22T03:33:16.756+0000] {processor.py:161} INFO - Started process (PID=944) to work on /opt/airflow/dags/nyc_taxi_pipeline.py
[2026-07-22T03:33:16.758+0000] {processor.py:830} INFO - Processing file /opt/airflow/dags/nyc_taxi_pipeline.py for tasks to queue
[2026-07-22T03:33:16.760+0000] {logging_mixin.py:188} INFO - [2026-07-22T03:33:16.760+0000] {dagbag.py:540} INFO - Filling up the DagBag from /opt/airflow/dags/nyc_taxi_pipeline.py
[2026-07-22T03:33:16.816+0000] {processor.py:840} INFO - DAG(s) 'nyc_taxi_pipeline' retrieved from /opt/airflow/dags/nyc_taxi_pipeline.py
[2026-07-22T03:33:17.289+0000] {logging_mixin.py:188} INFO - [2026-07-22T03:33:17.289+0000] {dag.py:3096} INFO - Sync 1 DAGs
[2026-07-22T03:33:17.376+0000] {logging_mixin.py:188} INFO - [2026-07-22T03:33:17.376+0000] {dag.py:3954} INFO - Setting next_dagrun for nyc_taxi_pipeline to None, run_after=None
[2026-07-22T03:33:17.636+0000] {processor.py:183} INFO - Processing /opt/airflow/dags/nyc_taxi_pipeline.py took 0.887 seconds
[2026-07-22T03:33:48.126+0000] {processor.py:161} INFO - Started process (PID=949) to work on /opt/airflow/dags/nyc_taxi_pipeline.py
[2026-07-22T03:33:48.128+0000] {processor.py:830} INFO - Processing file /opt/airflow/dags/nyc_taxi_pipeline.py for tasks to queue
[2026-07-22T03:33:48.133+0000] {logging_mixin.py:188} INFO - [2026-07-22T03:33:48.132+0000] {dagbag.py:540} INFO - Filling up the DagBag from /opt/airflow/dags/nyc_taxi_pipeline.py
[2026-07-22T03:33:48.204+0000] {processor.py:840} INFO - DAG(s) 'nyc_taxi_pipeline' retrieved from /opt/airflow/dags/nyc_taxi_pipeline.py
[2026-07-22T03:33:48.424+0000] {logging_mixin.py:188} INFO - [2026-07-22T03:33:48.424+0000] {dag.py:3096} INFO - Sync 1 DAGs
[2026-07-22T03:33:48.535+0000] {logging_mixin.py:188} INFO - [2026-07-22T03:33:48.535+0000] {dag.py:3954} INFO - Setting next_dagrun for nyc_taxi_pipeline to None, run_after=None
[2026-07-22T03:33:48.856+0000] {processor.py:183} INFO - Processing /opt/airflow/dags/nyc_taxi_pipeline.py took 0.742 seconds
[2026-07-22T03:34:19.084+0000] {processor.py:161} INFO - Started process (PID=954) to work on /opt/airflow/dags/nyc_taxi_pipeline.py
[2026-07-22T03:34:19.085+0000] {processor.py:830} INFO - Processing file /opt/airflow/dags/nyc_taxi_pipeline.py for tasks to queue
[2026-07-22T03:34:19.088+0000] {logging_mixin.py:188} INFO - [2026-07-22T03:34:19.088+0000] {dagbag.py:540} INFO - Filling up the DagBag from /opt/airflow/dags/nyc_taxi_pipeline.py
[2026-07-22T03:34:19.113+0000] {processor.py:840} INFO - DAG(s) 'nyc_taxi_pipeline' retrieved from /opt/airflow/dags/nyc_taxi_pipeline.py
[2026-07-22T03:34:19.823+0000] {logging_mixin.py:188} INFO - [2026-07-22T03:34:19.822+0000] {dag.py:3096} INFO - Sync 1 DAGs
[2026-07-22T03:34:19.916+0000] {logging_mixin.py:188} INFO - [2026-07-22T03:34:19.915+0000] {dag.py:3954} INFO - Setting next_dagrun for nyc_taxi_pipeline to None, run_after=None
[2026-07-22T03:34:20.312+0000] {processor.py:183} INFO - Processing /opt/airflow/dags/nyc_taxi_pipeline.py took 1.235 seconds
[2026-07-22T03:34:50.577+0000] {processor.py:161} INFO - Started process (PID=959) to work on /opt/airflow/dags/nyc_taxi_pipeline.py
[2026-07-22T03:34:50.579+0000] {processor.py:830} INFO - Processing file /opt/airflow/dags/nyc_taxi_pipeline.py for tasks to queue
[2026-07-22T03:34:50.583+0000] {logging_mixin.py:188} INFO - [2026-07-22T03:34:50.582+0000] {dagbag.py:540} INFO - Filling up the DagBag from /opt/airflow/dags/nyc_taxi_pipeline.py
[2026-07-22T03:34:50.612+0000] {processor.py:840} INFO - DAG(s) 'nyc_taxi_pipeline' retrieved from /opt/airflow/dags/nyc_taxi_pipeline.py
[2026-07-22T03:34:51.054+0000] {logging_mixin.py:188} INFO - [2026-07-22T03:34:51.054+0000] {dag.py:3096} INFO - Sync 1 DAGs
[2026-07-22T03:34:51.117+0000] {logging_mixin.py:188} INFO - [2026-07-22T03:34:51.117+0000] {dag.py:3954} INFO - Setting next_dagrun for nyc_taxi_pipeline to None, run_after=None
[2026-07-22T03:34:51.449+0000] {processor.py:183} INFO - Processing /opt/airflow/dags/nyc_taxi_pipeline.py took 0.880 seconds
[2026-07-22T03:35:21.714+0000] {processor.py:161} INFO - Started process (PID=964) to work on /opt/airflow/dags/nyc_taxi_pipeline.py
[2026-07-22T03:35:21.717+0000] {processor.py:830} INFO - Processing file /opt/airflow/dags/nyc_taxi_pipeline.py for tasks to queue
[2026-07-22T03:35:21.733+0000] {logging_mixin.py:188} INFO - [2026-07-22T03:35:21.732+0000] {dagbag.py:540} INFO - Filling up the DagBag from /opt/airflow/dags/nyc_taxi_pipeline.py
[2026-07-22T03:35:21.758+0000] {processor.py:840} INFO - DAG(s) 'nyc_taxi_pipeline' retrieved from /opt/airflow/dags/nyc_taxi_pipeline.py
[2026-07-22T03:35:22.350+0000] {logging_mixin.py:188} INFO - [2026-07-22T03:35:22.350+0000] {dag.py:3096} INFO - Sync 1 DAGs
[2026-07-22T03:35:22.429+0000] {logging_mixin.py:188} INFO - [2026-07-22T03:35:22.429+0000] {dag.py:3954} INFO - Setting next_dagrun for nyc_taxi_pipeline to None, run_after=None
[2026-07-22T03:35:22.717+0000] {processor.py:183} INFO - Processing /opt/airflow/dags/nyc_taxi_pipeline.py took 1.022 seconds
[2026-07-22T03:35:52.798+0000] {processor.py:161} INFO - Started process (PID=969) to work on /opt/airflow/dags/nyc_taxi_pipeline.py
[2026-07-22T03:35:52.800+0000] {processor.py:830} INFO - Processing file /opt/airflow/dags/nyc_taxi_pipeline.py for tasks to queue
[2026-07-22T03:35:52.803+0000] {logging_mixin.py:188} INFO - [2026-07-22T03:35:52.802+0000] {dagbag.py:540} INFO - Filling up the DagBag from /opt/airflow/dags/nyc_taxi_pipeline.py
[2026-07-22T03:35:52.846+0000] {processor.py:840} INFO - DAG(s) 'nyc_taxi_pipeline' retrieved from /opt/airflow/dags/nyc_taxi_pipeline.py
[2026-07-22T03:35:53.684+0000] {logging_mixin.py:188} INFO - [2026-07-22T03:35:53.684+0000] {dag.py:3096} INFO - Sync 1 DAGs
[2026-07-22T03:35:53.725+0000] {logging_mixin.py:188} INFO - [2026-07-22T03:35:53.724+0000] {dag.py:3954} INFO - Setting next_dagrun for nyc_taxi_pipeline to None, run_after=None
[2026-07-22T03:35:54.099+0000] {processor.py:183} INFO - Processing /opt/airflow/dags/nyc_taxi_pipeline.py took 1.307 seconds
[2026-07-22T03:36:24.308+0000] {processor.py:161} INFO - Started process (PID=974) to work on /opt/airflow/dags/nyc_taxi_pipeline.py
[2026-07-22T03:36:24.310+0000] {processor.py:830} INFO - Processing file /opt/airflow/dags/nyc_taxi_pipeline.py for tasks to queue
[2026-07-22T03:36:24.314+0000] {logging_mixin.py:188} INFO - [2026-07-22T03:36:24.314+0000] {dagbag.py:540} INFO - Filling up the DagBag from /opt/airflow/dags/nyc_taxi_pipeline.py
[2026-07-22T03:36:24.366+0000] {processor.py:840} INFO - DAG(s) 'nyc_taxi_pipeline' retrieved from /opt/airflow/dags/nyc_taxi_pipeline.py
[2026-07-22T03:36:25.129+0000] {logging_mixin.py:188} INFO - [2026-07-22T03:36:25.128+0000] {dag.py:3096} INFO - Sync 1 DAGs
[2026-07-22T03:36:25.209+0000] {logging_mixin.py:188} INFO - [2026-07-22T03:36:25.208+0000] {dag.py:3954} INFO - Setting next_dagrun for nyc_taxi_pipeline to None, run_after=None
[2026-07-22T03:36:25.627+0000] {processor.py:183} INFO - Processing /opt/airflow/dags/nyc_taxi_pipeline.py took 1.333 seconds
[2026-07-22T03:36:55.822+0000] {processor.py:161} INFO - Started process (PID=979) to work on /opt/airflow/dags/nyc_taxi_pipeline.py
[2026-07-22T03:36:55.823+0000] {processor.py:830} INFO - Processing file /opt/airflow/dags/nyc_taxi_pipeline.py for tasks to queue
[2026-07-22T03:36:55.827+0000] {logging_mixin.py:188} INFO - [2026-07-22T03:36:55.827+0000] {dagbag.py:540} INFO - Filling up the DagBag from /opt/airflow/dags/nyc_taxi_pipeline.py
[2026-07-22T03:36:55.876+0000] {processor.py:840} INFO - DAG(s) 'nyc_taxi_pipeline' retrieved from /opt/airflow/dags/nyc_taxi_pipeline.py
[2026-07-22T03:36:56.508+0000] {logging_mixin.py:188} INFO - [2026-07-22T03:36:56.508+0000] {dag.py:3096} INFO - Sync 1 DAGs
[2026-07-22T03:36:56.613+0000] {logging_mixin.py:188} INFO - [2026-07-22T03:36:56.613+0000] {dag.py:3954} INFO - Setting next_dagrun for nyc_taxi_pipeline to None, run_after=None
[2026-07-22T03:36:56.925+0000] {processor.py:183} INFO - Processing /opt/airflow/dags/nyc_taxi_pipeline.py took 1.113 seconds
[2026-07-22T03:37:27.377+0000] {processor.py:161} INFO - Started process (PID=984) to work on /opt/airflow/dags/nyc_taxi_pipeline.py
[2026-07-22T03:37:27.385+0000] {processor.py:830} INFO - Processing file /opt/airflow/dags/nyc_taxi_pipeline.py for tasks to queue
[2026-07-22T03:37:27.394+0000] {logging_mixin.py:188} INFO - [2026-07-22T03:37:27.393+0000] {dagbag.py:540} INFO - Filling up the DagBag from /opt/airflow/dags/nyc_taxi_pipeline.py
[2026-07-22T03:37:27.534+0000] {processor.py:840} INFO - DAG(s) 'nyc_taxi_pipeline' retrieved from /opt/airflow/dags/nyc_taxi_pipeline.py
[2026-07-22T03:37:27.897+0000] {logging_mixin.py:188} INFO - [2026-07-22T03:37:27.894+0000] {dag.py:3096} INFO - Sync 1 DAGs
[2026-07-22T03:37:27.981+0000] {logging_mixin.py:188} INFO - [2026-07-22T03:37:27.980+0000] {dag.py:3954} INFO - Setting next_dagrun for nyc_taxi_pipeline to None, run_after=None
[2026-07-22T03:37:28.276+0000] {processor.py:183} INFO - Processing /opt/airflow/dags/nyc_taxi_pipeline.py took 0.928 seconds
[2026-07-22T03:37:58.517+0000] {processor.py:161} INFO - Started process (PID=989) to work on /opt/airflow/dags/nyc_taxi_pipeline.py
[2026-07-22T03:37:58.519+0000] {processor.py:830} INFO - Processing file /opt/airflow/dags/nyc_taxi_pipeline.py for tasks to queue
[2026-07-22T03:37:58.524+0000] {logging_mixin.py:188} INFO - [2026-07-22T03:37:58.523+0000] {dagbag.py:540} INFO - Filling up the DagBag from /opt/airflow/dags/nyc_taxi_pipeline.py
[2026-07-22T03:37:58.572+0000] {processor.py:840} INFO - DAG(s) 'nyc_taxi_pipeline' retrieved from /opt/airflow/dags/nyc_taxi_pipeline.py
[2026-07-22T03:37:59.173+0000] {logging_mixin.py:188} INFO - [2026-07-22T03:37:59.173+0000] {dag.py:3096} INFO - Sync 1 DAGs
[2026-07-22T03:37:59.258+0000] {logging_mixin.py:188} INFO - [2026-07-22T03:37:59.257+0000] {dag.py:3954} INFO - Setting next_dagrun for nyc_taxi_pipeline to None, run_after=None
[2026-07-22T03:37:59.587+0000] {processor.py:183} INFO - Processing /opt/airflow/dags/nyc_taxi_pipeline.py took 1.084 seconds
[2026-07-22T03:38:30.097+0000] {processor.py:161} INFO - Started process (PID=994) to work on /opt/airflow/dags/nyc_taxi_pipeline.py
[2026-07-22T03:38:30.099+0000] {processor.py:830} INFO - Processing file /opt/airflow/dags/nyc_taxi_pipeline.py for tasks to queue
[2026-07-22T03:38:30.106+0000] {logging_mixin.py:188} INFO - [2026-07-22T03:38:30.105+0000] {dagbag.py:540} INFO - Filling up the DagBag from /opt/airflow/dags/nyc_taxi_pipeline.py
[2026-07-22T03:38:30.199+0000] {processor.py:840} INFO - DAG(s) 'nyc_taxi_pipeline' retrieved from /opt/airflow/dags/nyc_taxi_pipeline.py
[2026-07-22T03:38:30.480+0000] {logging_mixin.py:188} INFO - [2026-07-22T03:38:30.479+0000] {dag.py:3096} INFO - Sync 1 DAGs
[2026-07-22T03:38:30.596+0000] {logging_mixin.py:188} INFO - [2026-07-22T03:38:30.596+0000] {dag.py:3954} INFO - Setting next_dagrun for nyc_taxi_pipeline to None, run_after=None
[2026-07-22T03:38:30.896+0000] {processor.py:183} INFO - Processing /opt/airflow/dags/nyc_taxi_pipeline.py took 0.826 seconds
[2026-07-22T03:39:01.107+0000] {processor.py:161} INFO - Started process (PID=999) to work on /opt/airflow/dags/nyc_taxi_pipeline.py
[2026-07-22T03:39:01.109+0000] {processor.py:830} INFO - Processing file /opt/airflow/dags/nyc_taxi_pipeline.py for tasks to queue
[2026-07-22T03:39:01.112+0000] {logging_mixin.py:188} INFO - [2026-07-22T03:39:01.112+0000] {dagbag.py:540} INFO - Filling up the DagBag from /opt/airflow/dags/nyc_taxi_pipeline.py
[2026-07-22T03:39:01.136+0000] {processor.py:840} INFO - DAG(s) 'nyc_taxi_pipeline' retrieved from /opt/airflow/dags/nyc_taxi_pipeline.py
[2026-07-22T03:39:02.039+0000] {logging_mixin.py:188} INFO - [2026-07-22T03:39:02.038+0000] {dag.py:3096} INFO - Sync 1 DAGs
[2026-07-22T03:39:02.127+0000] {logging_mixin.py:188} INFO - [2026-07-22T03:39:02.126+0000] {dag.py:3954} INFO - Setting next_dagrun for nyc_taxi_pipeline to None, run_after=None
[2026-07-22T03:39:02.444+0000] {processor.py:183} INFO - Processing /opt/airflow/dags/nyc_taxi_pipeline.py took 1.346 seconds
[2026-07-22T03:39:33.281+0000] {processor.py:161} INFO - Started process (PID=1004) to work on /opt/airflow/dags/nyc_taxi_pipeline.py
[2026-07-22T03:39:33.284+0000] {processor.py:830} INFO - Processing file /opt/airflow/dags/nyc_taxi_pipeline.py for tasks to queue
[2026-07-22T03:39:33.289+0000] {logging_mixin.py:188} INFO - [2026-07-22T03:39:33.289+0000] {dagbag.py:540} INFO - Filling up the DagBag from /opt/airflow/dags/nyc_taxi_pipeline.py
[2026-07-22T03:39:33.321+0000] {processor.py:840} INFO - DAG(s) 'nyc_taxi_pipeline' retrieved from /opt/airflow/dags/nyc_taxi_pipeline.py
[2026-07-22T03:39:33.572+0000] {logging_mixin.py:188} INFO - [2026-07-22T03:39:33.572+0000] {dag.py:3096} INFO - Sync 1 DAGs
[2026-07-22T03:39:33.613+0000] {logging_mixin.py:188} INFO - [2026-07-22T03:39:33.612+0000] {dag.py:3954} INFO - Setting next_dagrun for nyc_taxi_pipeline to None, run_after=None
[2026-07-22T03:39:34.017+0000] {processor.py:183} INFO - Processing /opt/airflow/dags/nyc_taxi_pipeline.py took 0.751 seconds
[2026-07-22T03:40:04.190+0000] {processor.py:161} INFO - Started process (PID=1009) to work on /opt/airflow/dags/nyc_taxi_pipeline.py
[2026-07-22T03:40:04.193+0000] {processor.py:830} INFO - Processing file /opt/airflow/dags/nyc_taxi_pipeline.py for tasks to queue
[2026-07-22T03:40:04.197+0000] {logging_mixin.py:188} INFO - [2026-07-22T03:40:04.196+0000] {dagbag.py:540} INFO - Filling up the DagBag from /opt/airflow/dags/nyc_taxi_pipeline.py
[2026-07-22T03:40:04.219+0000] {processor.py:840} INFO - DAG(s) 'nyc_taxi_pipeline' retrieved from /opt/airflow/dags/nyc_taxi_pipeline.py
[2026-07-22T03:40:04.552+0000] {logging_mixin.py:188} INFO - [2026-07-22T03:40:04.552+0000] {dag.py:3096} INFO - Sync 1 DAGs
[2026-07-22T03:40:04.626+0000] {logging_mixin.py:188} INFO - [2026-07-22T03:40:04.626+0000] {dag.py:3954} INFO - Setting next_dagrun for nyc_taxi_pipeline to None, run_after=None
[2026-07-22T03:40:04.971+0000] {processor.py:183} INFO - Processing /opt/airflow/dags/nyc_taxi_pipeline.py took 0.789 seconds
[2026-07-22T03:40:35.672+0000] {processor.py:161} INFO - Started process (PID=1014) to work on /opt/airflow/dags/nyc_taxi_pipeline.py
[2026-07-22T03:40:35.675+0000] {processor.py:830} INFO - Processing file /opt/airflow/dags/nyc_taxi_pipeline.py for tasks to queue
[2026-07-22T03:40:35.679+0000] {logging_mixin.py:188} INFO - [2026-07-22T03:40:35.678+0000] {dagbag.py:540} INFO - Filling up the DagBag from /opt/airflow/dags/nyc_taxi_pipeline.py
[2026-07-22T03:40:35.715+0000] {processor.py:840} INFO - DAG(s) 'nyc_taxi_pipeline' retrieved from /opt/airflow/dags/nyc_taxi_pipeline.py
[2026-07-22T03:40:35.844+0000] {logging_mixin.py:188} INFO - [2026-07-22T03:40:35.844+0000] {dag.py:3096} INFO - Sync 1 DAGs
[2026-07-22T03:40:35.956+0000] {logging_mixin.py:188} INFO - [2026-07-22T03:40:35.955+0000] {dag.py:3954} INFO - Setting next_dagrun for nyc_taxi_pipeline to None, run_after=None
[2026-07-22T03:40:36.299+0000] {processor.py:183} INFO - Processing /opt/airflow/dags/nyc_taxi_pipeline.py took 0.634 seconds
[2026-07-22T03:41:06.804+0000] {processor.py:161} INFO - Started process (PID=1019) to work on /opt/airflow/dags/nyc_taxi_pipeline.py
[2026-07-22T03:41:06.810+0000] {processor.py:830} INFO - Processing file /opt/airflow/dags/nyc_taxi_pipeline.py for tasks to queue
[2026-07-22T03:41:06.818+0000] {logging_mixin.py:188} INFO - [2026-07-22T03:41:06.817+0000] {dagbag.py:540} INFO - Filling up the DagBag from /opt/airflow/dags/nyc_taxi_pipeline.py
[2026-07-22T03:41:06.859+0000] {processor.py:840} INFO - DAG(s) 'nyc_taxi_pipeline' retrieved from /opt/airflow/dags/nyc_taxi_pipeline.py
[2026-07-22T03:41:07.064+0000] {logging_mixin.py:188} INFO - [2026-07-22T03:41:07.064+0000] {dag.py:3096} INFO - Sync 1 DAGs
[2026-07-22T03:41:07.095+0000] {logging_mixin.py:188} INFO - [2026-07-22T03:41:07.095+0000] {dag.py:3954} INFO - Setting next_dagrun for nyc_taxi_pipeline to None, run_after=None
[2026-07-22T03:41:07.478+0000] {processor.py:183} INFO - Processing /opt/airflow/dags/nyc_taxi_pipeline.py took 0.694 seconds
[2026-07-22T03:41:38.038+0000] {processor.py:161} INFO - Started process (PID=1024) to work on /opt/airflow/dags/nyc_taxi_pipeline.py
[2026-07-22T03:41:38.056+0000] {processor.py:830} INFO - Processing file /opt/airflow/dags/nyc_taxi_pipeline.py for tasks to queue
[2026-07-22T03:41:38.062+0000] {logging_mixin.py:188} INFO - [2026-07-22T03:41:38.061+0000] {dagbag.py:540} INFO - Filling up the DagBag from /opt/airflow/dags/nyc_taxi_pipeline.py
[2026-07-22T03:41:38.176+0000] {processor.py:840} INFO - DAG(s) 'nyc_taxi_pipeline' retrieved from /opt/airflow/dags/nyc_taxi_pipeline.py
[2026-07-22T03:41:38.763+0000] {logging_mixin.py:188} INFO - [2026-07-22T03:41:38.757+0000] {dag.py:3096} INFO - Sync 1 DAGs
[2026-07-22T03:41:38.824+0000] {logging_mixin.py:188} INFO - [2026-07-22T03:41:38.823+0000] {dag.py:3954} INFO - Setting next_dagrun for nyc_taxi_pipeline to None, run_after=None
[2026-07-22T03:41:39.155+0000] {processor.py:183} INFO - Processing /opt/airflow/dags/nyc_taxi_pipeline.py took 1.136 seconds
[2026-07-22T03:42:09.320+0000] {processor.py:161} INFO - Started process (PID=1029) to work on /opt/airflow/dags/nyc_taxi_pipeline.py
[2026-07-22T03:42:09.322+0000] {processor.py:830} INFO - Processing file /opt/airflow/dags/nyc_taxi_pipeline.py for tasks to queue
[2026-07-22T03:42:09.325+0000] {logging_mixin.py:188} INFO - [2026-07-22T03:42:09.325+0000] {dagbag.py:540} INFO - Filling up the DagBag from /opt/airflow/dags/nyc_taxi_pipeline.py
[2026-07-22T03:42:09.349+0000] {processor.py:840} INFO - DAG(s) 'nyc_taxi_pipeline' retrieved from /opt/airflow/dags/nyc_taxi_pipeline.py
[2026-07-22T03:42:09.453+0000] {logging_mixin.py:188} INFO - [2026-07-22T03:42:09.452+0000] {dag.py:3096} INFO - Sync 1 DAGs
[2026-07-22T03:42:09.485+0000] {logging_mixin.py:188} INFO - [2026-07-22T03:42:09.485+0000] {dag.py:3954} INFO - Setting next_dagrun for nyc_taxi_pipeline to None, run_after=None
[2026-07-22T03:42:13.507+0000] {processor.py:183} INFO - Processing /opt/airflow/dags/nyc_taxi_pipeline.py took 4.196 seconds
[2026-07-22T03:42:44.259+0000] {processor.py:161} INFO - Started process (PID=1034) to work on /opt/airflow/dags/nyc_taxi_pipeline.py
[2026-07-22T03:42:44.260+0000] {processor.py:830} INFO - Processing file /opt/airflow/dags/nyc_taxi_pipeline.py for tasks to queue
[2026-07-22T03:42:44.263+0000] {logging_mixin.py:188} INFO - [2026-07-22T03:42:44.262+0000] {dagbag.py:540} INFO - Filling up the DagBag from /opt/airflow/dags/nyc_taxi_pipeline.py
[2026-07-22T03:42:44.285+0000] {processor.py:840} INFO - DAG(s) 'nyc_taxi_pipeline' retrieved from /opt/airflow/dags/nyc_taxi_pipeline.py
[2026-07-22T03:42:44.501+0000] {logging_mixin.py:188} INFO - [2026-07-22T03:42:44.501+0000] {dag.py:3096} INFO - Sync 1 DAGs
[2026-07-22T03:42:44.529+0000] {logging_mixin.py:188} INFO - [2026-07-22T03:42:44.529+0000] {dag.py:3954} INFO - Setting next_dagrun for nyc_taxi_pipeline to None, run_after=None
[2026-07-22T03:42:44.925+0000] {processor.py:183} INFO - Processing /opt/airflow/dags/nyc_taxi_pipeline.py took 0.673 seconds
[2026-07-22T03:43:15.134+0000] {processor.py:161} INFO - Started process (PID=1039) to work on /opt/airflow/dags/nyc_taxi_pipeline.py
[2026-07-22T03:43:15.135+0000] {processor.py:830} INFO - Processing file /opt/airflow/dags/nyc_taxi_pipeline.py for tasks to queue
[2026-07-22T03:43:15.138+0000] {logging_mixin.py:188} INFO - [2026-07-22T03:43:15.137+0000] {dagbag.py:540} INFO - Filling up the DagBag from /opt/airflow/dags/nyc_taxi_pipeline.py
[2026-07-22T03:43:15.171+0000] {processor.py:840} INFO - DAG(s) 'nyc_taxi_pipeline' retrieved from /opt/airflow/dags/nyc_taxi_pipeline.py
[2026-07-22T03:43:15.381+0000] {logging_mixin.py:188} INFO - [2026-07-22T03:43:15.381+0000] {dag.py:3096} INFO - Sync 1 DAGs
[2026-07-22T03:43:15.424+0000] {logging_mixin.py:188} INFO - [2026-07-22T03:43:15.424+0000] {dag.py:3954} INFO - Setting next_dagrun for nyc_taxi_pipeline to None, run_after=None
[2026-07-22T03:43:15.865+0000] {processor.py:183} INFO - Processing /opt/airflow/dags/nyc_taxi_pipeline.py took 0.738 seconds
[2026-07-22T03:43:46.652+0000] {processor.py:161} INFO - Started process (PID=1044) to work on /opt/airflow/dags/nyc_taxi_pipeline.py
[2026-07-22T03:43:46.655+0000] {processor.py:830} INFO - Processing file /opt/airflow/dags/nyc_taxi_pipeline.py for tasks to queue
[2026-07-22T03:43:46.671+0000] {logging_mixin.py:188} INFO - [2026-07-22T03:43:46.661+0000] {dagbag.py:540} INFO - Filling up the DagBag from /opt/airflow/dags/nyc_taxi_pipeline.py
[2026-07-22T03:43:46.747+0000] {processor.py:840} INFO - DAG(s) 'nyc_taxi_pipeline' retrieved from /opt/airflow/dags/nyc_taxi_pipeline.py
[2026-07-22T03:43:46.966+0000] {logging_mixin.py:188} INFO - [2026-07-22T03:43:46.966+0000] {dag.py:3096} INFO - Sync 1 DAGs
[2026-07-22T03:43:47.029+0000] {logging_mixin.py:188} INFO - [2026-07-22T03:43:47.028+0000] {dag.py:3954} INFO - Setting next_dagrun for nyc_taxi_pipeline to None, run_after=None
[2026-07-22T03:43:47.355+0000] {processor.py:183} INFO - Processing /opt/airflow/dags/nyc_taxi_pipeline.py took 0.725 seconds
[2026-07-22T03:44:17.715+0000] {processor.py:161} INFO - Started process (PID=1049) to work on /opt/airflow/dags/nyc_taxi_pipeline.py
[2026-07-22T03:44:17.716+0000] {processor.py:830} INFO - Processing file /opt/airflow/dags/nyc_taxi_pipeline.py for tasks to queue
[2026-07-22T03:44:17.719+0000] {logging_mixin.py:188} INFO - [2026-07-22T03:44:17.718+0000] {dagbag.py:540} INFO - Filling up the DagBag from /opt/airflow/dags/nyc_taxi_pipeline.py
[2026-07-22T03:44:17.738+0000] {processor.py:840} INFO - DAG(s) 'nyc_taxi_pipeline' retrieved from /opt/airflow/dags/nyc_taxi_pipeline.py
[2026-07-22T03:44:18.006+0000] {logging_mixin.py:188} INFO - [2026-07-22T03:44:18.006+0000] {dag.py:3096} INFO - Sync 1 DAGs
[2026-07-22T03:44:18.079+0000] {logging_mixin.py:188} INFO - [2026-07-22T03:44:18.078+0000] {dag.py:3954} INFO - Setting next_dagrun for nyc_taxi_pipeline to None, run_after=None
[2026-07-22T03:44:18.436+0000] {processor.py:183} INFO - Processing /opt/airflow/dags/nyc_taxi_pipeline.py took 0.728 seconds
[2026-07-22T03:44:48.693+0000] {processor.py:161} INFO - Started process (PID=1054) to work on /opt/airflow/dags/nyc_taxi_pipeline.py
[2026-07-22T03:44:48.695+0000] {processor.py:830} INFO - Processing file /opt/airflow/dags/nyc_taxi_pipeline.py for tasks to queue
[2026-07-22T03:44:48.698+0000] {logging_mixin.py:188} INFO - [2026-07-22T03:44:48.698+0000] {dagbag.py:540} INFO - Filling up the DagBag from /opt/airflow/dags/nyc_taxi_pipeline.py
[2026-07-22T03:44:48.725+0000] {processor.py:840} INFO - DAG(s) 'nyc_taxi_pipeline' retrieved from /opt/airflow/dags/nyc_taxi_pipeline.py
[2026-07-22T03:44:48.933+0000] {logging_mixin.py:188} INFO - [2026-07-22T03:44:48.933+0000] {dag.py:3096} INFO - Sync 1 DAGs
[2026-07-22T03:44:49.053+0000] {logging_mixin.py:188} INFO - [2026-07-22T03:44:49.052+0000] {dag.py:3954} INFO - Setting next_dagrun for nyc_taxi_pipeline to None, run_after=None
[2026-07-22T03:44:49.335+0000] {processor.py:183} INFO - Processing /opt/airflow/dags/nyc_taxi_pipeline.py took 0.654 seconds
[2026-07-22T03:45:19.675+0000] {processor.py:161} INFO - Started process (PID=1059) to work on /opt/airflow/dags/nyc_taxi_pipeline.py
[2026-07-22T03:45:19.677+0000] {processor.py:830} INFO - Processing file /opt/airflow/dags/nyc_taxi_pipeline.py for tasks to queue
[2026-07-22T03:45:19.680+0000] {logging_mixin.py:188} INFO - [2026-07-22T03:45:19.680+0000] {dagbag.py:540} INFO - Filling up the DagBag from /opt/airflow/dags/nyc_taxi_pipeline.py
[2026-07-22T03:45:19.709+0000] {processor.py:840} INFO - DAG(s) 'nyc_taxi_pipeline' retrieved from /opt/airflow/dags/nyc_taxi_pipeline.py
[2026-07-22T03:45:20.449+0000] {logging_mixin.py:188} INFO - [2026-07-22T03:45:20.448+0000] {dag.py:3096} INFO - Sync 1 DAGs
[2026-07-22T03:45:20.531+0000] {logging_mixin.py:188} INFO - [2026-07-22T03:45:20.530+0000] {dag.py:3954} INFO - Setting next_dagrun for nyc_taxi_pipeline to None, run_after=None
[2026-07-22T03:45:21.074+0000] {processor.py:183} INFO - Processing /opt/airflow/dags/nyc_taxi_pipeline.py took 1.406 seconds
[2026-07-22T03:45:51.946+0000] {processor.py:161} INFO - Started process (PID=1064) to work on /opt/airflow/dags/nyc_taxi_pipeline.py
[2026-07-22T03:45:51.948+0000] {processor.py:830} INFO - Processing file /opt/airflow/dags/nyc_taxi_pipeline.py for tasks to queue
[2026-07-22T03:45:51.951+0000] {logging_mixin.py:188} INFO - [2026-07-22T03:45:51.950+0000] {dagbag.py:540} INFO - Filling up the DagBag from /opt/airflow/dags/nyc_taxi_pipeline.py
[2026-07-22T03:45:51.976+0000] {processor.py:840} INFO - DAG(s) 'nyc_taxi_pipeline' retrieved from /opt/airflow/dags/nyc_taxi_pipeline.py
[2026-07-22T03:45:52.394+0000] {logging_mixin.py:188} INFO - [2026-07-22T03:45:52.393+0000] {dag.py:3096} INFO - Sync 1 DAGs
[2026-07-22T03:45:52.465+0000] {logging_mixin.py:188} INFO - [2026-07-22T03:45:52.465+0000] {dag.py:3954} INFO - Setting next_dagrun for nyc_taxi_pipeline to None, run_after=None
[2026-07-22T03:45:52.764+0000] {processor.py:183} INFO - Processing /opt/airflow/dags/nyc_taxi_pipeline.py took 0.837 seconds
[2026-07-22T03:46:22.990+0000] {processor.py:161} INFO - Started process (PID=1069) to work on /opt/airflow/dags/nyc_taxi_pipeline.py
[2026-07-22T03:46:22.992+0000] {processor.py:830} INFO - Processing file /opt/airflow/dags/nyc_taxi_pipeline.py for tasks to queue
[2026-07-22T03:46:22.996+0000] {logging_mixin.py:188} INFO - [2026-07-22T03:46:22.995+0000] {dagbag.py:540} INFO - Filling up the DagBag from /opt/airflow/dags/nyc_taxi_pipeline.py
[2026-07-22T03:46:23.028+0000] {processor.py:840} INFO - DAG(s) 'nyc_taxi_pipeline' retrieved from /opt/airflow/dags/nyc_taxi_pipeline.py
[2026-07-22T03:46:23.303+0000] {logging_mixin.py:188} INFO - [2026-07-22T03:46:23.303+0000] {dag.py:3096} INFO - Sync 1 DAGs
[2026-07-22T03:46:23.435+0000] {logging_mixin.py:188} INFO - [2026-07-22T03:46:23.435+0000] {dag.py:3954} INFO - Setting next_dagrun for nyc_taxi_pipeline to None, run_after=None
[2026-07-22T03:46:23.865+0000] {processor.py:183} INFO - Processing /opt/airflow/dags/nyc_taxi_pipeline.py took 0.882 seconds
[2026-07-22T03:46:54.713+0000] {processor.py:161} INFO - Started process (PID=1074) to work on /opt/airflow/dags/nyc_taxi_pipeline.py
[2026-07-22T03:46:54.715+0000] {processor.py:830} INFO - Processing file /opt/airflow/dags/nyc_taxi_pipeline.py for tasks to queue
[2026-07-22T03:46:54.718+0000] {logging_mixin.py:188} INFO - [2026-07-22T03:46:54.717+0000] {dagbag.py:540} INFO - Filling up the DagBag from /opt/airflow/dags/nyc_taxi_pipeline.py
[2026-07-22T03:46:54.757+0000] {processor.py:840} INFO - DAG(s) 'nyc_taxi_pipeline' retrieved from /opt/airflow/dags/nyc_taxi_pipeline.py
[2026-07-22T03:46:54.976+0000] {logging_mixin.py:188} INFO - [2026-07-22T03:46:54.976+0000] {dag.py:3096} INFO - Sync 1 DAGs
[2026-07-22T03:46:55.028+0000] {logging_mixin.py:188} INFO - [2026-07-22T03:46:55.028+0000] {dag.py:3954} INFO - Setting next_dagrun for nyc_taxi_pipeline to None, run_after=None
[2026-07-22T03:46:55.239+0000] {processor.py:183} INFO - Processing /opt/airflow/dags/nyc_taxi_pipeline.py took 0.544 seconds
[2026-07-22T03:47:25.800+0000] {processor.py:161} INFO - Started process (PID=1079) to work on /opt/airflow/dags/nyc_taxi_pipeline.py
[2026-07-22T03:47:25.802+0000] {processor.py:830} INFO - Processing file /opt/airflow/dags/nyc_taxi_pipeline.py for tasks to queue
[2026-07-22T03:47:25.810+0000] {logging_mixin.py:188} INFO - [2026-07-22T03:47:25.809+0000] {dagbag.py:540} INFO - Filling up the DagBag from /opt/airflow/dags/nyc_taxi_pipeline.py
[2026-07-22T03:47:25.870+0000] {processor.py:840} INFO - DAG(s) 'nyc_taxi_pipeline' retrieved from /opt/airflow/dags/nyc_taxi_pipeline.py
[2026-07-22T03:47:26.082+0000] {logging_mixin.py:188} INFO - [2026-07-22T03:47:26.082+0000] {dag.py:3096} INFO - Sync 1 DAGs
[2026-07-22T03:47:26.125+0000] {logging_mixin.py:188} INFO - [2026-07-22T03:47:26.125+0000] {dag.py:3954} INFO - Setting next_dagrun for nyc_taxi_pipeline to None, run_after=None
[2026-07-22T03:47:27.792+0000] {processor.py:183} INFO - Processing /opt/airflow/dags/nyc_taxi_pipeline.py took 2.010 seconds
[2026-07-22T03:47:58.189+0000] {processor.py:161} INFO - Started process (PID=1084) to work on /opt/airflow/dags/nyc_taxi_pipeline.py
[2026-07-22T03:47:58.191+0000] {processor.py:830} INFO - Processing file /opt/airflow/dags/nyc_taxi_pipeline.py for tasks to queue
[2026-07-22T03:47:58.196+0000] {logging_mixin.py:188} INFO - [2026-07-22T03:47:58.195+0000] {dagbag.py:540} INFO - Filling up the DagBag from /opt/airflow/dags/nyc_taxi_pipeline.py
[2026-07-22T03:47:58.239+0000] {processor.py:840} INFO - DAG(s) 'nyc_taxi_pipeline' retrieved from /opt/airflow/dags/nyc_taxi_pipeline.py
[2026-07-22T03:47:58.349+0000] {logging_mixin.py:188} INFO - [2026-07-22T03:47:58.349+0000] {dag.py:3096} INFO - Sync 1 DAGs
[2026-07-22T03:47:58.409+0000] {logging_mixin.py:188} INFO - [2026-07-22T03:47:58.409+0000] {dag.py:3954} INFO - Setting next_dagrun for nyc_taxi_pipeline to None, run_after=None
[2026-07-22T03:47:58.496+0000] {processor.py:183} INFO - Processing /opt/airflow/dags/nyc_taxi_pipeline.py took 0.320 seconds
[2026-07-22T03:48:28.607+0000] {processor.py:161} INFO - Started process (PID=1089) to work on /opt/airflow/dags/nyc_taxi_pipeline.py
[2026-07-22T03:48:28.609+0000] {processor.py:830} INFO - Processing file /opt/airflow/dags/nyc_taxi_pipeline.py for tasks to queue
[2026-07-22T03:48:28.614+0000] {logging_mixin.py:188} INFO - [2026-07-22T03:48:28.613+0000] {dagbag.py:540} INFO - Filling up the DagBag from /opt/airflow/dags/nyc_taxi_pipeline.py
[2026-07-22T03:48:28.650+0000] {processor.py:840} INFO - DAG(s) 'nyc_taxi_pipeline' retrieved from /opt/airflow/dags/nyc_taxi_pipeline.py
[2026-07-22T03:48:28.767+0000] {logging_mixin.py:188} INFO - [2026-07-22T03:48:28.767+0000] {dag.py:3096} INFO - Sync 1 DAGs
[2026-07-22T03:48:28.834+0000] {logging_mixin.py:188} INFO - [2026-07-22T03:48:28.833+0000] {dag.py:3954} INFO - Setting next_dagrun for nyc_taxi_pipeline to None, run_after=None
[2026-07-22T03:48:28.931+0000] {processor.py:183} INFO - Processing /opt/airflow/dags/nyc_taxi_pipeline.py took 0.337 seconds
[2026-07-22T03:48:59.153+0000] {processor.py:161} INFO - Started process (PID=1094) to work on /opt/airflow/dags/nyc_taxi_pipeline.py
[2026-07-22T03:48:59.155+0000] {processor.py:830} INFO - Processing file /opt/airflow/dags/nyc_taxi_pipeline.py for tasks to queue
[2026-07-22T03:48:59.158+0000] {logging_mixin.py:188} INFO - [2026-07-22T03:48:59.158+0000] {dagbag.py:540} INFO - Filling up the DagBag from /opt/airflow/dags/nyc_taxi_pipeline.py
[2026-07-22T03:48:59.195+0000] {processor.py:840} INFO - DAG(s) 'nyc_taxi_pipeline' retrieved from /opt/airflow/dags/nyc_taxi_pipeline.py
[2026-07-22T03:48:59.311+0000] {logging_mixin.py:188} INFO - [2026-07-22T03:48:59.310+0000] {dag.py:3096} INFO - Sync 1 DAGs
[2026-07-22T03:48:59.370+0000] {logging_mixin.py:188} INFO - [2026-07-22T03:48:59.370+0000] {dag.py:3954} INFO - Setting next_dagrun for nyc_taxi_pipeline to None, run_after=None
[2026-07-22T03:48:59.461+0000] {processor.py:183} INFO - Processing /opt/airflow/dags/nyc_taxi_pipeline.py took 0.320 seconds
[2026-07-22T03:49:29.558+0000] {processor.py:161} INFO - Started process (PID=1099) to work on /opt/airflow/dags/nyc_taxi_pipeline.py
[2026-07-22T03:49:29.560+0000] {processor.py:830} INFO - Processing file /opt/airflow/dags/nyc_taxi_pipeline.py for tasks to queue
[2026-07-22T03:49:29.564+0000] {logging_mixin.py:188} INFO - [2026-07-22T03:49:29.563+0000] {dagbag.py:540} INFO - Filling up the DagBag from /opt/airflow/dags/nyc_taxi_pipeline.py
[2026-07-22T03:49:29.596+0000] {processor.py:840} INFO - DAG(s) 'nyc_taxi_pipeline' retrieved from /opt/airflow/dags/nyc_taxi_pipeline.py
[2026-07-22T03:49:30.169+0000] {logging_mixin.py:188} INFO - [2026-07-22T03:49:30.169+0000] {dag.py:3096} INFO - Sync 1 DAGs
[2026-07-22T03:49:30.198+0000] {logging_mixin.py:188} INFO - [2026-07-22T03:49:30.198+0000] {dag.py:3954} INFO - Setting next_dagrun for nyc_taxi_pipeline to None, run_after=None
[2026-07-22T03:49:30.681+0000] {processor.py:183} INFO - Processing /opt/airflow/dags/nyc_taxi_pipeline.py took 1.140 seconds
[2026-07-22T03:50:00.905+0000] {processor.py:161} INFO - Started process (PID=1160) to work on /opt/airflow/dags/nyc_taxi_pipeline.py
[2026-07-22T03:50:00.907+0000] {processor.py:830} INFO - Processing file /opt/airflow/dags/nyc_taxi_pipeline.py for tasks to queue
[2026-07-22T03:50:00.910+0000] {logging_mixin.py:188} INFO - [2026-07-22T03:50:00.910+0000] {dagbag.py:540} INFO - Filling up the DagBag from /opt/airflow/dags/nyc_taxi_pipeline.py
[2026-07-22T03:50:00.939+0000] {processor.py:840} INFO - DAG(s) 'nyc_taxi_pipeline' retrieved from /opt/airflow/dags/nyc_taxi_pipeline.py
[2026-07-22T03:50:01.033+0000] {logging_mixin.py:188} INFO - [2026-07-22T03:50:01.032+0000] {dag.py:3096} INFO - Sync 1 DAGs
[2026-07-22T03:50:01.063+0000] {logging_mixin.py:188} INFO - [2026-07-22T03:50:01.063+0000] {dag.py:3954} INFO - Setting next_dagrun for nyc_taxi_pipeline to None, run_after=None
[2026-07-22T03:50:01.120+0000] {processor.py:183} INFO - Processing /opt/airflow/dags/nyc_taxi_pipeline.py took 0.226 seconds
[2026-07-22T03:50:31.438+0000] {processor.py:161} INFO - Started process (PID=1165) to work on /opt/airflow/dags/nyc_taxi_pipeline.py
[2026-07-22T03:50:31.441+0000] {processor.py:830} INFO - Processing file /opt/airflow/dags/nyc_taxi_pipeline.py for tasks to queue
[2026-07-22T03:50:31.445+0000] {logging_mixin.py:188} INFO - [2026-07-22T03:50:31.444+0000] {dagbag.py:540} INFO - Filling up the DagBag from /opt/airflow/dags/nyc_taxi_pipeline.py
[2026-07-22T03:50:31.476+0000] {processor.py:840} INFO - DAG(s) 'nyc_taxi_pipeline' retrieved from /opt/airflow/dags/nyc_taxi_pipeline.py
[2026-07-22T03:50:31.589+0000] {logging_mixin.py:188} INFO - [2026-07-22T03:50:31.589+0000] {dag.py:3096} INFO - Sync 1 DAGs
[2026-07-22T03:50:31.617+0000] {logging_mixin.py:188} INFO - [2026-07-22T03:50:31.616+0000] {dag.py:3954} INFO - Setting next_dagrun for nyc_taxi_pipeline to None, run_after=None
[2026-07-22T03:50:31.684+0000] {processor.py:183} INFO - Processing /opt/airflow/dags/nyc_taxi_pipeline.py took 0.255 seconds
[2026-07-22T03:51:01.931+0000] {processor.py:161} INFO - Started process (PID=1170) to work on /opt/airflow/dags/nyc_taxi_pipeline.py
[2026-07-22T03:51:01.933+0000] {processor.py:830} INFO - Processing file /opt/airflow/dags/nyc_taxi_pipeline.py for tasks to queue
[2026-07-22T03:51:01.937+0000] {logging_mixin.py:188} INFO - [2026-07-22T03:51:01.936+0000] {dagbag.py:540} INFO - Filling up the DagBag from /opt/airflow/dags/nyc_taxi_pipeline.py
[2026-07-22T03:51:01.965+0000] {processor.py:840} INFO - DAG(s) 'nyc_taxi_pipeline' retrieved from /opt/airflow/dags/nyc_taxi_pipeline.py
[2026-07-22T03:51:02.071+0000] {logging_mixin.py:188} INFO - [2026-07-22T03:51:02.071+0000] {dag.py:3096} INFO - Sync 1 DAGs
[2026-07-22T03:51:02.094+0000] {logging_mixin.py:188} INFO - [2026-07-22T03:51:02.094+0000] {dag.py:3954} INFO - Setting next_dagrun for nyc_taxi_pipeline to None, run_after=None
[2026-07-22T03:51:02.154+0000] {processor.py:183} INFO - Processing /opt/airflow/dags/nyc_taxi_pipeline.py took 0.230 seconds
[2026-07-22T03:51:32.445+0000] {processor.py:161} INFO - Started process (PID=1175) to work on /opt/airflow/dags/nyc_taxi_pipeline.py
[2026-07-22T03:51:32.447+0000] {processor.py:830} INFO - Processing file /opt/airflow/dags/nyc_taxi_pipeline.py for tasks to queue
[2026-07-22T03:51:32.450+0000] {logging_mixin.py:188} INFO - [2026-07-22T03:51:32.450+0000] {dagbag.py:540} INFO - Filling up the DagBag from /opt/airflow/dags/nyc_taxi_pipeline.py
[2026-07-22T03:51:32.484+0000] {processor.py:840} INFO - DAG(s) 'nyc_taxi_pipeline' retrieved from /opt/airflow/dags/nyc_taxi_pipeline.py
[2026-07-22T03:51:32.589+0000] {logging_mixin.py:188} INFO - [2026-07-22T03:51:32.589+0000] {dag.py:3096} INFO - Sync 1 DAGs
[2026-07-22T03:51:32.619+0000] {logging_mixin.py:188} INFO - [2026-07-22T03:51:32.619+0000] {dag.py:3954} INFO - Setting next_dagrun for nyc_taxi_pipeline to None, run_after=None
[2026-07-22T03:51:32.686+0000] {processor.py:183} INFO - Processing /opt/airflow/dags/nyc_taxi_pipeline.py took 0.250 seconds
[2026-07-22T03:52:02.947+0000] {processor.py:161} INFO - Started process (PID=1180) to work on /opt/airflow/dags/nyc_taxi_pipeline.py
[2026-07-22T03:52:02.950+0000] {processor.py:830} INFO - Processing file /opt/airflow/dags/nyc_taxi_pipeline.py for tasks to queue
[2026-07-22T03:52:02.953+0000] {logging_mixin.py:188} INFO - [2026-07-22T03:52:02.953+0000] {dagbag.py:540} INFO - Filling up the DagBag from /opt/airflow/dags/nyc_taxi_pipeline.py
[2026-07-22T03:52:02.984+0000] {processor.py:840} INFO - DAG(s) 'nyc_taxi_pipeline' retrieved from /opt/airflow/dags/nyc_taxi_pipeline.py
[2026-07-22T03:52:03.081+0000] {logging_mixin.py:188} INFO - [2026-07-22T03:52:03.081+0000] {dag.py:3096} INFO - Sync 1 DAGs
[2026-07-22T03:52:03.108+0000] {logging_mixin.py:188} INFO - [2026-07-22T03:52:03.108+0000] {dag.py:3954} INFO - Setting next_dagrun for nyc_taxi_pipeline to None, run_after=None
[2026-07-22T03:52:03.161+0000] {processor.py:183} INFO - Processing /opt/airflow/dags/nyc_taxi_pipeline.py took 0.224 seconds
[2026-07-22T03:52:33.437+0000] {processor.py:161} INFO - Started process (PID=1185) to work on /opt/airflow/dags/nyc_taxi_pipeline.py
[2026-07-22T03:52:33.439+0000] {processor.py:830} INFO - Processing file /opt/airflow/dags/nyc_taxi_pipeline.py for tasks to queue
[2026-07-22T03:52:33.449+0000] {logging_mixin.py:188} INFO - [2026-07-22T03:52:33.448+0000] {dagbag.py:540} INFO - Filling up the DagBag from /opt/airflow/dags/nyc_taxi_pipeline.py
[2026-07-22T03:52:33.486+0000] {processor.py:840} INFO - DAG(s) 'nyc_taxi_pipeline' retrieved from /opt/airflow/dags/nyc_taxi_pipeline.py
[2026-07-22T03:52:33.581+0000] {logging_mixin.py:188} INFO - [2026-07-22T03:52:33.581+0000] {dag.py:3096} INFO - Sync 1 DAGs
[2026-07-22T03:52:33.602+0000] {logging_mixin.py:188} INFO - [2026-07-22T03:52:33.602+0000] {dag.py:3954} INFO - Setting next_dagrun for nyc_taxi_pipeline to None, run_after=None
[2026-07-22T03:52:33.657+0000] {processor.py:183} INFO - Processing /opt/airflow/dags/nyc_taxi_pipeline.py took 0.228 seconds
[2026-07-22T03:53:03.969+0000] {processor.py:161} INFO - Started process (PID=1205) to work on /opt/airflow/dags/nyc_taxi_pipeline.py
[2026-07-22T03:53:03.971+0000] {processor.py:830} INFO - Processing file /opt/airflow/dags/nyc_taxi_pipeline.py for tasks to queue
[2026-07-22T03:53:03.974+0000] {logging_mixin.py:188} INFO - [2026-07-22T03:53:03.974+0000] {dagbag.py:540} INFO - Filling up the DagBag from /opt/airflow/dags/nyc_taxi_pipeline.py
[2026-07-22T03:53:04.006+0000] {processor.py:840} INFO - DAG(s) 'nyc_taxi_pipeline' retrieved from /opt/airflow/dags/nyc_taxi_pipeline.py
[2026-07-22T03:53:04.102+0000] {logging_mixin.py:188} INFO - [2026-07-22T03:53:04.101+0000] {dag.py:3096} INFO - Sync 1 DAGs
[2026-07-22T03:53:04.126+0000] {logging_mixin.py:188} INFO - [2026-07-22T03:53:04.126+0000] {dag.py:3954} INFO - Setting next_dagrun for nyc_taxi_pipeline to None, run_after=None
[2026-07-22T03:53:04.182+0000] {processor.py:183} INFO - Processing /opt/airflow/dags/nyc_taxi_pipeline.py took 0.220 seconds
[2026-07-22T03:53:34.548+0000] {processor.py:161} INFO - Started process (PID=1210) to work on /opt/airflow/dags/nyc_taxi_pipeline.py
[2026-07-22T03:53:34.550+0000] {processor.py:830} INFO - Processing file /opt/airflow/dags/nyc_taxi_pipeline.py for tasks to queue
[2026-07-22T03:53:34.554+0000] {logging_mixin.py:188} INFO - [2026-07-22T03:53:34.553+0000] {dagbag.py:540} INFO - Filling up the DagBag from /opt/airflow/dags/nyc_taxi_pipeline.py
[2026-07-22T03:53:34.585+0000] {processor.py:840} INFO - DAG(s) 'nyc_taxi_pipeline' retrieved from /opt/airflow/dags/nyc_taxi_pipeline.py
[2026-07-22T03:53:34.791+0000] {logging_mixin.py:188} INFO - [2026-07-22T03:53:34.791+0000] {dag.py:3096} INFO - Sync 1 DAGs
[2026-07-22T03:53:34.814+0000] {logging_mixin.py:188} INFO - [2026-07-22T03:53:34.813+0000] {dag.py:3954} INFO - Setting next_dagrun for nyc_taxi_pipeline to None, run_after=None
[2026-07-22T03:53:34.869+0000] {processor.py:183} INFO - Processing /opt/airflow/dags/nyc_taxi_pipeline.py took 0.331 seconds
[2026-07-22T03:54:05.115+0000] {processor.py:161} INFO - Started process (PID=1215) to work on /opt/airflow/dags/nyc_taxi_pipeline.py
[2026-07-22T03:54:05.117+0000] {processor.py:830} INFO - Processing file /opt/airflow/dags/nyc_taxi_pipeline.py for tasks to queue
[2026-07-22T03:54:05.120+0000] {logging_mixin.py:188} INFO - [2026-07-22T03:54:05.120+0000] {dagbag.py:540} INFO - Filling up the DagBag from /opt/airflow/dags/nyc_taxi_pipeline.py
[2026-07-22T03:54:05.146+0000] {processor.py:840} INFO - DAG(s) 'nyc_taxi_pipeline' retrieved from /opt/airflow/dags/nyc_taxi_pipeline.py
[2026-07-22T03:54:05.352+0000] {logging_mixin.py:188} INFO - [2026-07-22T03:54:05.351+0000] {dag.py:3096} INFO - Sync 1 DAGs
[2026-07-22T03:54:05.375+0000] {logging_mixin.py:188} INFO - [2026-07-22T03:54:05.375+0000] {dag.py:3954} INFO - Setting next_dagrun for nyc_taxi_pipeline to None, run_after=None
[2026-07-22T03:54:05.424+0000] {processor.py:183} INFO - Processing /opt/airflow/dags/nyc_taxi_pipeline.py took 0.316 seconds
[2026-07-22T03:54:35.784+0000] {processor.py:161} INFO - Started process (PID=1220) to work on /opt/airflow/dags/nyc_taxi_pipeline.py
[2026-07-22T03:54:35.787+0000] {processor.py:830} INFO - Processing file /opt/airflow/dags/nyc_taxi_pipeline.py for tasks to queue
[2026-07-22T03:54:35.790+0000] {logging_mixin.py:188} INFO - [2026-07-22T03:54:35.789+0000] {dagbag.py:540} INFO - Filling up the DagBag from /opt/airflow/dags/nyc_taxi_pipeline.py
[2026-07-22T03:54:35.818+0000] {processor.py:840} INFO - DAG(s) 'nyc_taxi_pipeline' retrieved from /opt/airflow/dags/nyc_taxi_pipeline.py
[2026-07-22T03:54:35.914+0000] {logging_mixin.py:188} INFO - [2026-07-22T03:54:35.914+0000] {dag.py:3096} INFO - Sync 1 DAGs
[2026-07-22T03:54:35.938+0000] {logging_mixin.py:188} INFO - [2026-07-22T03:54:35.937+0000] {dag.py:3954} INFO - Setting next_dagrun for nyc_taxi_pipeline to None, run_after=None
[2026-07-22T03:54:35.987+0000] {processor.py:183} INFO - Processing /opt/airflow/dags/nyc_taxi_pipeline.py took 0.212 seconds
[2026-07-22T03:55:06.338+0000] {processor.py:161} INFO - Started process (PID=1225) to work on /opt/airflow/dags/nyc_taxi_pipeline.py
[2026-07-22T03:55:06.340+0000] {processor.py:830} INFO - Processing file /opt/airflow/dags/nyc_taxi_pipeline.py for tasks to queue
[2026-07-22T03:55:06.344+0000] {logging_mixin.py:188} INFO - [2026-07-22T03:55:06.343+0000] {dagbag.py:540} INFO - Filling up the DagBag from /opt/airflow/dags/nyc_taxi_pipeline.py
[2026-07-22T03:55:06.369+0000] {processor.py:840} INFO - DAG(s) 'nyc_taxi_pipeline' retrieved from /opt/airflow/dags/nyc_taxi_pipeline.py
[2026-07-22T03:55:06.571+0000] {logging_mixin.py:188} INFO - [2026-07-22T03:55:06.570+0000] {dag.py:3096} INFO - Sync 1 DAGs
[2026-07-22T03:55:06.594+0000] {logging_mixin.py:188} INFO - [2026-07-22T03:55:06.594+0000] {dag.py:3954} INFO - Setting next_dagrun for nyc_taxi_pipeline to None, run_after=None
[2026-07-22T03:55:06.646+0000] {processor.py:183} INFO - Processing /opt/airflow/dags/nyc_taxi_pipeline.py took 0.318 seconds
[2026-07-22T03:55:36.995+0000] {processor.py:161} INFO - Started process (PID=1230) to work on /opt/airflow/dags/nyc_taxi_pipeline.py
[2026-07-22T03:55:36.997+0000] {processor.py:830} INFO - Processing file /opt/airflow/dags/nyc_taxi_pipeline.py for tasks to queue
[2026-07-22T03:55:37.001+0000] {logging_mixin.py:188} INFO - [2026-07-22T03:55:37.000+0000] {dagbag.py:540} INFO - Filling up the DagBag from /opt/airflow/dags/nyc_taxi_pipeline.py
[2026-07-22T03:55:37.033+0000] {processor.py:840} INFO - DAG(s) 'nyc_taxi_pipeline' retrieved from /opt/airflow/dags/nyc_taxi_pipeline.py
[2026-07-22T03:55:37.155+0000] {logging_mixin.py:188} INFO - [2026-07-22T03:55:37.155+0000] {dag.py:3096} INFO - Sync 1 DAGs
[2026-07-22T03:55:37.192+0000] {logging_mixin.py:188} INFO - [2026-07-22T03:55:37.191+0000] {dag.py:3954} INFO - Setting next_dagrun for nyc_taxi_pipeline to None, run_after=None
[2026-07-22T03:55:37.237+0000] {processor.py:183} INFO - Processing /opt/airflow/dags/nyc_taxi_pipeline.py took 0.254 seconds
[2026-07-22T03:56:07.575+0000] {processor.py:161} INFO - Started process (PID=1235) to work on /opt/airflow/dags/nyc_taxi_pipeline.py
[2026-07-22T03:56:07.582+0000] {processor.py:830} INFO - Processing file /opt/airflow/dags/nyc_taxi_pipeline.py for tasks to queue
[2026-07-22T03:56:07.593+0000] {logging_mixin.py:188} INFO - [2026-07-22T03:56:07.592+0000] {dagbag.py:540} INFO - Filling up the DagBag from /opt/airflow/dags/nyc_taxi_pipeline.py
[2026-07-22T03:56:07.641+0000] {processor.py:840} INFO - DAG(s) 'nyc_taxi_pipeline' retrieved from /opt/airflow/dags/nyc_taxi_pipeline.py
[2026-07-22T03:56:07.741+0000] {logging_mixin.py:188} INFO - [2026-07-22T03:56:07.740+0000] {dag.py:3096} INFO - Sync 1 DAGs
[2026-07-22T03:56:07.769+0000] {logging_mixin.py:188} INFO - [2026-07-22T03:56:07.768+0000] {dag.py:3954} INFO - Setting next_dagrun for nyc_taxi_pipeline to None, run_after=None
[2026-07-22T03:56:07.814+0000] {processor.py:183} INFO - Processing /opt/airflow/dags/nyc_taxi_pipeline.py took 0.265 seconds
[2026-07-22T03:56:38.045+0000] {processor.py:161} INFO - Started process (PID=1240) to work on /opt/airflow/dags/nyc_taxi_pipeline.py
[2026-07-22T03:56:38.047+0000] {processor.py:830} INFO - Processing file /opt/airflow/dags/nyc_taxi_pipeline.py for tasks to queue
[2026-07-22T03:56:38.050+0000] {logging_mixin.py:188} INFO - [2026-07-22T03:56:38.049+0000] {dagbag.py:540} INFO - Filling up the DagBag from /opt/airflow/dags/nyc_taxi_pipeline.py
[2026-07-22T03:56:38.080+0000] {processor.py:840} INFO - DAG(s) 'nyc_taxi_pipeline' retrieved from /opt/airflow/dags/nyc_taxi_pipeline.py
[2026-07-22T03:56:38.184+0000] {logging_mixin.py:188} INFO - [2026-07-22T03:56:38.183+0000] {dag.py:3096} INFO - Sync 1 DAGs
[2026-07-22T03:56:38.211+0000] {logging_mixin.py:188} INFO - [2026-07-22T03:56:38.211+0000] {dag.py:3954} INFO - Setting next_dagrun for nyc_taxi_pipeline to None, run_after=None
[2026-07-22T03:56:38.262+0000] {processor.py:183} INFO - Processing /opt/airflow/dags/nyc_taxi_pipeline.py took 0.225 seconds
[2026-07-22T03:57:08.721+0000] {processor.py:161} INFO - Started process (PID=1245) to work on /opt/airflow/dags/nyc_taxi_pipeline.py
[2026-07-22T03:57:08.723+0000] {processor.py:830} INFO - Processing file /opt/airflow/dags/nyc_taxi_pipeline.py for tasks to queue
[2026-07-22T03:57:08.726+0000] {logging_mixin.py:188} INFO - [2026-07-22T03:57:08.725+0000] {dagbag.py:540} INFO - Filling up the DagBag from /opt/airflow/dags/nyc_taxi_pipeline.py
[2026-07-22T03:57:08.757+0000] {processor.py:840} INFO - DAG(s) 'nyc_taxi_pipeline' retrieved from /opt/airflow/dags/nyc_taxi_pipeline.py
[2026-07-22T03:57:08.853+0000] {logging_mixin.py:188} INFO - [2026-07-22T03:57:08.852+0000] {dag.py:3096} INFO - Sync 1 DAGs
[2026-07-22T03:57:08.875+0000] {logging_mixin.py:188} INFO - [2026-07-22T03:57:08.875+0000] {dag.py:3954} INFO - Setting next_dagrun for nyc_taxi_pipeline to None, run_after=None
[2026-07-22T03:57:08.923+0000] {processor.py:183} INFO - Processing /opt/airflow/dags/nyc_taxi_pipeline.py took 0.210 seconds
[2026-07-22T03:57:39.190+0000] {processor.py:161} INFO - Started process (PID=1250) to work on /opt/airflow/dags/nyc_taxi_pipeline.py
[2026-07-22T03:57:39.192+0000] {processor.py:830} INFO - Processing file /opt/airflow/dags/nyc_taxi_pipeline.py for tasks to queue
[2026-07-22T03:57:39.195+0000] {logging_mixin.py:188} INFO - [2026-07-22T03:57:39.195+0000] {dagbag.py:540} INFO - Filling up the DagBag from /opt/airflow/dags/nyc_taxi_pipeline.py
[2026-07-22T03:57:39.221+0000] {processor.py:840} INFO - DAG(s) 'nyc_taxi_pipeline' retrieved from /opt/airflow/dags/nyc_taxi_pipeline.py
[2026-07-22T03:57:39.332+0000] {logging_mixin.py:188} INFO - [2026-07-22T03:57:39.331+0000] {dag.py:3096} INFO - Sync 1 DAGs
[2026-07-22T03:57:39.361+0000] {logging_mixin.py:188} INFO - [2026-07-22T03:57:39.361+0000] {dag.py:3954} INFO - Setting next_dagrun for nyc_taxi_pipeline to None, run_after=None
[2026-07-22T03:57:39.408+0000] {processor.py:183} INFO - Processing /opt/airflow/dags/nyc_taxi_pipeline.py took 0.226 seconds
[2026-07-22T03:58:09.974+0000] {processor.py:161} INFO - Started process (PID=1255) to work on /opt/airflow/dags/nyc_taxi_pipeline.py
[2026-07-22T03:58:09.977+0000] {processor.py:830} INFO - Processing file /opt/airflow/dags/nyc_taxi_pipeline.py for tasks to queue
[2026-07-22T03:58:09.981+0000] {logging_mixin.py:188} INFO - [2026-07-22T03:58:09.981+0000] {dagbag.py:540} INFO - Filling up the DagBag from /opt/airflow/dags/nyc_taxi_pipeline.py
[2026-07-22T03:58:10.012+0000] {processor.py:840} INFO - DAG(s) 'nyc_taxi_pipeline' retrieved from /opt/airflow/dags/nyc_taxi_pipeline.py
[2026-07-22T03:58:10.117+0000] {logging_mixin.py:188} INFO - [2026-07-22T03:58:10.117+0000] {dag.py:3096} INFO - Sync 1 DAGs
[2026-07-22T03:58:10.141+0000] {logging_mixin.py:188} INFO - [2026-07-22T03:58:10.140+0000] {dag.py:3954} INFO - Setting next_dagrun for nyc_taxi_pipeline to None, run_after=None
[2026-07-22T03:58:10.184+0000] {processor.py:183} INFO - Processing /opt/airflow/dags/nyc_taxi_pipeline.py took 0.216 seconds
[2026-07-22T03:58:40.470+0000] {processor.py:161} INFO - Started process (PID=1260) to work on /opt/airflow/dags/nyc_taxi_pipeline.py
[2026-07-22T03:58:40.473+0000] {processor.py:830} INFO - Processing file /opt/airflow/dags/nyc_taxi_pipeline.py for tasks to queue
[2026-07-22T03:58:40.476+0000] {logging_mixin.py:188} INFO - [2026-07-22T03:58:40.476+0000] {dagbag.py:540} INFO - Filling up the DagBag from /opt/airflow/dags/nyc_taxi_pipeline.py
[2026-07-22T03:58:40.507+0000] {processor.py:840} INFO - DAG(s) 'nyc_taxi_pipeline' retrieved from /opt/airflow/dags/nyc_taxi_pipeline.py
[2026-07-22T03:58:40.601+0000] {logging_mixin.py:188} INFO - [2026-07-22T03:58:40.601+0000] {dag.py:3096} INFO - Sync 1 DAGs
[2026-07-22T03:58:40.624+0000] {logging_mixin.py:188} INFO - [2026-07-22T03:58:40.624+0000] {dag.py:3954} INFO - Setting next_dagrun for nyc_taxi_pipeline to None, run_after=None
[2026-07-22T03:58:40.683+0000] {processor.py:183} INFO - Processing /opt/airflow/dags/nyc_taxi_pipeline.py took 0.221 seconds
[2026-07-22T03:59:11.035+0000] {processor.py:161} INFO - Started process (PID=1265) to work on /opt/airflow/dags/nyc_taxi_pipeline.py
[2026-07-22T03:59:11.038+0000] {processor.py:830} INFO - Processing file /opt/airflow/dags/nyc_taxi_pipeline.py for tasks to queue
[2026-07-22T03:59:11.045+0000] {logging_mixin.py:188} INFO - [2026-07-22T03:59:11.044+0000] {dagbag.py:540} INFO - Filling up the DagBag from /opt/airflow/dags/nyc_taxi_pipeline.py
[2026-07-22T03:59:11.084+0000] {processor.py:840} INFO - DAG(s) 'nyc_taxi_pipeline' retrieved from /opt/airflow/dags/nyc_taxi_pipeline.py
[2026-07-22T03:59:11.293+0000] {logging_mixin.py:188} INFO - [2026-07-22T03:59:11.292+0000] {dag.py:3096} INFO - Sync 1 DAGs
[2026-07-22T03:59:11.315+0000] {logging_mixin.py:188} INFO - [2026-07-22T03:59:11.314+0000] {dag.py:3954} INFO - Setting next_dagrun for nyc_taxi_pipeline to None, run_after=None
[2026-07-22T03:59:11.360+0000] {processor.py:183} INFO - Processing /opt/airflow/dags/nyc_taxi_pipeline.py took 0.340 seconds
[2026-07-22T03:59:41.597+0000] {processor.py:161} INFO - Started process (PID=1270) to work on /opt/airflow/dags/nyc_taxi_pipeline.py
[2026-07-22T03:59:41.599+0000] {processor.py:830} INFO - Processing file /opt/airflow/dags/nyc_taxi_pipeline.py for tasks to queue
[2026-07-22T03:59:41.603+0000] {logging_mixin.py:188} INFO - [2026-07-22T03:59:41.602+0000] {dagbag.py:540} INFO - Filling up the DagBag from /opt/airflow/dags/nyc_taxi_pipeline.py
[2026-07-22T03:59:41.631+0000] {processor.py:840} INFO - DAG(s) 'nyc_taxi_pipeline' retrieved from /opt/airflow/dags/nyc_taxi_pipeline.py
[2026-07-22T03:59:41.729+0000] {logging_mixin.py:188} INFO - [2026-07-22T03:59:41.729+0000] {dag.py:3096} INFO - Sync 1 DAGs
[2026-07-22T03:59:41.752+0000] {logging_mixin.py:188} INFO - [2026-07-22T03:59:41.752+0000] {dag.py:3954} INFO - Setting next_dagrun for nyc_taxi_pipeline to None, run_after=None
[2026-07-22T03:59:41.799+0000] {processor.py:183} INFO - Processing /opt/airflow/dags/nyc_taxi_pipeline.py took 0.210 seconds
[2026-07-22T04:00:12.066+0000] {processor.py:161} INFO - Started process (PID=1275) to work on /opt/airflow/dags/nyc_taxi_pipeline.py
[2026-07-22T04:00:12.068+0000] {processor.py:830} INFO - Processing file /opt/airflow/dags/nyc_taxi_pipeline.py for tasks to queue
[2026-07-22T04:00:12.072+0000] {logging_mixin.py:188} INFO - [2026-07-22T04:00:12.071+0000] {dagbag.py:540} INFO - Filling up the DagBag from /opt/airflow/dags/nyc_taxi_pipeline.py
[2026-07-22T04:00:12.102+0000] {processor.py:840} INFO - DAG(s) 'nyc_taxi_pipeline' retrieved from /opt/airflow/dags/nyc_taxi_pipeline.py
[2026-07-22T04:00:12.201+0000] {logging_mixin.py:188} INFO - [2026-07-22T04:00:12.200+0000] {dag.py:3096} INFO - Sync 1 DAGs
[2026-07-22T04:00:12.228+0000] {logging_mixin.py:188} INFO - [2026-07-22T04:00:12.227+0000] {dag.py:3954} INFO - Setting next_dagrun for nyc_taxi_pipeline to None, run_after=None
[2026-07-22T04:00:12.273+0000] {processor.py:183} INFO - Processing /opt/airflow/dags/nyc_taxi_pipeline.py took 0.215 seconds
[2026-07-22T04:00:42.776+0000] {processor.py:161} INFO - Started process (PID=1280) to work on /opt/airflow/dags/nyc_taxi_pipeline.py
[2026-07-22T04:00:42.778+0000] {processor.py:830} INFO - Processing file /opt/airflow/dags/nyc_taxi_pipeline.py for tasks to queue
[2026-07-22T04:00:42.782+0000] {logging_mixin.py:188} INFO - [2026-07-22T04:00:42.781+0000] {dagbag.py:540} INFO - Filling up the DagBag from /opt/airflow/dags/nyc_taxi_pipeline.py
[2026-07-22T04:00:42.809+0000] {processor.py:840} INFO - DAG(s) 'nyc_taxi_pipeline' retrieved from /opt/airflow/dags/nyc_taxi_pipeline.py
[2026-07-22T04:00:42.907+0000] {logging_mixin.py:188} INFO - [2026-07-22T04:00:42.907+0000] {dag.py:3096} INFO - Sync 1 DAGs
[2026-07-22T04:00:42.930+0000] {logging_mixin.py:188} INFO - [2026-07-22T04:00:42.929+0000] {dag.py:3954} INFO - Setting next_dagrun for nyc_taxi_pipeline to None, run_after=None
[2026-07-22T04:00:42.982+0000] {processor.py:183} INFO - Processing /opt/airflow/dags/nyc_taxi_pipeline.py took 0.215 seconds
[2026-07-22T04:01:13.334+0000] {processor.py:161} INFO - Started process (PID=1285) to work on /opt/airflow/dags/nyc_taxi_pipeline.py
[2026-07-22T04:01:13.337+0000] {processor.py:830} INFO - Processing file /opt/airflow/dags/nyc_taxi_pipeline.py for tasks to queue
[2026-07-22T04:01:13.346+0000] {logging_mixin.py:188} INFO - [2026-07-22T04:01:13.345+0000] {dagbag.py:540} INFO - Filling up the DagBag from /opt/airflow/dags/nyc_taxi_pipeline.py
[2026-07-22T04:01:13.376+0000] {processor.py:840} INFO - DAG(s) 'nyc_taxi_pipeline' retrieved from /opt/airflow/dags/nyc_taxi_pipeline.py
[2026-07-22T04:01:13.476+0000] {logging_mixin.py:188} INFO - [2026-07-22T04:01:13.476+0000] {dag.py:3096} INFO - Sync 1 DAGs
[2026-07-22T04:01:13.500+0000] {logging_mixin.py:188} INFO - [2026-07-22T04:01:13.500+0000] {dag.py:3954} INFO - Setting next_dagrun for nyc_taxi_pipeline to None, run_after=None
[2026-07-22T04:01:13.548+0000] {processor.py:183} INFO - Processing /opt/airflow/dags/nyc_taxi_pipeline.py took 0.228 seconds
[2026-07-22T04:01:43.861+0000] {processor.py:161} INFO - Started process (PID=1290) to work on /opt/airflow/dags/nyc_taxi_pipeline.py
[2026-07-22T04:01:43.863+0000] {processor.py:830} INFO - Processing file /opt/airflow/dags/nyc_taxi_pipeline.py for tasks to queue
[2026-07-22T04:01:43.868+0000] {logging_mixin.py:188} INFO - [2026-07-22T04:01:43.867+0000] {dagbag.py:540} INFO - Filling up the DagBag from /opt/airflow/dags/nyc_taxi_pipeline.py
[2026-07-22T04:01:43.905+0000] {processor.py:840} INFO - DAG(s) 'nyc_taxi_pipeline' retrieved from /opt/airflow/dags/nyc_taxi_pipeline.py
[2026-07-22T04:01:44.006+0000] {logging_mixin.py:188} INFO - [2026-07-22T04:01:44.005+0000] {dag.py:3096} INFO - Sync 1 DAGs
[2026-07-22T04:01:44.029+0000] {logging_mixin.py:188} INFO - [2026-07-22T04:01:44.029+0000] {dag.py:3954} INFO - Setting next_dagrun for nyc_taxi_pipeline to None, run_after=None
[2026-07-22T04:01:44.077+0000] {processor.py:183} INFO - Processing /opt/airflow/dags/nyc_taxi_pipeline.py took 0.227 seconds
[2026-07-22T04:02:14.409+0000] {processor.py:161} INFO - Started process (PID=1295) to work on /opt/airflow/dags/nyc_taxi_pipeline.py
[2026-07-22T04:02:14.417+0000] {processor.py:830} INFO - Processing file /opt/airflow/dags/nyc_taxi_pipeline.py for tasks to queue
[2026-07-22T04:02:14.421+0000] {logging_mixin.py:188} INFO - [2026-07-22T04:02:14.421+0000] {dagbag.py:540} INFO - Filling up the DagBag from /opt/airflow/dags/nyc_taxi_pipeline.py
[2026-07-22T04:02:14.452+0000] {processor.py:840} INFO - DAG(s) 'nyc_taxi_pipeline' retrieved from /opt/airflow/dags/nyc_taxi_pipeline.py
[2026-07-22T04:02:14.550+0000] {logging_mixin.py:188} INFO - [2026-07-22T04:02:14.550+0000] {dag.py:3096} INFO - Sync 1 DAGs
[2026-07-22T04:02:14.577+0000] {logging_mixin.py:188} INFO - [2026-07-22T04:02:14.577+0000] {dag.py:3954} INFO - Setting next_dagrun for nyc_taxi_pipeline to None, run_after=None
[2026-07-22T04:02:14.625+0000] {processor.py:183} INFO - Processing /opt/airflow/dags/nyc_taxi_pipeline.py took 0.230 seconds
[2026-07-22T04:02:44.843+0000] {processor.py:161} INFO - Started process (PID=1300) to work on /opt/airflow/dags/nyc_taxi_pipeline.py
[2026-07-22T04:02:44.845+0000] {processor.py:830} INFO - Processing file /opt/airflow/dags/nyc_taxi_pipeline.py for tasks to queue
[2026-07-22T04:02:44.849+0000] {logging_mixin.py:188} INFO - [2026-07-22T04:02:44.848+0000] {dagbag.py:540} INFO - Filling up the DagBag from /opt/airflow/dags/nyc_taxi_pipeline.py
[2026-07-22T04:02:44.887+0000] {processor.py:840} INFO - DAG(s) 'nyc_taxi_pipeline' retrieved from /opt/airflow/dags/nyc_taxi_pipeline.py
[2026-07-22T04:02:44.982+0000] {logging_mixin.py:188} INFO - [2026-07-22T04:02:44.982+0000] {dag.py:3096} INFO - Sync 1 DAGs
[2026-07-22T04:02:45.005+0000] {logging_mixin.py:188} INFO - [2026-07-22T04:02:45.005+0000] {dag.py:3954} INFO - Setting next_dagrun for nyc_taxi_pipeline to None, run_after=None
[2026-07-22T04:02:45.050+0000] {processor.py:183} INFO - Processing /opt/airflow/dags/nyc_taxi_pipeline.py took 0.219 seconds
[2026-07-22T04:03:15.430+0000] {processor.py:161} INFO - Started process (PID=1305) to work on /opt/airflow/dags/nyc_taxi_pipeline.py
[2026-07-22T04:03:15.433+0000] {processor.py:830} INFO - Processing file /opt/airflow/dags/nyc_taxi_pipeline.py for tasks to queue
[2026-07-22T04:03:15.437+0000] {logging_mixin.py:188} INFO - [2026-07-22T04:03:15.436+0000] {dagbag.py:540} INFO - Filling up the DagBag from /opt/airflow/dags/nyc_taxi_pipeline.py
[2026-07-22T04:03:15.468+0000] {processor.py:840} INFO - DAG(s) 'nyc_taxi_pipeline' retrieved from /opt/airflow/dags/nyc_taxi_pipeline.py
[2026-07-22T04:03:15.563+0000] {logging_mixin.py:188} INFO - [2026-07-22T04:03:15.563+0000] {dag.py:3096} INFO - Sync 1 DAGs
[2026-07-22T04:03:15.599+0000] {logging_mixin.py:188} INFO - [2026-07-22T04:03:15.599+0000] {dag.py:3954} INFO - Setting next_dagrun for nyc_taxi_pipeline to None, run_after=None
[2026-07-22T04:03:15.646+0000] {processor.py:183} INFO - Processing /opt/airflow/dags/nyc_taxi_pipeline.py took 0.228 seconds
[2026-07-22T04:03:45.787+0000] {processor.py:161} INFO - Started process (PID=1310) to work on /opt/airflow/dags/nyc_taxi_pipeline.py
[2026-07-22T04:03:45.790+0000] {processor.py:830} INFO - Processing file /opt/airflow/dags/nyc_taxi_pipeline.py for tasks to queue
[2026-07-22T04:03:45.794+0000] {logging_mixin.py:188} INFO - [2026-07-22T04:03:45.793+0000] {dagbag.py:540} INFO - Filling up the DagBag from /opt/airflow/dags/nyc_taxi_pipeline.py
[2026-07-22T04:03:45.828+0000] {processor.py:840} INFO - DAG(s) 'nyc_taxi_pipeline' retrieved from /opt/airflow/dags/nyc_taxi_pipeline.py
[2026-07-22T04:03:45.923+0000] {logging_mixin.py:188} INFO - [2026-07-22T04:03:45.923+0000] {dag.py:3096} INFO - Sync 1 DAGs
[2026-07-22T04:03:45.949+0000] {logging_mixin.py:188} INFO - [2026-07-22T04:03:45.949+0000] {dag.py:3954} INFO - Setting next_dagrun for nyc_taxi_pipeline to None, run_after=None
[2026-07-22T04:03:45.998+0000] {processor.py:183} INFO - Processing /opt/airflow/dags/nyc_taxi_pipeline.py took 0.221 seconds
[2026-07-22T04:04:16.425+0000] {processor.py:161} INFO - Started process (PID=1315) to work on /opt/airflow/dags/nyc_taxi_pipeline.py
[2026-07-22T04:04:16.427+0000] {processor.py:830} INFO - Processing file /opt/airflow/dags/nyc_taxi_pipeline.py for tasks to queue
[2026-07-22T04:04:16.431+0000] {logging_mixin.py:188} INFO - [2026-07-22T04:04:16.430+0000] {dagbag.py:540} INFO - Filling up the DagBag from /opt/airflow/dags/nyc_taxi_pipeline.py
[2026-07-22T04:04:16.461+0000] {processor.py:840} INFO - DAG(s) 'nyc_taxi_pipeline' retrieved from /opt/airflow/dags/nyc_taxi_pipeline.py
[2026-07-22T04:04:16.568+0000] {logging_mixin.py:188} INFO - [2026-07-22T04:04:16.568+0000] {dag.py:3096} INFO - Sync 1 DAGs
[2026-07-22T04:04:16.594+0000] {logging_mixin.py:188} INFO - [2026-07-22T04:04:16.594+0000] {dag.py:3954} INFO - Setting next_dagrun for nyc_taxi_pipeline to None, run_after=None
[2026-07-22T04:04:16.642+0000] {processor.py:183} INFO - Processing /opt/airflow/dags/nyc_taxi_pipeline.py took 0.226 seconds
[2026-07-22T04:04:46.889+0000] {processor.py:161} INFO - Started process (PID=1320) to work on /opt/airflow/dags/nyc_taxi_pipeline.py
[2026-07-22T04:04:46.891+0000] {processor.py:830} INFO - Processing file /opt/airflow/dags/nyc_taxi_pipeline.py for tasks to queue
[2026-07-22T04:04:46.895+0000] {logging_mixin.py:188} INFO - [2026-07-22T04:04:46.894+0000] {dagbag.py:540} INFO - Filling up the DagBag from /opt/airflow/dags/nyc_taxi_pipeline.py
[2026-07-22T04:04:46.933+0000] {processor.py:840} INFO - DAG(s) 'nyc_taxi_pipeline' retrieved from /opt/airflow/dags/nyc_taxi_pipeline.py
[2026-07-22T04:04:47.046+0000] {logging_mixin.py:188} INFO - [2026-07-22T04:04:47.046+0000] {dag.py:3096} INFO - Sync 1 DAGs
[2026-07-22T04:04:47.067+0000] {logging_mixin.py:188} INFO - [2026-07-22T04:04:47.067+0000] {dag.py:3954} INFO - Setting next_dagrun for nyc_taxi_pipeline to None, run_after=None
[2026-07-22T04:04:47.114+0000] {processor.py:183} INFO - Processing /opt/airflow/dags/nyc_taxi_pipeline.py took 0.235 seconds
[2026-07-22T04:05:17.514+0000] {processor.py:161} INFO - Started process (PID=1325) to work on /opt/airflow/dags/nyc_taxi_pipeline.py
[2026-07-22T04:05:17.516+0000] {processor.py:830} INFO - Processing file /opt/airflow/dags/nyc_taxi_pipeline.py for tasks to queue
[2026-07-22T04:05:17.520+0000] {logging_mixin.py:188} INFO - [2026-07-22T04:05:17.519+0000] {dagbag.py:540} INFO - Filling up the DagBag from /opt/airflow/dags/nyc_taxi_pipeline.py
[2026-07-22T04:05:17.553+0000] {processor.py:840} INFO - DAG(s) 'nyc_taxi_pipeline' retrieved from /opt/airflow/dags/nyc_taxi_pipeline.py
[2026-07-22T04:05:17.652+0000] {logging_mixin.py:188} INFO - [2026-07-22T04:05:17.651+0000] {dag.py:3096} INFO - Sync 1 DAGs
[2026-07-22T04:05:17.676+0000] {logging_mixin.py:188} INFO - [2026-07-22T04:05:17.675+0000] {dag.py:3954} INFO - Setting next_dagrun for nyc_taxi_pipeline to None, run_after=None
[2026-07-22T04:05:17.744+0000] {processor.py:183} INFO - Processing /opt/airflow/dags/nyc_taxi_pipeline.py took 0.240 seconds
[2026-07-22T04:05:47.922+0000] {processor.py:161} INFO - Started process (PID=1330) to work on /opt/airflow/dags/nyc_taxi_pipeline.py
[2026-07-22T04:05:47.924+0000] {processor.py:830} INFO - Processing file /opt/airflow/dags/nyc_taxi_pipeline.py for tasks to queue
[2026-07-22T04:05:47.927+0000] {logging_mixin.py:188} INFO - [2026-07-22T04:05:47.927+0000] {dagbag.py:540} INFO - Filling up the DagBag from /opt/airflow/dags/nyc_taxi_pipeline.py
[2026-07-22T04:05:47.956+0000] {processor.py:840} INFO - DAG(s) 'nyc_taxi_pipeline' retrieved from /opt/airflow/dags/nyc_taxi_pipeline.py
[2026-07-22T04:05:48.057+0000] {logging_mixin.py:188} INFO - [2026-07-22T04:05:48.057+0000] {dag.py:3096} INFO - Sync 1 DAGs
[2026-07-22T04:05:48.082+0000] {logging_mixin.py:188} INFO - [2026-07-22T04:05:48.082+0000] {dag.py:3954} INFO - Setting next_dagrun for nyc_taxi_pipeline to None, run_after=None
[2026-07-22T04:05:48.129+0000] {processor.py:183} INFO - Processing /opt/airflow/dags/nyc_taxi_pipeline.py took 0.215 seconds
[2026-07-22T04:06:18.415+0000] {processor.py:161} INFO - Started process (PID=1335) to work on /opt/airflow/dags/nyc_taxi_pipeline.py
[2026-07-22T04:06:18.418+0000] {processor.py:830} INFO - Processing file /opt/airflow/dags/nyc_taxi_pipeline.py for tasks to queue
[2026-07-22T04:06:18.422+0000] {logging_mixin.py:188} INFO - [2026-07-22T04:06:18.422+0000] {dagbag.py:540} INFO - Filling up the DagBag from /opt/airflow/dags/nyc_taxi_pipeline.py
[2026-07-22T04:06:18.463+0000] {processor.py:840} INFO - DAG(s) 'nyc_taxi_pipeline' retrieved from /opt/airflow/dags/nyc_taxi_pipeline.py
[2026-07-22T04:06:18.580+0000] {logging_mixin.py:188} INFO - [2026-07-22T04:06:18.580+0000] {dag.py:3096} INFO - Sync 1 DAGs
[2026-07-22T04:06:18.610+0000] {logging_mixin.py:188} INFO - [2026-07-22T04:06:18.609+0000] {dag.py:3954} INFO - Setting next_dagrun for nyc_taxi_pipeline to None, run_after=None
[2026-07-22T04:06:18.654+0000] {processor.py:183} INFO - Processing /opt/airflow/dags/nyc_taxi_pipeline.py took 0.252 seconds
[2026-07-22T04:06:48.833+0000] {processor.py:161} INFO - Started process (PID=1340) to work on /opt/airflow/dags/nyc_taxi_pipeline.py
[2026-07-22T04:06:48.835+0000] {processor.py:830} INFO - Processing file /opt/airflow/dags/nyc_taxi_pipeline.py for tasks to queue
[2026-07-22T04:06:48.839+0000] {logging_mixin.py:188} INFO - [2026-07-22T04:06:48.838+0000] {dagbag.py:540} INFO - Filling up the DagBag from /opt/airflow/dags/nyc_taxi_pipeline.py
[2026-07-22T04:06:48.874+0000] {processor.py:840} INFO - DAG(s) 'nyc_taxi_pipeline' retrieved from /opt/airflow/dags/nyc_taxi_pipeline.py
[2026-07-22T04:06:48.977+0000] {logging_mixin.py:188} INFO - [2026-07-22T04:06:48.977+0000] {dag.py:3096} INFO - Sync 1 DAGs
[2026-07-22T04:06:49.003+0000] {logging_mixin.py:188} INFO - [2026-07-22T04:06:49.002+0000] {dag.py:3954} INFO - Setting next_dagrun for nyc_taxi_pipeline to None, run_after=None
[2026-07-22T04:06:49.065+0000] {processor.py:183} INFO - Processing /opt/airflow/dags/nyc_taxi_pipeline.py took 0.243 seconds
[2026-07-22T04:07:19.310+0000] {processor.py:161} INFO - Started process (PID=1345) to work on /opt/airflow/dags/nyc_taxi_pipeline.py
[2026-07-22T04:07:19.312+0000] {processor.py:830} INFO - Processing file /opt/airflow/dags/nyc_taxi_pipeline.py for tasks to queue
[2026-07-22T04:07:19.316+0000] {logging_mixin.py:188} INFO - [2026-07-22T04:07:19.315+0000] {dagbag.py:540} INFO - Filling up the DagBag from /opt/airflow/dags/nyc_taxi_pipeline.py
[2026-07-22T04:07:19.354+0000] {processor.py:840} INFO - DAG(s) 'nyc_taxi_pipeline' retrieved from /opt/airflow/dags/nyc_taxi_pipeline.py
[2026-07-22T04:07:19.465+0000] {logging_mixin.py:188} INFO - [2026-07-22T04:07:19.464+0000] {dag.py:3096} INFO - Sync 1 DAGs
[2026-07-22T04:07:19.491+0000] {logging_mixin.py:188} INFO - [2026-07-22T04:07:19.490+0000] {dag.py:3954} INFO - Setting next_dagrun for nyc_taxi_pipeline to None, run_after=None
[2026-07-22T04:07:19.550+0000] {processor.py:183} INFO - Processing /opt/airflow/dags/nyc_taxi_pipeline.py took 0.250 seconds
[2026-07-22T04:07:49.711+0000] {processor.py:161} INFO - Started process (PID=1365) to work on /opt/airflow/dags/nyc_taxi_pipeline.py
[2026-07-22T04:07:49.713+0000] {processor.py:830} INFO - Processing file /opt/airflow/dags/nyc_taxi_pipeline.py for tasks to queue
[2026-07-22T04:07:49.716+0000] {logging_mixin.py:188} INFO - [2026-07-22T04:07:49.716+0000] {dagbag.py:540} INFO - Filling up the DagBag from /opt/airflow/dags/nyc_taxi_pipeline.py
[2026-07-22T04:07:49.748+0000] {processor.py:840} INFO - DAG(s) 'nyc_taxi_pipeline' retrieved from /opt/airflow/dags/nyc_taxi_pipeline.py
[2026-07-22T04:07:49.856+0000] {logging_mixin.py:188} INFO - [2026-07-22T04:07:49.856+0000] {dag.py:3096} INFO - Sync 1 DAGs
[2026-07-22T04:07:49.884+0000] {logging_mixin.py:188} INFO - [2026-07-22T04:07:49.883+0000] {dag.py:3954} INFO - Setting next_dagrun for nyc_taxi_pipeline to None, run_after=None
[2026-07-22T04:07:49.935+0000] {processor.py:183} INFO - Processing /opt/airflow/dags/nyc_taxi_pipeline.py took 0.240 seconds
[2026-07-22T04:08:20.298+0000] {processor.py:161} INFO - Started process (PID=1370) to work on /opt/airflow/dags/nyc_taxi_pipeline.py
[2026-07-22T04:08:20.301+0000] {processor.py:830} INFO - Processing file /opt/airflow/dags/nyc_taxi_pipeline.py for tasks to queue
[2026-07-22T04:08:20.306+0000] {logging_mixin.py:188} INFO - [2026-07-22T04:08:20.305+0000] {dagbag.py:540} INFO - Filling up the DagBag from /opt/airflow/dags/nyc_taxi_pipeline.py
[2026-07-22T04:08:20.361+0000] {processor.py:840} INFO - DAG(s) 'nyc_taxi_pipeline' retrieved from /opt/airflow/dags/nyc_taxi_pipeline.py
[2026-07-22T04:08:20.457+0000] {logging_mixin.py:188} INFO - [2026-07-22T04:08:20.457+0000] {dag.py:3096} INFO - Sync 1 DAGs
[2026-07-22T04:08:20.483+0000] {logging_mixin.py:188} INFO - [2026-07-22T04:08:20.482+0000] {dag.py:3954} INFO - Setting next_dagrun for nyc_taxi_pipeline to None, run_after=None
[2026-07-22T04:08:20.528+0000] {processor.py:183} INFO - Processing /opt/airflow/dags/nyc_taxi_pipeline.py took 0.241 seconds
[2026-07-22T04:08:50.631+0000] {processor.py:161} INFO - Started process (PID=1375) to work on /opt/airflow/dags/nyc_taxi_pipeline.py
[2026-07-22T04:08:50.634+0000] {processor.py:830} INFO - Processing file /opt/airflow/dags/nyc_taxi_pipeline.py for tasks to queue
[2026-07-22T04:08:50.638+0000] {logging_mixin.py:188} INFO - [2026-07-22T04:08:50.637+0000] {dagbag.py:540} INFO - Filling up the DagBag from /opt/airflow/dags/nyc_taxi_pipeline.py
[2026-07-22T04:08:50.679+0000] {processor.py:840} INFO - DAG(s) 'nyc_taxi_pipeline' retrieved from /opt/airflow/dags/nyc_taxi_pipeline.py
[2026-07-22T04:08:50.780+0000] {logging_mixin.py:188} INFO - [2026-07-22T04:08:50.779+0000] {dag.py:3096} INFO - Sync 1 DAGs
[2026-07-22T04:08:50.799+0000] {logging_mixin.py:188} INFO - [2026-07-22T04:08:50.799+0000] {dag.py:3954} INFO - Setting next_dagrun for nyc_taxi_pipeline to None, run_after=None
[2026-07-22T04:08:50.840+0000] {processor.py:183} INFO - Processing /opt/airflow/dags/nyc_taxi_pipeline.py took 0.218 seconds
[2026-07-22T04:09:21.092+0000] {processor.py:161} INFO - Started process (PID=1380) to work on /opt/airflow/dags/nyc_taxi_pipeline.py
[2026-07-22T04:09:21.094+0000] {processor.py:830} INFO - Processing file /opt/airflow/dags/nyc_taxi_pipeline.py for tasks to queue
[2026-07-22T04:09:21.098+0000] {logging_mixin.py:188} INFO - [2026-07-22T04:09:21.097+0000] {dagbag.py:540} INFO - Filling up the DagBag from /opt/airflow/dags/nyc_taxi_pipeline.py
[2026-07-22T04:09:21.128+0000] {processor.py:840} INFO - DAG(s) 'nyc_taxi_pipeline' retrieved from /opt/airflow/dags/nyc_taxi_pipeline.py
[2026-07-22T04:09:21.245+0000] {logging_mixin.py:188} INFO - [2026-07-22T04:09:21.244+0000] {dag.py:3096} INFO - Sync 1 DAGs
[2026-07-22T04:09:21.277+0000] {logging_mixin.py:188} INFO - [2026-07-22T04:09:21.276+0000] {dag.py:3954} INFO - Setting next_dagrun for nyc_taxi_pipeline to None, run_after=None
[2026-07-22T04:09:21.337+0000] {processor.py:183} INFO - Processing /opt/airflow/dags/nyc_taxi_pipeline.py took 0.255 seconds
[2026-07-22T04:09:51.565+0000] {processor.py:161} INFO - Started process (PID=1385) to work on /opt/airflow/dags/nyc_taxi_pipeline.py
[2026-07-22T04:09:51.567+0000] {processor.py:830} INFO - Processing file /opt/airflow/dags/nyc_taxi_pipeline.py for tasks to queue
[2026-07-22T04:09:51.572+0000] {logging_mixin.py:188} INFO - [2026-07-22T04:09:51.572+0000] {dagbag.py:540} INFO - Filling up the DagBag from /opt/airflow/dags/nyc_taxi_pipeline.py
[2026-07-22T04:09:51.616+0000] {processor.py:840} INFO - DAG(s) 'nyc_taxi_pipeline' retrieved from /opt/airflow/dags/nyc_taxi_pipeline.py
[2026-07-22T04:09:51.819+0000] {logging_mixin.py:188} INFO - [2026-07-22T04:09:51.819+0000] {dag.py:3096} INFO - Sync 1 DAGs
[2026-07-22T04:09:51.842+0000] {logging_mixin.py:188} INFO - [2026-07-22T04:09:51.842+0000] {dag.py:3954} INFO - Setting next_dagrun for nyc_taxi_pipeline to None, run_after=None
[2026-07-22T04:09:51.921+0000] {processor.py:183} INFO - Processing /opt/airflow/dags/nyc_taxi_pipeline.py took 0.385 seconds
[2026-07-22T04:10:22.053+0000] {processor.py:161} INFO - Started process (PID=1390) to work on /opt/airflow/dags/nyc_taxi_pipeline.py
[2026-07-22T04:10:22.057+0000] {processor.py:830} INFO - Processing file /opt/airflow/dags/nyc_taxi_pipeline.py for tasks to queue
[2026-07-22T04:10:22.061+0000] {logging_mixin.py:188} INFO - [2026-07-22T04:10:22.061+0000] {dagbag.py:540} INFO - Filling up the DagBag from /opt/airflow/dags/nyc_taxi_pipeline.py
[2026-07-22T04:10:22.091+0000] {processor.py:840} INFO - DAG(s) 'nyc_taxi_pipeline' retrieved from /opt/airflow/dags/nyc_taxi_pipeline.py
[2026-07-22T04:10:22.198+0000] {logging_mixin.py:188} INFO - [2026-07-22T04:10:22.198+0000] {dag.py:3096} INFO - Sync 1 DAGs
[2026-07-22T04:10:22.224+0000] {logging_mixin.py:188} INFO - [2026-07-22T04:10:22.223+0000] {dag.py:3954} INFO - Setting next_dagrun for nyc_taxi_pipeline to None, run_after=None
[2026-07-22T04:10:22.273+0000] {processor.py:183} INFO - Processing /opt/airflow/dags/nyc_taxi_pipeline.py took 0.233 seconds
[2026-07-22T04:10:52.565+0000] {processor.py:161} INFO - Started process (PID=1410) to work on /opt/airflow/dags/nyc_taxi_pipeline.py
[2026-07-22T04:10:52.568+0000] {processor.py:830} INFO - Processing file /opt/airflow/dags/nyc_taxi_pipeline.py for tasks to queue
[2026-07-22T04:10:52.572+0000] {logging_mixin.py:188} INFO - [2026-07-22T04:10:52.571+0000] {dagbag.py:540} INFO - Filling up the DagBag from /opt/airflow/dags/nyc_taxi_pipeline.py
[2026-07-22T04:10:52.603+0000] {processor.py:840} INFO - DAG(s) 'nyc_taxi_pipeline' retrieved from /opt/airflow/dags/nyc_taxi_pipeline.py
[2026-07-22T04:10:52.700+0000] {logging_mixin.py:188} INFO - [2026-07-22T04:10:52.700+0000] {dag.py:3096} INFO - Sync 1 DAGs
[2026-07-22T04:10:52.725+0000] {logging_mixin.py:188} INFO - [2026-07-22T04:10:52.725+0000] {dag.py:3954} INFO - Setting next_dagrun for nyc_taxi_pipeline to None, run_after=None
[2026-07-22T04:10:52.775+0000] {processor.py:183} INFO - Processing /opt/airflow/dags/nyc_taxi_pipeline.py took 0.221 seconds
[2026-07-22T04:11:23.447+0000] {processor.py:161} INFO - Started process (PID=164) to work on /opt/airflow/dags/nyc_taxi_pipeline.py
[2026-07-22T04:11:23.449+0000] {processor.py:830} INFO - Processing file /opt/airflow/dags/nyc_taxi_pipeline.py for tasks to queue
[2026-07-22T04:11:23.453+0000] {logging_mixin.py:188} INFO - [2026-07-22T04:11:23.452+0000] {dagbag.py:540} INFO - Filling up the DagBag from /opt/airflow/dags/nyc_taxi_pipeline.py
[2026-07-22T04:11:23.497+0000] {processor.py:840} INFO - DAG(s) 'nyc_taxi_pipeline' retrieved from /opt/airflow/dags/nyc_taxi_pipeline.py
[2026-07-22T04:11:23.670+0000] {logging_mixin.py:188} INFO - [2026-07-22T04:11:23.670+0000] {dag.py:3096} INFO - Sync 1 DAGs
[2026-07-22T04:11:23.719+0000] {logging_mixin.py:188} INFO - [2026-07-22T04:11:23.718+0000] {dag.py:3954} INFO - Setting next_dagrun for nyc_taxi_pipeline to None, run_after=None
[2026-07-22T04:11:23.757+0000] {processor.py:183} INFO - Processing /opt/airflow/dags/nyc_taxi_pipeline.py took 0.320 seconds
[2026-07-22T04:11:53.936+0000] {processor.py:161} INFO - Started process (PID=169) to work on /opt/airflow/dags/nyc_taxi_pipeline.py
[2026-07-22T04:11:53.942+0000] {processor.py:830} INFO - Processing file /opt/airflow/dags/nyc_taxi_pipeline.py for tasks to queue
[2026-07-22T04:11:53.949+0000] {logging_mixin.py:188} INFO - [2026-07-22T04:11:53.948+0000] {dagbag.py:540} INFO - Filling up the DagBag from /opt/airflow/dags/nyc_taxi_pipeline.py
[2026-07-22T04:11:54.010+0000] {processor.py:840} INFO - DAG(s) 'nyc_taxi_pipeline' retrieved from /opt/airflow/dags/nyc_taxi_pipeline.py
[2026-07-22T04:11:54.516+0000] {logging_mixin.py:188} INFO - [2026-07-22T04:11:54.516+0000] {dag.py:3096} INFO - Sync 1 DAGs
[2026-07-22T04:11:54.555+0000] {logging_mixin.py:188} INFO - [2026-07-22T04:11:54.554+0000] {dag.py:3954} INFO - Setting next_dagrun for nyc_taxi_pipeline to None, run_after=None
[2026-07-22T04:11:54.846+0000] {processor.py:183} INFO - Processing /opt/airflow/dags/nyc_taxi_pipeline.py took 0.932 seconds
[2026-07-22T04:12:25.245+0000] {processor.py:161} INFO - Started process (PID=174) to work on /opt/airflow/dags/nyc_taxi_pipeline.py
[2026-07-22T04:12:25.250+0000] {processor.py:830} INFO - Processing file /opt/airflow/dags/nyc_taxi_pipeline.py for tasks to queue
[2026-07-22T04:12:25.253+0000] {logging_mixin.py:188} INFO - [2026-07-22T04:12:25.253+0000] {dagbag.py:540} INFO - Filling up the DagBag from /opt/airflow/dags/nyc_taxi_pipeline.py
[2026-07-22T04:12:25.282+0000] {processor.py:840} INFO - DAG(s) 'nyc_taxi_pipeline' retrieved from /opt/airflow/dags/nyc_taxi_pipeline.py
[2026-07-22T04:12:25.415+0000] {logging_mixin.py:188} INFO - [2026-07-22T04:12:25.415+0000] {dag.py:3096} INFO - Sync 1 DAGs
[2026-07-22T04:12:25.609+0000] {logging_mixin.py:188} INFO - [2026-07-22T04:12:25.609+0000] {dag.py:3954} INFO - Setting next_dagrun for nyc_taxi_pipeline to None, run_after=None
[2026-07-22T04:12:25.691+0000] {processor.py:183} INFO - Processing /opt/airflow/dags/nyc_taxi_pipeline.py took 0.467 seconds
[2026-07-22T04:12:55.781+0000] {processor.py:161} INFO - Started process (PID=179) to work on /opt/airflow/dags/nyc_taxi_pipeline.py
[2026-07-22T04:12:55.783+0000] {processor.py:830} INFO - Processing file /opt/airflow/dags/nyc_taxi_pipeline.py for tasks to queue
[2026-07-22T04:12:55.786+0000] {logging_mixin.py:188} INFO - [2026-07-22T04:12:55.786+0000] {dagbag.py:540} INFO - Filling up the DagBag from /opt/airflow/dags/nyc_taxi_pipeline.py
[2026-07-22T04:12:55.814+0000] {processor.py:840} INFO - DAG(s) 'nyc_taxi_pipeline' retrieved from /opt/airflow/dags/nyc_taxi_pipeline.py
[2026-07-22T04:12:55.931+0000] {logging_mixin.py:188} INFO - [2026-07-22T04:12:55.931+0000] {dag.py:3096} INFO - Sync 1 DAGs
[2026-07-22T04:12:55.978+0000] {logging_mixin.py:188} INFO - [2026-07-22T04:12:55.978+0000] {dag.py:3954} INFO - Setting next_dagrun for nyc_taxi_pipeline to None, run_after=None
[2026-07-22T04:12:56.121+0000] {processor.py:183} INFO - Processing /opt/airflow/dags/nyc_taxi_pipeline.py took 0.348 seconds
[2026-07-22T04:13:26.345+0000] {processor.py:161} INFO - Started process (PID=190) to work on /opt/airflow/dags/nyc_taxi_pipeline.py
[2026-07-22T04:13:26.347+0000] {processor.py:830} INFO - Processing file /opt/airflow/dags/nyc_taxi_pipeline.py for tasks to queue
[2026-07-22T04:13:26.350+0000] {logging_mixin.py:188} INFO - [2026-07-22T04:13:26.349+0000] {dagbag.py:540} INFO - Filling up the DagBag from /opt/airflow/dags/nyc_taxi_pipeline.py
[2026-07-22T04:13:26.374+0000] {processor.py:840} INFO - DAG(s) 'nyc_taxi_pipeline' retrieved from /opt/airflow/dags/nyc_taxi_pipeline.py
[2026-07-22T04:13:26.603+0000] {logging_mixin.py:188} INFO - [2026-07-22T04:13:26.603+0000] {dag.py:3096} INFO - Sync 1 DAGs
[2026-07-22T04:13:26.742+0000] {logging_mixin.py:188} INFO - [2026-07-22T04:13:26.741+0000] {dag.py:3954} INFO - Setting next_dagrun for nyc_taxi_pipeline to None, run_after=None
[2026-07-22T04:13:26.910+0000] {processor.py:183} INFO - Processing /opt/airflow/dags/nyc_taxi_pipeline.py took 0.573 seconds
[2026-07-22T04:13:57.233+0000] {processor.py:161} INFO - Started process (PID=203) to work on /opt/airflow/dags/nyc_taxi_pipeline.py
[2026-07-22T04:13:57.236+0000] {processor.py:830} INFO - Processing file /opt/airflow/dags/nyc_taxi_pipeline.py for tasks to queue
[2026-07-22T04:13:57.240+0000] {logging_mixin.py:188} INFO - [2026-07-22T04:13:57.239+0000] {dagbag.py:540} INFO - Filling up the DagBag from /opt/airflow/dags/nyc_taxi_pipeline.py
[2026-07-22T04:13:57.276+0000] {processor.py:840} INFO - DAG(s) 'nyc_taxi_pipeline' retrieved from /opt/airflow/dags/nyc_taxi_pipeline.py
[2026-07-22T04:13:57.446+0000] {logging_mixin.py:188} INFO - [2026-07-22T04:13:57.445+0000] {dag.py:3096} INFO - Sync 1 DAGs
[2026-07-22T04:13:57.473+0000] {logging_mixin.py:188} INFO - [2026-07-22T04:13:57.473+0000] {dag.py:3954} INFO - Setting next_dagrun for nyc_taxi_pipeline to None, run_after=None
[2026-07-22T04:13:57.585+0000] {processor.py:183} INFO - Processing /opt/airflow/dags/nyc_taxi_pipeline.py took 0.360 seconds
[2026-07-22T04:14:27.913+0000] {processor.py:161} INFO - Started process (PID=208) to work on /opt/airflow/dags/nyc_taxi_pipeline.py
[2026-07-22T04:14:27.915+0000] {processor.py:830} INFO - Processing file /opt/airflow/dags/nyc_taxi_pipeline.py for tasks to queue
[2026-07-22T04:14:27.919+0000] {logging_mixin.py:188} INFO - [2026-07-22T04:14:27.918+0000] {dagbag.py:540} INFO - Filling up the DagBag from /opt/airflow/dags/nyc_taxi_pipeline.py
[2026-07-22T04:14:27.945+0000] {processor.py:840} INFO - DAG(s) 'nyc_taxi_pipeline' retrieved from /opt/airflow/dags/nyc_taxi_pipeline.py
[2026-07-22T04:14:28.464+0000] {logging_mixin.py:188} INFO - [2026-07-22T04:14:28.463+0000] {dag.py:3096} INFO - Sync 1 DAGs
[2026-07-22T04:14:28.517+0000] {logging_mixin.py:188} INFO - [2026-07-22T04:14:28.516+0000] {dag.py:3954} INFO - Setting next_dagrun for nyc_taxi_pipeline to None, run_after=None
[2026-07-22T04:14:28.616+0000] {processor.py:183} INFO - Processing /opt/airflow/dags/nyc_taxi_pipeline.py took 0.712 seconds
[2026-07-22T04:14:58.981+0000] {processor.py:161} INFO - Started process (PID=213) to work on /opt/airflow/dags/nyc_taxi_pipeline.py
[2026-07-22T04:14:58.984+0000] {processor.py:830} INFO - Processing file /opt/airflow/dags/nyc_taxi_pipeline.py for tasks to queue
[2026-07-22T04:14:58.989+0000] {logging_mixin.py:188} INFO - [2026-07-22T04:14:58.988+0000] {dagbag.py:540} INFO - Filling up the DagBag from /opt/airflow/dags/nyc_taxi_pipeline.py
[2026-07-22T04:14:59.024+0000] {processor.py:840} INFO - DAG(s) 'nyc_taxi_pipeline' retrieved from /opt/airflow/dags/nyc_taxi_pipeline.py
[2026-07-22T04:15:01.160+0000] {logging_mixin.py:188} INFO - [2026-07-22T04:15:01.160+0000] {dag.py:3096} INFO - Sync 1 DAGs
[2026-07-22T04:15:01.226+0000] {logging_mixin.py:188} INFO - [2026-07-22T04:15:01.226+0000] {dag.py:3954} INFO - Setting next_dagrun for nyc_taxi_pipeline to None, run_after=None
[2026-07-22T04:15:01.407+0000] {processor.py:183} INFO - Processing /opt/airflow/dags/nyc_taxi_pipeline.py took 2.439 seconds
[2026-07-22T04:15:31.824+0000] {processor.py:161} INFO - Started process (PID=218) to work on /opt/airflow/dags/nyc_taxi_pipeline.py
[2026-07-22T04:15:31.833+0000] {processor.py:830} INFO - Processing file /opt/airflow/dags/nyc_taxi_pipeline.py for tasks to queue
[2026-07-22T04:15:31.841+0000] {logging_mixin.py:188} INFO - [2026-07-22T04:15:31.840+0000] {dagbag.py:540} INFO - Filling up the DagBag from /opt/airflow/dags/nyc_taxi_pipeline.py
[2026-07-22T04:15:31.920+0000] {processor.py:840} INFO - DAG(s) 'nyc_taxi_pipeline' retrieved from /opt/airflow/dags/nyc_taxi_pipeline.py
[2026-07-22T04:15:32.072+0000] {logging_mixin.py:188} INFO - [2026-07-22T04:15:32.071+0000] {dag.py:3096} INFO - Sync 1 DAGs
[2026-07-22T04:15:32.121+0000] {logging_mixin.py:188} INFO - [2026-07-22T04:15:32.120+0000] {dag.py:3954} INFO - Setting next_dagrun for nyc_taxi_pipeline to None, run_after=None
[2026-07-22T04:15:32.229+0000] {processor.py:183} INFO - Processing /opt/airflow/dags/nyc_taxi_pipeline.py took 0.423 seconds
[2026-07-22T04:16:02.619+0000] {processor.py:161} INFO - Started process (PID=223) to work on /opt/airflow/dags/nyc_taxi_pipeline.py
[2026-07-22T04:16:02.621+0000] {processor.py:830} INFO - Processing file /opt/airflow/dags/nyc_taxi_pipeline.py for tasks to queue
[2026-07-22T04:16:02.625+0000] {logging_mixin.py:188} INFO - [2026-07-22T04:16:02.625+0000] {dagbag.py:540} INFO - Filling up the DagBag from /opt/airflow/dags/nyc_taxi_pipeline.py
[2026-07-22T04:16:02.654+0000] {processor.py:840} INFO - DAG(s) 'nyc_taxi_pipeline' retrieved from /opt/airflow/dags/nyc_taxi_pipeline.py
[2026-07-22T04:16:02.880+0000] {logging_mixin.py:188} INFO - [2026-07-22T04:16:02.880+0000] {dag.py:3096} INFO - Sync 1 DAGs
[2026-07-22T04:16:02.967+0000] {logging_mixin.py:188} INFO - [2026-07-22T04:16:02.967+0000] {dag.py:3954} INFO - Setting next_dagrun for nyc_taxi_pipeline to None, run_after=None
[2026-07-22T04:16:03.131+0000] {processor.py:183} INFO - Processing /opt/airflow/dags/nyc_taxi_pipeline.py took 0.521 seconds
[2026-07-22T04:16:33.547+0000] {processor.py:161} INFO - Started process (PID=228) to work on /opt/airflow/dags/nyc_taxi_pipeline.py
[2026-07-22T04:16:33.549+0000] {processor.py:830} INFO - Processing file /opt/airflow/dags/nyc_taxi_pipeline.py for tasks to queue
[2026-07-22T04:16:33.553+0000] {logging_mixin.py:188} INFO - [2026-07-22T04:16:33.552+0000] {dagbag.py:540} INFO - Filling up the DagBag from /opt/airflow/dags/nyc_taxi_pipeline.py
[2026-07-22T04:16:33.579+0000] {processor.py:840} INFO - DAG(s) 'nyc_taxi_pipeline' retrieved from /opt/airflow/dags/nyc_taxi_pipeline.py
[2026-07-22T04:16:33.969+0000] {logging_mixin.py:188} INFO - [2026-07-22T04:16:33.969+0000] {dag.py:3096} INFO - Sync 1 DAGs
[2026-07-22T04:16:34.002+0000] {logging_mixin.py:188} INFO - [2026-07-22T04:16:34.002+0000] {dag.py:3954} INFO - Setting next_dagrun for nyc_taxi_pipeline to None, run_after=None
[2026-07-22T04:16:34.128+0000] {processor.py:183} INFO - Processing /opt/airflow/dags/nyc_taxi_pipeline.py took 0.589 seconds
[2026-07-22T04:17:04.489+0000] {processor.py:161} INFO - Started process (PID=233) to work on /opt/airflow/dags/nyc_taxi_pipeline.py
[2026-07-22T04:17:04.491+0000] {processor.py:830} INFO - Processing file /opt/airflow/dags/nyc_taxi_pipeline.py for tasks to queue
[2026-07-22T04:17:04.494+0000] {logging_mixin.py:188} INFO - [2026-07-22T04:17:04.494+0000] {dagbag.py:540} INFO - Filling up the DagBag from /opt/airflow/dags/nyc_taxi_pipeline.py
[2026-07-22T04:17:04.525+0000] {processor.py:840} INFO - DAG(s) 'nyc_taxi_pipeline' retrieved from /opt/airflow/dags/nyc_taxi_pipeline.py
[2026-07-22T04:17:04.685+0000] {logging_mixin.py:188} INFO - [2026-07-22T04:17:04.684+0000] {dag.py:3096} INFO - Sync 1 DAGs
[2026-07-22T04:17:04.711+0000] {logging_mixin.py:188} INFO - [2026-07-22T04:17:04.711+0000] {dag.py:3954} INFO - Setting next_dagrun for nyc_taxi_pipeline to None, run_after=None
[2026-07-22T04:17:04.768+0000] {processor.py:183} INFO - Processing /opt/airflow/dags/nyc_taxi_pipeline.py took 0.290 seconds
[2026-07-22T04:17:35.117+0000] {processor.py:161} INFO - Started process (PID=238) to work on /opt/airflow/dags/nyc_taxi_pipeline.py
[2026-07-22T04:17:35.120+0000] {processor.py:830} INFO - Processing file /opt/airflow/dags/nyc_taxi_pipeline.py for tasks to queue
[2026-07-22T04:17:35.124+0000] {logging_mixin.py:188} INFO - [2026-07-22T04:17:35.123+0000] {dagbag.py:540} INFO - Filling up the DagBag from /opt/airflow/dags/nyc_taxi_pipeline.py
[2026-07-22T04:17:35.159+0000] {processor.py:840} INFO - DAG(s) 'nyc_taxi_pipeline' retrieved from /opt/airflow/dags/nyc_taxi_pipeline.py
[2026-07-22T04:17:35.263+0000] {logging_mixin.py:188} INFO - [2026-07-22T04:17:35.263+0000] {dag.py:3096} INFO - Sync 1 DAGs
[2026-07-22T04:17:35.292+0000] {logging_mixin.py:188} INFO - [2026-07-22T04:17:35.291+0000] {dag.py:3954} INFO - Setting next_dagrun for nyc_taxi_pipeline to None, run_after=None
[2026-07-22T04:17:35.448+0000] {processor.py:183} INFO - Processing /opt/airflow/dags/nyc_taxi_pipeline.py took 0.340 seconds
[2026-07-22T04:18:05.789+0000] {processor.py:161} INFO - Started process (PID=243) to work on /opt/airflow/dags/nyc_taxi_pipeline.py
[2026-07-22T04:18:05.791+0000] {processor.py:830} INFO - Processing file /opt/airflow/dags/nyc_taxi_pipeline.py for tasks to queue
[2026-07-22T04:18:05.794+0000] {logging_mixin.py:188} INFO - [2026-07-22T04:18:05.794+0000] {dagbag.py:540} INFO - Filling up the DagBag from /opt/airflow/dags/nyc_taxi_pipeline.py
[2026-07-22T04:18:05.825+0000] {processor.py:840} INFO - DAG(s) 'nyc_taxi_pipeline' retrieved from /opt/airflow/dags/nyc_taxi_pipeline.py
[2026-07-22T04:18:05.927+0000] {logging_mixin.py:188} INFO - [2026-07-22T04:18:05.927+0000] {dag.py:3096} INFO - Sync 1 DAGs
[2026-07-22T04:18:05.950+0000] {logging_mixin.py:188} INFO - [2026-07-22T04:18:05.950+0000] {dag.py:3954} INFO - Setting next_dagrun for nyc_taxi_pipeline to None, run_after=None
[2026-07-22T04:18:06.008+0000] {processor.py:183} INFO - Processing /opt/airflow/dags/nyc_taxi_pipeline.py took 0.227 seconds
[2026-07-22T04:18:36.082+0000] {processor.py:161} INFO - Started process (PID=248) to work on /opt/airflow/dags/nyc_taxi_pipeline.py
[2026-07-22T04:18:36.084+0000] {processor.py:830} INFO - Processing file /opt/airflow/dags/nyc_taxi_pipeline.py for tasks to queue
[2026-07-22T04:18:36.088+0000] {logging_mixin.py:188} INFO - [2026-07-22T04:18:36.088+0000] {dagbag.py:540} INFO - Filling up the DagBag from /opt/airflow/dags/nyc_taxi_pipeline.py
[2026-07-22T04:18:36.122+0000] {processor.py:840} INFO - DAG(s) 'nyc_taxi_pipeline' retrieved from /opt/airflow/dags/nyc_taxi_pipeline.py
[2026-07-22T04:18:36.222+0000] {logging_mixin.py:188} INFO - [2026-07-22T04:18:36.221+0000] {dag.py:3096} INFO - Sync 1 DAGs
[2026-07-22T04:18:36.248+0000] {logging_mixin.py:188} INFO - [2026-07-22T04:18:36.248+0000] {dag.py:3954} INFO - Setting next_dagrun for nyc_taxi_pipeline to None, run_after=None
[2026-07-22T04:18:36.303+0000] {processor.py:183} INFO - Processing /opt/airflow/dags/nyc_taxi_pipeline.py took 0.229 seconds
[2026-07-22T04:19:06.588+0000] {processor.py:161} INFO - Started process (PID=253) to work on /opt/airflow/dags/nyc_taxi_pipeline.py
[2026-07-22T04:19:06.591+0000] {processor.py:830} INFO - Processing file /opt/airflow/dags/nyc_taxi_pipeline.py for tasks to queue
[2026-07-22T04:19:06.594+0000] {logging_mixin.py:188} INFO - [2026-07-22T04:19:06.593+0000] {dagbag.py:540} INFO - Filling up the DagBag from /opt/airflow/dags/nyc_taxi_pipeline.py
[2026-07-22T04:19:06.617+0000] {processor.py:840} INFO - DAG(s) 'nyc_taxi_pipeline' retrieved from /opt/airflow/dags/nyc_taxi_pipeline.py
[2026-07-22T04:19:06.714+0000] {logging_mixin.py:188} INFO - [2026-07-22T04:19:06.713+0000] {dag.py:3096} INFO - Sync 1 DAGs
[2026-07-22T04:19:06.770+0000] {logging_mixin.py:188} INFO - [2026-07-22T04:19:06.770+0000] {dag.py:3954} INFO - Setting next_dagrun for nyc_taxi_pipeline to None, run_after=None
[2026-07-22T04:19:06.840+0000] {processor.py:183} INFO - Processing /opt/airflow/dags/nyc_taxi_pipeline.py took 0.258 seconds
[2026-07-22T04:19:37.179+0000] {processor.py:161} INFO - Started process (PID=258) to work on /opt/airflow/dags/nyc_taxi_pipeline.py
[2026-07-22T04:19:37.181+0000] {processor.py:830} INFO - Processing file /opt/airflow/dags/nyc_taxi_pipeline.py for tasks to queue
[2026-07-22T04:19:37.185+0000] {logging_mixin.py:188} INFO - [2026-07-22T04:19:37.184+0000] {dagbag.py:540} INFO - Filling up the DagBag from /opt/airflow/dags/nyc_taxi_pipeline.py
[2026-07-22T04:19:37.215+0000] {processor.py:840} INFO - DAG(s) 'nyc_taxi_pipeline' retrieved from /opt/airflow/dags/nyc_taxi_pipeline.py
[2026-07-22T04:19:37.428+0000] {logging_mixin.py:188} INFO - [2026-07-22T04:19:37.428+0000] {dag.py:3096} INFO - Sync 1 DAGs
[2026-07-22T04:19:37.453+0000] {logging_mixin.py:188} INFO - [2026-07-22T04:19:37.453+0000] {dag.py:3954} INFO - Setting next_dagrun for nyc_taxi_pipeline to None, run_after=None
[2026-07-22T04:19:37.516+0000] {processor.py:183} INFO - Processing /opt/airflow/dags/nyc_taxi_pipeline.py took 0.345 seconds
[2026-07-22T04:20:07.902+0000] {processor.py:161} INFO - Started process (PID=263) to work on /opt/airflow/dags/nyc_taxi_pipeline.py
[2026-07-22T04:20:07.904+0000] {processor.py:830} INFO - Processing file /opt/airflow/dags/nyc_taxi_pipeline.py for tasks to queue
[2026-07-22T04:20:07.908+0000] {logging_mixin.py:188} INFO - [2026-07-22T04:20:07.908+0000] {dagbag.py:540} INFO - Filling up the DagBag from /opt/airflow/dags/nyc_taxi_pipeline.py
[2026-07-22T04:20:07.938+0000] {processor.py:840} INFO - DAG(s) 'nyc_taxi_pipeline' retrieved from /opt/airflow/dags/nyc_taxi_pipeline.py
[2026-07-22T04:20:08.044+0000] {logging_mixin.py:188} INFO - [2026-07-22T04:20:08.043+0000] {dag.py:3096} INFO - Sync 1 DAGs
[2026-07-22T04:20:08.069+0000] {logging_mixin.py:188} INFO - [2026-07-22T04:20:08.069+0000] {dag.py:3954} INFO - Setting next_dagrun for nyc_taxi_pipeline to None, run_after=None
[2026-07-22T04:20:08.134+0000] {processor.py:183} INFO - Processing /opt/airflow/dags/nyc_taxi_pipeline.py took 0.241 seconds
[2026-07-22T04:20:38.262+0000] {processor.py:161} INFO - Started process (PID=268) to work on /opt/airflow/dags/nyc_taxi_pipeline.py
[2026-07-22T04:20:38.265+0000] {processor.py:830} INFO - Processing file /opt/airflow/dags/nyc_taxi_pipeline.py for tasks to queue
[2026-07-22T04:20:38.270+0000] {logging_mixin.py:188} INFO - [2026-07-22T04:20:38.269+0000] {dagbag.py:540} INFO - Filling up the DagBag from /opt/airflow/dags/nyc_taxi_pipeline.py
[2026-07-22T04:20:38.311+0000] {processor.py:840} INFO - DAG(s) 'nyc_taxi_pipeline' retrieved from /opt/airflow/dags/nyc_taxi_pipeline.py
[2026-07-22T04:20:38.454+0000] {logging_mixin.py:188} INFO - [2026-07-22T04:20:38.453+0000] {dag.py:3096} INFO - Sync 1 DAGs
[2026-07-22T04:20:38.476+0000] {logging_mixin.py:188} INFO - [2026-07-22T04:20:38.476+0000] {dag.py:3954} INFO - Setting next_dagrun for nyc_taxi_pipeline to None, run_after=None
[2026-07-22T04:20:38.526+0000] {processor.py:183} INFO - Processing /opt/airflow/dags/nyc_taxi_pipeline.py took 0.275 seconds
[2026-07-22T04:21:08.790+0000] {processor.py:161} INFO - Started process (PID=273) to work on /opt/airflow/dags/nyc_taxi_pipeline.py
[2026-07-22T04:21:08.792+0000] {processor.py:830} INFO - Processing file /opt/airflow/dags/nyc_taxi_pipeline.py for tasks to queue
[2026-07-22T04:21:08.796+0000] {logging_mixin.py:188} INFO - [2026-07-22T04:21:08.795+0000] {dagbag.py:540} INFO - Filling up the DagBag from /opt/airflow/dags/nyc_taxi_pipeline.py
[2026-07-22T04:21:08.829+0000] {processor.py:840} INFO - DAG(s) 'nyc_taxi_pipeline' retrieved from /opt/airflow/dags/nyc_taxi_pipeline.py
[2026-07-22T04:21:08.946+0000] {logging_mixin.py:188} INFO - [2026-07-22T04:21:08.946+0000] {dag.py:3096} INFO - Sync 1 DAGs
[2026-07-22T04:21:08.973+0000] {logging_mixin.py:188} INFO - [2026-07-22T04:21:08.973+0000] {dag.py:3954} INFO - Setting next_dagrun for nyc_taxi_pipeline to None, run_after=None
[2026-07-22T04:21:09.038+0000] {processor.py:183} INFO - Processing /opt/airflow/dags/nyc_taxi_pipeline.py took 0.256 seconds
[2026-07-22T04:21:39.343+0000] {processor.py:161} INFO - Started process (PID=278) to work on /opt/airflow/dags/nyc_taxi_pipeline.py
[2026-07-22T04:21:39.345+0000] {processor.py:830} INFO - Processing file /opt/airflow/dags/nyc_taxi_pipeline.py for tasks to queue
[2026-07-22T04:21:39.349+0000] {logging_mixin.py:188} INFO - [2026-07-22T04:21:39.348+0000] {dagbag.py:540} INFO - Filling up the DagBag from /opt/airflow/dags/nyc_taxi_pipeline.py
[2026-07-22T04:21:39.378+0000] {processor.py:840} INFO - DAG(s) 'nyc_taxi_pipeline' retrieved from /opt/airflow/dags/nyc_taxi_pipeline.py
[2026-07-22T04:21:39.475+0000] {logging_mixin.py:188} INFO - [2026-07-22T04:21:39.475+0000] {dag.py:3096} INFO - Sync 1 DAGs
[2026-07-22T04:21:39.498+0000] {logging_mixin.py:188} INFO - [2026-07-22T04:21:39.498+0000] {dag.py:3954} INFO - Setting next_dagrun for nyc_taxi_pipeline to None, run_after=None
[2026-07-22T04:21:39.880+0000] {processor.py:183} INFO - Processing /opt/airflow/dags/nyc_taxi_pipeline.py took 0.545 seconds
[2026-07-22T04:22:10.245+0000] {processor.py:161} INFO - Started process (PID=283) to work on /opt/airflow/dags/nyc_taxi_pipeline.py
[2026-07-22T04:22:10.248+0000] {processor.py:830} INFO - Processing file /opt/airflow/dags/nyc_taxi_pipeline.py for tasks to queue
[2026-07-22T04:22:10.252+0000] {logging_mixin.py:188} INFO - [2026-07-22T04:22:10.252+0000] {dagbag.py:540} INFO - Filling up the DagBag from /opt/airflow/dags/nyc_taxi_pipeline.py
[2026-07-22T04:22:10.284+0000] {processor.py:840} INFO - DAG(s) 'nyc_taxi_pipeline' retrieved from /opt/airflow/dags/nyc_taxi_pipeline.py
[2026-07-22T04:22:10.381+0000] {logging_mixin.py:188} INFO - [2026-07-22T04:22:10.381+0000] {dag.py:3096} INFO - Sync 1 DAGs
[2026-07-22T04:22:10.402+0000] {logging_mixin.py:188} INFO - [2026-07-22T04:22:10.402+0000] {dag.py:3954} INFO - Setting next_dagrun for nyc_taxi_pipeline to None, run_after=None
[2026-07-22T04:22:10.455+0000] {processor.py:183} INFO - Processing /opt/airflow/dags/nyc_taxi_pipeline.py took 0.221 seconds
[2026-07-22T04:22:40.566+0000] {processor.py:161} INFO - Started process (PID=288) to work on /opt/airflow/dags/nyc_taxi_pipeline.py
[2026-07-22T04:22:40.568+0000] {processor.py:830} INFO - Processing file /opt/airflow/dags/nyc_taxi_pipeline.py for tasks to queue
[2026-07-22T04:22:40.571+0000] {logging_mixin.py:188} INFO - [2026-07-22T04:22:40.571+0000] {dagbag.py:540} INFO - Filling up the DagBag from /opt/airflow/dags/nyc_taxi_pipeline.py
[2026-07-22T04:22:40.603+0000] {processor.py:840} INFO - DAG(s) 'nyc_taxi_pipeline' retrieved from /opt/airflow/dags/nyc_taxi_pipeline.py
[2026-07-22T04:22:40.740+0000] {logging_mixin.py:188} INFO - [2026-07-22T04:22:40.739+0000] {dag.py:3096} INFO - Sync 1 DAGs
[2026-07-22T04:22:40.769+0000] {logging_mixin.py:188} INFO - [2026-07-22T04:22:40.769+0000] {dag.py:3954} INFO - Setting next_dagrun for nyc_taxi_pipeline to None, run_after=None
[2026-07-22T04:22:40.812+0000] {processor.py:183} INFO - Processing /opt/airflow/dags/nyc_taxi_pipeline.py took 0.258 seconds
[2026-07-22T04:23:11.109+0000] {processor.py:161} INFO - Started process (PID=293) to work on /opt/airflow/dags/nyc_taxi_pipeline.py
[2026-07-22T04:23:11.112+0000] {processor.py:830} INFO - Processing file /opt/airflow/dags/nyc_taxi_pipeline.py for tasks to queue
[2026-07-22T04:23:11.115+0000] {logging_mixin.py:188} INFO - [2026-07-22T04:23:11.114+0000] {dagbag.py:540} INFO - Filling up the DagBag from /opt/airflow/dags/nyc_taxi_pipeline.py
[2026-07-22T04:23:11.150+0000] {processor.py:840} INFO - DAG(s) 'nyc_taxi_pipeline' retrieved from /opt/airflow/dags/nyc_taxi_pipeline.py
[2026-07-22T04:23:11.375+0000] {logging_mixin.py:188} INFO - [2026-07-22T04:23:11.374+0000] {dag.py:3096} INFO - Sync 1 DAGs
[2026-07-22T04:23:11.402+0000] {logging_mixin.py:188} INFO - [2026-07-22T04:23:11.402+0000] {dag.py:3954} INFO - Setting next_dagrun for nyc_taxi_pipeline to None, run_after=None
[2026-07-22T04:23:11.462+0000] {processor.py:183} INFO - Processing /opt/airflow/dags/nyc_taxi_pipeline.py took 0.363 seconds
[2026-07-22T04:23:41.586+0000] {processor.py:161} INFO - Started process (PID=298) to work on /opt/airflow/dags/nyc_taxi_pipeline.py
[2026-07-22T04:23:41.588+0000] {processor.py:830} INFO - Processing file /opt/airflow/dags/nyc_taxi_pipeline.py for tasks to queue
[2026-07-22T04:23:41.593+0000] {logging_mixin.py:188} INFO - [2026-07-22T04:23:41.593+0000] {dagbag.py:540} INFO - Filling up the DagBag from /opt/airflow/dags/nyc_taxi_pipeline.py
[2026-07-22T04:23:41.628+0000] {processor.py:840} INFO - DAG(s) 'nyc_taxi_pipeline' retrieved from /opt/airflow/dags/nyc_taxi_pipeline.py
[2026-07-22T04:23:41.739+0000] {logging_mixin.py:188} INFO - [2026-07-22T04:23:41.739+0000] {dag.py:3096} INFO - Sync 1 DAGs
[2026-07-22T04:23:41.764+0000] {logging_mixin.py:188} INFO - [2026-07-22T04:23:41.764+0000] {dag.py:3954} INFO - Setting next_dagrun for nyc_taxi_pipeline to None, run_after=None
[2026-07-22T04:23:42.284+0000] {processor.py:183} INFO - Processing /opt/airflow/dags/nyc_taxi_pipeline.py took 0.710 seconds
[2026-07-22T04:24:12.675+0000] {processor.py:161} INFO - Started process (PID=303) to work on /opt/airflow/dags/nyc_taxi_pipeline.py
[2026-07-22T04:24:12.678+0000] {processor.py:830} INFO - Processing file /opt/airflow/dags/nyc_taxi_pipeline.py for tasks to queue
[2026-07-22T04:24:12.681+0000] {logging_mixin.py:188} INFO - [2026-07-22T04:24:12.681+0000] {dagbag.py:540} INFO - Filling up the DagBag from /opt/airflow/dags/nyc_taxi_pipeline.py
[2026-07-22T04:24:12.713+0000] {processor.py:840} INFO - DAG(s) 'nyc_taxi_pipeline' retrieved from /opt/airflow/dags/nyc_taxi_pipeline.py
[2026-07-22T04:24:12.826+0000] {logging_mixin.py:188} INFO - [2026-07-22T04:24:12.826+0000] {dag.py:3096} INFO - Sync 1 DAGs
[2026-07-22T04:24:12.855+0000] {logging_mixin.py:188} INFO - [2026-07-22T04:24:12.854+0000] {dag.py:3954} INFO - Setting next_dagrun for nyc_taxi_pipeline to None, run_after=None
[2026-07-22T04:24:12.918+0000] {processor.py:183} INFO - Processing /opt/airflow/dags/nyc_taxi_pipeline.py took 0.254 seconds
[2026-07-22T04:24:43.118+0000] {processor.py:161} INFO - Started process (PID=308) to work on /opt/airflow/dags/nyc_taxi_pipeline.py
[2026-07-22T04:24:43.120+0000] {processor.py:830} INFO - Processing file /opt/airflow/dags/nyc_taxi_pipeline.py for tasks to queue
[2026-07-22T04:24:43.125+0000] {logging_mixin.py:188} INFO - [2026-07-22T04:24:43.124+0000] {dagbag.py:540} INFO - Filling up the DagBag from /opt/airflow/dags/nyc_taxi_pipeline.py
[2026-07-22T04:24:43.157+0000] {processor.py:840} INFO - DAG(s) 'nyc_taxi_pipeline' retrieved from /opt/airflow/dags/nyc_taxi_pipeline.py
[2026-07-22T04:24:43.277+0000] {logging_mixin.py:188} INFO - [2026-07-22T04:24:43.276+0000] {dag.py:3096} INFO - Sync 1 DAGs
[2026-07-22T04:24:43.310+0000] {logging_mixin.py:188} INFO - [2026-07-22T04:24:43.309+0000] {dag.py:3954} INFO - Setting next_dagrun for nyc_taxi_pipeline to None, run_after=None
[2026-07-22T04:24:43.578+0000] {processor.py:183} INFO - Processing /opt/airflow/dags/nyc_taxi_pipeline.py took 0.470 seconds
[2026-07-22T04:25:13.866+0000] {processor.py:161} INFO - Started process (PID=313) to work on /opt/airflow/dags/nyc_taxi_pipeline.py
[2026-07-22T04:25:13.868+0000] {processor.py:830} INFO - Processing file /opt/airflow/dags/nyc_taxi_pipeline.py for tasks to queue
[2026-07-22T04:25:13.872+0000] {logging_mixin.py:188} INFO - [2026-07-22T04:25:13.872+0000] {dagbag.py:540} INFO - Filling up the DagBag from /opt/airflow/dags/nyc_taxi_pipeline.py
[2026-07-22T04:25:13.916+0000] {processor.py:840} INFO - DAG(s) 'nyc_taxi_pipeline' retrieved from /opt/airflow/dags/nyc_taxi_pipeline.py
[2026-07-22T04:25:14.143+0000] {logging_mixin.py:188} INFO - [2026-07-22T04:25:14.142+0000] {dag.py:3096} INFO - Sync 1 DAGs
[2026-07-22T04:25:14.183+0000] {logging_mixin.py:188} INFO - [2026-07-22T04:25:14.183+0000] {dag.py:3954} INFO - Setting next_dagrun for nyc_taxi_pipeline to None, run_after=None
[2026-07-22T04:25:14.350+0000] {processor.py:183} INFO - Processing /opt/airflow/dags/nyc_taxi_pipeline.py took 0.502 seconds
[2026-07-22T04:25:44.555+0000] {processor.py:161} INFO - Started process (PID=318) to work on /opt/airflow/dags/nyc_taxi_pipeline.py
[2026-07-22T04:25:44.557+0000] {processor.py:830} INFO - Processing file /opt/airflow/dags/nyc_taxi_pipeline.py for tasks to queue
[2026-07-22T04:25:44.561+0000] {logging_mixin.py:188} INFO - [2026-07-22T04:25:44.560+0000] {dagbag.py:540} INFO - Filling up the DagBag from /opt/airflow/dags/nyc_taxi_pipeline.py
[2026-07-22T04:25:44.589+0000] {processor.py:840} INFO - DAG(s) 'nyc_taxi_pipeline' retrieved from /opt/airflow/dags/nyc_taxi_pipeline.py
[2026-07-22T04:25:44.847+0000] {logging_mixin.py:188} INFO - [2026-07-22T04:25:44.846+0000] {dag.py:3096} INFO - Sync 1 DAGs
[2026-07-22T04:25:44.928+0000] {logging_mixin.py:188} INFO - [2026-07-22T04:25:44.928+0000] {dag.py:3954} INFO - Setting next_dagrun for nyc_taxi_pipeline to None, run_after=None
[2026-07-22T04:25:45.203+0000] {processor.py:183} INFO - Processing /opt/airflow/dags/nyc_taxi_pipeline.py took 0.656 seconds
[2026-07-22T04:26:15.704+0000] {processor.py:161} INFO - Started process (PID=323) to work on /opt/airflow/dags/nyc_taxi_pipeline.py
[2026-07-22T04:26:15.706+0000] {processor.py:830} INFO - Processing file /opt/airflow/dags/nyc_taxi_pipeline.py for tasks to queue
[2026-07-22T04:26:15.712+0000] {logging_mixin.py:188} INFO - [2026-07-22T04:26:15.711+0000] {dagbag.py:540} INFO - Filling up the DagBag from /opt/airflow/dags/nyc_taxi_pipeline.py
[2026-07-22T04:26:15.759+0000] {processor.py:840} INFO - DAG(s) 'nyc_taxi_pipeline' retrieved from /opt/airflow/dags/nyc_taxi_pipeline.py
[2026-07-22T04:26:16.528+0000] {logging_mixin.py:188} INFO - [2026-07-22T04:26:16.527+0000] {dag.py:3096} INFO - Sync 1 DAGs
[2026-07-22T04:26:16.774+0000] {logging_mixin.py:188} INFO - [2026-07-22T04:26:16.773+0000] {dag.py:3954} INFO - Setting next_dagrun for nyc_taxi_pipeline to None, run_after=None
[2026-07-22T04:26:16.935+0000] {processor.py:183} INFO - Processing /opt/airflow/dags/nyc_taxi_pipeline.py took 1.250 seconds
[2026-07-22T04:26:47.115+0000] {processor.py:161} INFO - Started process (PID=328) to work on /opt/airflow/dags/nyc_taxi_pipeline.py
[2026-07-22T04:26:47.119+0000] {processor.py:830} INFO - Processing file /opt/airflow/dags/nyc_taxi_pipeline.py for tasks to queue
[2026-07-22T04:26:47.131+0000] {logging_mixin.py:188} INFO - [2026-07-22T04:26:47.130+0000] {dagbag.py:540} INFO - Filling up the DagBag from /opt/airflow/dags/nyc_taxi_pipeline.py
[2026-07-22T04:26:47.170+0000] {processor.py:840} INFO - DAG(s) 'nyc_taxi_pipeline' retrieved from /opt/airflow/dags/nyc_taxi_pipeline.py
[2026-07-22T04:26:47.462+0000] {logging_mixin.py:188} INFO - [2026-07-22T04:26:47.461+0000] {dag.py:3096} INFO - Sync 1 DAGs
[2026-07-22T04:26:47.508+0000] {logging_mixin.py:188} INFO - [2026-07-22T04:26:47.508+0000] {dag.py:3954} INFO - Setting next_dagrun for nyc_taxi_pipeline to None, run_after=None
[2026-07-22T04:26:48.573+0000] {processor.py:183} INFO - Processing /opt/airflow/dags/nyc_taxi_pipeline.py took 1.469 seconds
[2026-07-22T04:27:18.794+0000] {processor.py:161} INFO - Started process (PID=333) to work on /opt/airflow/dags/nyc_taxi_pipeline.py
[2026-07-22T04:27:18.797+0000] {processor.py:830} INFO - Processing file /opt/airflow/dags/nyc_taxi_pipeline.py for tasks to queue
[2026-07-22T04:27:18.801+0000] {logging_mixin.py:188} INFO - [2026-07-22T04:27:18.801+0000] {dagbag.py:540} INFO - Filling up the DagBag from /opt/airflow/dags/nyc_taxi_pipeline.py
[2026-07-22T04:27:18.832+0000] {processor.py:840} INFO - DAG(s) 'nyc_taxi_pipeline' retrieved from /opt/airflow/dags/nyc_taxi_pipeline.py
[2026-07-22T04:27:18.952+0000] {logging_mixin.py:188} INFO - [2026-07-22T04:27:18.952+0000] {dag.py:3096} INFO - Sync 1 DAGs
[2026-07-22T04:27:19.078+0000] {logging_mixin.py:188} INFO - [2026-07-22T04:27:19.077+0000] {dag.py:3954} INFO - Setting next_dagrun for nyc_taxi_pipeline to None, run_after=None
[2026-07-22T04:27:19.902+0000] {processor.py:183} INFO - Processing /opt/airflow/dags/nyc_taxi_pipeline.py took 1.119 seconds
[2026-07-22T04:27:50.688+0000] {processor.py:161} INFO - Started process (PID=338) to work on /opt/airflow/dags/nyc_taxi_pipeline.py
[2026-07-22T04:27:50.691+0000] {processor.py:830} INFO - Processing file /opt/airflow/dags/nyc_taxi_pipeline.py for tasks to queue
[2026-07-22T04:27:50.695+0000] {logging_mixin.py:188} INFO - [2026-07-22T04:27:50.695+0000] {dagbag.py:540} INFO - Filling up the DagBag from /opt/airflow/dags/nyc_taxi_pipeline.py
[2026-07-22T04:27:50.733+0000] {processor.py:840} INFO - DAG(s) 'nyc_taxi_pipeline' retrieved from /opt/airflow/dags/nyc_taxi_pipeline.py
[2026-07-22T04:27:50.949+0000] {logging_mixin.py:188} INFO - [2026-07-22T04:27:50.948+0000] {dag.py:3096} INFO - Sync 1 DAGs
[2026-07-22T04:27:50.979+0000] {logging_mixin.py:188} INFO - [2026-07-22T04:27:50.978+0000] {dag.py:3954} INFO - Setting next_dagrun for nyc_taxi_pipeline to None, run_after=None
[2026-07-22T04:27:51.161+0000] {processor.py:183} INFO - Processing /opt/airflow/dags/nyc_taxi_pipeline.py took 0.486 seconds
[2026-07-22T04:28:21.280+0000] {processor.py:161} INFO - Started process (PID=343) to work on /opt/airflow/dags/nyc_taxi_pipeline.py
[2026-07-22T04:28:21.282+0000] {processor.py:830} INFO - Processing file /opt/airflow/dags/nyc_taxi_pipeline.py for tasks to queue
[2026-07-22T04:28:21.286+0000] {logging_mixin.py:188} INFO - [2026-07-22T04:28:21.286+0000] {dagbag.py:540} INFO - Filling up the DagBag from /opt/airflow/dags/nyc_taxi_pipeline.py
[2026-07-22T04:28:21.318+0000] {processor.py:840} INFO - DAG(s) 'nyc_taxi_pipeline' retrieved from /opt/airflow/dags/nyc_taxi_pipeline.py
[2026-07-22T04:28:21.473+0000] {logging_mixin.py:188} INFO - [2026-07-22T04:28:21.473+0000] {dag.py:3096} INFO - Sync 1 DAGs
[2026-07-22T04:28:22.843+0000] {logging_mixin.py:188} INFO - [2026-07-22T04:28:22.842+0000] {dag.py:3954} INFO - Setting next_dagrun for nyc_taxi_pipeline to None, run_after=None
[2026-07-22T04:28:23.189+0000] {processor.py:183} INFO - Processing /opt/airflow/dags/nyc_taxi_pipeline.py took 1.919 seconds
[2026-07-22T04:28:53.677+0000] {processor.py:161} INFO - Started process (PID=348) to work on /opt/airflow/dags/nyc_taxi_pipeline.py
[2026-07-22T04:28:53.678+0000] {processor.py:830} INFO - Processing file /opt/airflow/dags/nyc_taxi_pipeline.py for tasks to queue
[2026-07-22T04:28:53.688+0000] {logging_mixin.py:188} INFO - [2026-07-22T04:28:53.688+0000] {dagbag.py:540} INFO - Filling up the DagBag from /opt/airflow/dags/nyc_taxi_pipeline.py
[2026-07-22T04:28:53.716+0000] {processor.py:840} INFO - DAG(s) 'nyc_taxi_pipeline' retrieved from /opt/airflow/dags/nyc_taxi_pipeline.py
[2026-07-22T04:28:53.881+0000] {logging_mixin.py:188} INFO - [2026-07-22T04:28:53.880+0000] {dag.py:3096} INFO - Sync 1 DAGs
[2026-07-22T04:28:53.913+0000] {logging_mixin.py:188} INFO - [2026-07-22T04:28:53.913+0000] {dag.py:3954} INFO - Setting next_dagrun for nyc_taxi_pipeline to None, run_after=None
[2026-07-22T04:28:54.044+0000] {processor.py:183} INFO - Processing /opt/airflow/dags/nyc_taxi_pipeline.py took 0.374 seconds
[2026-07-22T04:29:24.355+0000] {processor.py:161} INFO - Started process (PID=353) to work on /opt/airflow/dags/nyc_taxi_pipeline.py
[2026-07-22T04:29:24.357+0000] {processor.py:830} INFO - Processing file /opt/airflow/dags/nyc_taxi_pipeline.py for tasks to queue
[2026-07-22T04:29:24.360+0000] {logging_mixin.py:188} INFO - [2026-07-22T04:29:24.359+0000] {dagbag.py:540} INFO - Filling up the DagBag from /opt/airflow/dags/nyc_taxi_pipeline.py
[2026-07-22T04:29:24.392+0000] {processor.py:840} INFO - DAG(s) 'nyc_taxi_pipeline' retrieved from /opt/airflow/dags/nyc_taxi_pipeline.py
[2026-07-22T04:29:24.522+0000] {logging_mixin.py:188} INFO - [2026-07-22T04:29:24.522+0000] {dag.py:3096} INFO - Sync 1 DAGs
[2026-07-22T04:29:24.605+0000] {logging_mixin.py:188} INFO - [2026-07-22T04:29:24.605+0000] {dag.py:3954} INFO - Setting next_dagrun for nyc_taxi_pipeline to None, run_after=None
[2026-07-22T04:29:24.798+0000] {processor.py:183} INFO - Processing /opt/airflow/dags/nyc_taxi_pipeline.py took 0.457 seconds
[2026-07-22T04:29:55.255+0000] {processor.py:161} INFO - Started process (PID=358) to work on /opt/airflow/dags/nyc_taxi_pipeline.py
[2026-07-22T04:29:55.257+0000] {processor.py:830} INFO - Processing file /opt/airflow/dags/nyc_taxi_pipeline.py for tasks to queue
[2026-07-22T04:29:55.260+0000] {logging_mixin.py:188} INFO - [2026-07-22T04:29:55.259+0000] {dagbag.py:540} INFO - Filling up the DagBag from /opt/airflow/dags/nyc_taxi_pipeline.py
[2026-07-22T04:29:55.301+0000] {processor.py:840} INFO - DAG(s) 'nyc_taxi_pipeline' retrieved from /opt/airflow/dags/nyc_taxi_pipeline.py
[2026-07-22T04:29:55.469+0000] {logging_mixin.py:188} INFO - [2026-07-22T04:29:55.468+0000] {dag.py:3096} INFO - Sync 1 DAGs
[2026-07-22T04:29:55.641+0000] {logging_mixin.py:188} INFO - [2026-07-22T04:29:55.641+0000] {dag.py:3954} INFO - Setting next_dagrun for nyc_taxi_pipeline to None, run_after=None
[2026-07-22T04:29:55.790+0000] {processor.py:183} INFO - Processing /opt/airflow/dags/nyc_taxi_pipeline.py took 0.544 seconds
[2026-07-22T04:30:26.112+0000] {processor.py:161} INFO - Started process (PID=363) to work on /opt/airflow/dags/nyc_taxi_pipeline.py
[2026-07-22T04:30:26.127+0000] {processor.py:830} INFO - Processing file /opt/airflow/dags/nyc_taxi_pipeline.py for tasks to queue
[2026-07-22T04:30:26.132+0000] {logging_mixin.py:188} INFO - [2026-07-22T04:30:26.131+0000] {dagbag.py:540} INFO - Filling up the DagBag from /opt/airflow/dags/nyc_taxi_pipeline.py
[2026-07-22T04:30:26.174+0000] {processor.py:840} INFO - DAG(s) 'nyc_taxi_pipeline' retrieved from /opt/airflow/dags/nyc_taxi_pipeline.py
[2026-07-22T04:30:26.351+0000] {logging_mixin.py:188} INFO - [2026-07-22T04:30:26.351+0000] {dag.py:3096} INFO - Sync 1 DAGs
[2026-07-22T04:30:26.385+0000] {logging_mixin.py:188} INFO - [2026-07-22T04:30:26.384+0000] {dag.py:3954} INFO - Setting next_dagrun for nyc_taxi_pipeline to None, run_after=None
[2026-07-22T04:30:26.508+0000] {processor.py:183} INFO - Processing /opt/airflow/dags/nyc_taxi_pipeline.py took 0.409 seconds
[2026-07-22T04:30:56.911+0000] {processor.py:161} INFO - Started process (PID=368) to work on /opt/airflow/dags/nyc_taxi_pipeline.py
[2026-07-22T04:30:56.913+0000] {processor.py:830} INFO - Processing file /opt/airflow/dags/nyc_taxi_pipeline.py for tasks to queue
[2026-07-22T04:30:56.917+0000] {logging_mixin.py:188} INFO - [2026-07-22T04:30:56.916+0000] {dagbag.py:540} INFO - Filling up the DagBag from /opt/airflow/dags/nyc_taxi_pipeline.py
[2026-07-22T04:30:56.949+0000] {processor.py:840} INFO - DAG(s) 'nyc_taxi_pipeline' retrieved from /opt/airflow/dags/nyc_taxi_pipeline.py
[2026-07-22T04:30:57.080+0000] {logging_mixin.py:188} INFO - [2026-07-22T04:30:57.079+0000] {dag.py:3096} INFO - Sync 1 DAGs
[2026-07-22T04:30:58.013+0000] {logging_mixin.py:188} INFO - [2026-07-22T04:30:58.012+0000] {dag.py:3954} INFO - Setting next_dagrun for nyc_taxi_pipeline to None, run_after=None
[2026-07-22T04:30:58.348+0000] {processor.py:183} INFO - Processing /opt/airflow/dags/nyc_taxi_pipeline.py took 1.447 seconds
[2026-07-22T04:31:28.769+0000] {processor.py:161} INFO - Started process (PID=373) to work on /opt/airflow/dags/nyc_taxi_pipeline.py
[2026-07-22T04:31:28.771+0000] {processor.py:830} INFO - Processing file /opt/airflow/dags/nyc_taxi_pipeline.py for tasks to queue
[2026-07-22T04:31:28.776+0000] {logging_mixin.py:188} INFO - [2026-07-22T04:31:28.775+0000] {dagbag.py:540} INFO - Filling up the DagBag from /opt/airflow/dags/nyc_taxi_pipeline.py
[2026-07-22T04:31:28.807+0000] {processor.py:840} INFO - DAG(s) 'nyc_taxi_pipeline' retrieved from /opt/airflow/dags/nyc_taxi_pipeline.py
[2026-07-22T04:31:29.029+0000] {logging_mixin.py:188} INFO - [2026-07-22T04:31:29.029+0000] {dag.py:3096} INFO - Sync 1 DAGs
[2026-07-22T04:31:29.183+0000] {logging_mixin.py:188} INFO - [2026-07-22T04:31:29.183+0000] {dag.py:3954} INFO - Setting next_dagrun for nyc_taxi_pipeline to None, run_after=None
[2026-07-22T04:31:29.259+0000] {processor.py:183} INFO - Processing /opt/airflow/dags/nyc_taxi_pipeline.py took 0.496 seconds
[2026-07-22T04:31:59.756+0000] {processor.py:161} INFO - Started process (PID=378) to work on /opt/airflow/dags/nyc_taxi_pipeline.py
[2026-07-22T04:31:59.759+0000] {processor.py:830} INFO - Processing file /opt/airflow/dags/nyc_taxi_pipeline.py for tasks to queue
[2026-07-22T04:31:59.763+0000] {logging_mixin.py:188} INFO - [2026-07-22T04:31:59.763+0000] {dagbag.py:540} INFO - Filling up the DagBag from /opt/airflow/dags/nyc_taxi_pipeline.py
[2026-07-22T04:31:59.799+0000] {processor.py:840} INFO - DAG(s) 'nyc_taxi_pipeline' retrieved from /opt/airflow/dags/nyc_taxi_pipeline.py
[2026-07-22T04:32:00.038+0000] {logging_mixin.py:188} INFO - [2026-07-22T04:32:00.037+0000] {dag.py:3096} INFO - Sync 1 DAGs
[2026-07-22T04:32:00.130+0000] {logging_mixin.py:188} INFO - [2026-07-22T04:32:00.130+0000] {dag.py:3954} INFO - Setting next_dagrun for nyc_taxi_pipeline to None, run_after=None
[2026-07-22T04:32:00.210+0000] {processor.py:183} INFO - Processing /opt/airflow/dags/nyc_taxi_pipeline.py took 0.468 seconds
[2026-07-22T04:32:30.445+0000] {processor.py:161} INFO - Started process (PID=383) to work on /opt/airflow/dags/nyc_taxi_pipeline.py
[2026-07-22T04:32:30.447+0000] {processor.py:830} INFO - Processing file /opt/airflow/dags/nyc_taxi_pipeline.py for tasks to queue
[2026-07-22T04:32:30.451+0000] {logging_mixin.py:188} INFO - [2026-07-22T04:32:30.451+0000] {dagbag.py:540} INFO - Filling up the DagBag from /opt/airflow/dags/nyc_taxi_pipeline.py
[2026-07-22T04:32:30.497+0000] {processor.py:840} INFO - DAG(s) 'nyc_taxi_pipeline' retrieved from /opt/airflow/dags/nyc_taxi_pipeline.py
[2026-07-22T04:32:30.615+0000] {logging_mixin.py:188} INFO - [2026-07-22T04:32:30.615+0000] {dag.py:3096} INFO - Sync 1 DAGs
[2026-07-22T04:32:30.662+0000] {logging_mixin.py:188} INFO - [2026-07-22T04:32:30.661+0000] {dag.py:3954} INFO - Setting next_dagrun for nyc_taxi_pipeline to None, run_after=None
[2026-07-22T04:32:31.078+0000] {processor.py:183} INFO - Processing /opt/airflow/dags/nyc_taxi_pipeline.py took 0.648 seconds
[2026-07-22T04:33:01.470+0000] {processor.py:161} INFO - Started process (PID=388) to work on /opt/airflow/dags/nyc_taxi_pipeline.py
[2026-07-22T04:33:01.473+0000] {processor.py:830} INFO - Processing file /opt/airflow/dags/nyc_taxi_pipeline.py for tasks to queue
[2026-07-22T04:33:01.476+0000] {logging_mixin.py:188} INFO - [2026-07-22T04:33:01.476+0000] {dagbag.py:540} INFO - Filling up the DagBag from /opt/airflow/dags/nyc_taxi_pipeline.py
[2026-07-22T04:33:01.503+0000] {processor.py:840} INFO - DAG(s) 'nyc_taxi_pipeline' retrieved from /opt/airflow/dags/nyc_taxi_pipeline.py
[2026-07-22T04:33:01.609+0000] {logging_mixin.py:188} INFO - [2026-07-22T04:33:01.609+0000] {dag.py:3096} INFO - Sync 1 DAGs
[2026-07-22T04:33:01.644+0000] {logging_mixin.py:188} INFO - [2026-07-22T04:33:01.643+0000] {dag.py:3954} INFO - Setting next_dagrun for nyc_taxi_pipeline to None, run_after=None
[2026-07-22T04:33:01.727+0000] {processor.py:183} INFO - Processing /opt/airflow/dags/nyc_taxi_pipeline.py took 0.267 seconds
[2026-07-22T04:33:31.805+0000] {processor.py:161} INFO - Started process (PID=393) to work on /opt/airflow/dags/nyc_taxi_pipeline.py
[2026-07-22T04:33:31.807+0000] {processor.py:830} INFO - Processing file /opt/airflow/dags/nyc_taxi_pipeline.py for tasks to queue
[2026-07-22T04:33:31.810+0000] {logging_mixin.py:188} INFO - [2026-07-22T04:33:31.810+0000] {dagbag.py:540} INFO - Filling up the DagBag from /opt/airflow/dags/nyc_taxi_pipeline.py
[2026-07-22T04:33:31.840+0000] {processor.py:840} INFO - DAG(s) 'nyc_taxi_pipeline' retrieved from /opt/airflow/dags/nyc_taxi_pipeline.py
[2026-07-22T04:33:31.941+0000] {logging_mixin.py:188} INFO - [2026-07-22T04:33:31.941+0000] {dag.py:3096} INFO - Sync 1 DAGs
[2026-07-22T04:33:31.968+0000] {logging_mixin.py:188} INFO - [2026-07-22T04:33:31.968+0000] {dag.py:3954} INFO - Setting next_dagrun for nyc_taxi_pipeline to None, run_after=None
[2026-07-22T04:33:32.033+0000] {processor.py:183} INFO - Processing /opt/airflow/dags/nyc_taxi_pipeline.py took 0.236 seconds
[2026-07-22T04:34:02.416+0000] {processor.py:161} INFO - Started process (PID=398) to work on /opt/airflow/dags/nyc_taxi_pipeline.py
[2026-07-22T04:34:02.418+0000] {processor.py:830} INFO - Processing file /opt/airflow/dags/nyc_taxi_pipeline.py for tasks to queue
[2026-07-22T04:34:02.422+0000] {logging_mixin.py:188} INFO - [2026-07-22T04:34:02.421+0000] {dagbag.py:540} INFO - Filling up the DagBag from /opt/airflow/dags/nyc_taxi_pipeline.py
[2026-07-22T04:34:02.471+0000] {processor.py:840} INFO - DAG(s) 'nyc_taxi_pipeline' retrieved from /opt/airflow/dags/nyc_taxi_pipeline.py
[2026-07-22T04:34:02.655+0000] {logging_mixin.py:188} INFO - [2026-07-22T04:34:02.655+0000] {dag.py:3096} INFO - Sync 1 DAGs
[2026-07-22T04:34:02.714+0000] {logging_mixin.py:188} INFO - [2026-07-22T04:34:02.713+0000] {dag.py:3954} INFO - Setting next_dagrun for nyc_taxi_pipeline to None, run_after=None
[2026-07-22T04:34:02.878+0000] {processor.py:183} INFO - Processing /opt/airflow/dags/nyc_taxi_pipeline.py took 0.471 seconds
[2026-07-22T04:34:33.271+0000] {processor.py:161} INFO - Started process (PID=403) to work on /opt/airflow/dags/nyc_taxi_pipeline.py
[2026-07-22T04:34:33.273+0000] {processor.py:830} INFO - Processing file /opt/airflow/dags/nyc_taxi_pipeline.py for tasks to queue
[2026-07-22T04:34:33.277+0000] {logging_mixin.py:188} INFO - [2026-07-22T04:34:33.276+0000] {dagbag.py:540} INFO - Filling up the DagBag from /opt/airflow/dags/nyc_taxi_pipeline.py
[2026-07-22T04:34:33.309+0000] {processor.py:840} INFO - DAG(s) 'nyc_taxi_pipeline' retrieved from /opt/airflow/dags/nyc_taxi_pipeline.py
[2026-07-22T04:34:33.418+0000] {logging_mixin.py:188} INFO - [2026-07-22T04:34:33.418+0000] {dag.py:3096} INFO - Sync 1 DAGs
[2026-07-22T04:34:33.448+0000] {logging_mixin.py:188} INFO - [2026-07-22T04:34:33.447+0000] {dag.py:3954} INFO - Setting next_dagrun for nyc_taxi_pipeline to None, run_after=None
[2026-07-22T04:34:33.503+0000] {processor.py:183} INFO - Processing /opt/airflow/dags/nyc_taxi_pipeline.py took 0.241 seconds
[2026-07-22T04:35:03.680+0000] {processor.py:161} INFO - Started process (PID=408) to work on /opt/airflow/dags/nyc_taxi_pipeline.py
[2026-07-22T04:35:03.682+0000] {processor.py:830} INFO - Processing file /opt/airflow/dags/nyc_taxi_pipeline.py for tasks to queue
[2026-07-22T04:35:03.686+0000] {logging_mixin.py:188} INFO - [2026-07-22T04:35:03.686+0000] {dagbag.py:540} INFO - Filling up the DagBag from /opt/airflow/dags/nyc_taxi_pipeline.py
[2026-07-22T04:35:03.715+0000] {processor.py:840} INFO - DAG(s) 'nyc_taxi_pipeline' retrieved from /opt/airflow/dags/nyc_taxi_pipeline.py
[2026-07-22T04:35:03.850+0000] {logging_mixin.py:188} INFO - [2026-07-22T04:35:03.850+0000] {dag.py:3096} INFO - Sync 1 DAGs
[2026-07-22T04:35:03.879+0000] {logging_mixin.py:188} INFO - [2026-07-22T04:35:03.879+0000] {dag.py:3954} INFO - Setting next_dagrun for nyc_taxi_pipeline to None, run_after=None
[2026-07-22T04:35:03.927+0000] {processor.py:183} INFO - Processing /opt/airflow/dags/nyc_taxi_pipeline.py took 0.254 seconds
[2026-07-22T04:35:34.231+0000] {processor.py:161} INFO - Started process (PID=413) to work on /opt/airflow/dags/nyc_taxi_pipeline.py
[2026-07-22T04:35:34.233+0000] {processor.py:830} INFO - Processing file /opt/airflow/dags/nyc_taxi_pipeline.py for tasks to queue
[2026-07-22T04:35:34.238+0000] {logging_mixin.py:188} INFO - [2026-07-22T04:35:34.237+0000] {dagbag.py:540} INFO - Filling up the DagBag from /opt/airflow/dags/nyc_taxi_pipeline.py
[2026-07-22T04:35:34.275+0000] {processor.py:840} INFO - DAG(s) 'nyc_taxi_pipeline' retrieved from /opt/airflow/dags/nyc_taxi_pipeline.py
[2026-07-22T04:35:34.379+0000] {logging_mixin.py:188} INFO - [2026-07-22T04:35:34.378+0000] {dag.py:3096} INFO - Sync 1 DAGs
[2026-07-22T04:35:34.405+0000] {logging_mixin.py:188} INFO - [2026-07-22T04:35:34.404+0000] {dag.py:3954} INFO - Setting next_dagrun for nyc_taxi_pipeline to None, run_after=None
[2026-07-22T04:35:34.493+0000] {processor.py:183} INFO - Processing /opt/airflow/dags/nyc_taxi_pipeline.py took 0.274 seconds
[2026-07-22T04:36:04.627+0000] {processor.py:161} INFO - Started process (PID=418) to work on /opt/airflow/dags/nyc_taxi_pipeline.py
[2026-07-22T04:36:04.629+0000] {processor.py:830} INFO - Processing file /opt/airflow/dags/nyc_taxi_pipeline.py for tasks to queue
[2026-07-22T04:36:04.632+0000] {logging_mixin.py:188} INFO - [2026-07-22T04:36:04.632+0000] {dagbag.py:540} INFO - Filling up the DagBag from /opt/airflow/dags/nyc_taxi_pipeline.py
[2026-07-22T04:36:04.667+0000] {processor.py:840} INFO - DAG(s) 'nyc_taxi_pipeline' retrieved from /opt/airflow/dags/nyc_taxi_pipeline.py
[2026-07-22T04:36:04.906+0000] {logging_mixin.py:188} INFO - [2026-07-22T04:36:04.906+0000] {dag.py:3096} INFO - Sync 1 DAGs
[2026-07-22T04:36:04.934+0000] {logging_mixin.py:188} INFO - [2026-07-22T04:36:04.934+0000] {dag.py:3954} INFO - Setting next_dagrun for nyc_taxi_pipeline to None, run_after=None
[2026-07-22T04:36:05.034+0000] {processor.py:183} INFO - Processing /opt/airflow/dags/nyc_taxi_pipeline.py took 0.417 seconds
[2026-07-22T04:36:35.279+0000] {processor.py:161} INFO - Started process (PID=423) to work on /opt/airflow/dags/nyc_taxi_pipeline.py
[2026-07-22T04:36:35.280+0000] {processor.py:830} INFO - Processing file /opt/airflow/dags/nyc_taxi_pipeline.py for tasks to queue
[2026-07-22T04:36:35.284+0000] {logging_mixin.py:188} INFO - [2026-07-22T04:36:35.283+0000] {dagbag.py:540} INFO - Filling up the DagBag from /opt/airflow/dags/nyc_taxi_pipeline.py
[2026-07-22T04:36:35.317+0000] {processor.py:840} INFO - DAG(s) 'nyc_taxi_pipeline' retrieved from /opt/airflow/dags/nyc_taxi_pipeline.py
[2026-07-22T04:36:35.538+0000] {logging_mixin.py:188} INFO - [2026-07-22T04:36:35.537+0000] {dag.py:3096} INFO - Sync 1 DAGs
[2026-07-22T04:36:35.567+0000] {logging_mixin.py:188} INFO - [2026-07-22T04:36:35.567+0000] {dag.py:3954} INFO - Setting next_dagrun for nyc_taxi_pipeline to None, run_after=None
[2026-07-22T04:36:35.640+0000] {processor.py:183} INFO - Processing /opt/airflow/dags/nyc_taxi_pipeline.py took 0.371 seconds
[2026-07-22T04:37:05.735+0000] {processor.py:161} INFO - Started process (PID=428) to work on /opt/airflow/dags/nyc_taxi_pipeline.py
[2026-07-22T04:37:05.738+0000] {processor.py:830} INFO - Processing file /opt/airflow/dags/nyc_taxi_pipeline.py for tasks to queue
[2026-07-22T04:37:05.742+0000] {logging_mixin.py:188} INFO - [2026-07-22T04:37:05.742+0000] {dagbag.py:540} INFO - Filling up the DagBag from /opt/airflow/dags/nyc_taxi_pipeline.py
[2026-07-22T04:37:05.773+0000] {processor.py:840} INFO - DAG(s) 'nyc_taxi_pipeline' retrieved from /opt/airflow/dags/nyc_taxi_pipeline.py
[2026-07-22T04:37:05.872+0000] {logging_mixin.py:188} INFO - [2026-07-22T04:37:05.872+0000] {dag.py:3096} INFO - Sync 1 DAGs
[2026-07-22T04:37:05.898+0000] {logging_mixin.py:188} INFO - [2026-07-22T04:37:05.898+0000] {dag.py:3954} INFO - Setting next_dagrun for nyc_taxi_pipeline to None, run_after=None
[2026-07-22T04:37:06.371+0000] {processor.py:183} INFO - Processing /opt/airflow/dags/nyc_taxi_pipeline.py took 0.646 seconds
[2026-07-22T04:37:36.834+0000] {processor.py:161} INFO - Started process (PID=433) to work on /opt/airflow/dags/nyc_taxi_pipeline.py
[2026-07-22T04:37:36.836+0000] {processor.py:830} INFO - Processing file /opt/airflow/dags/nyc_taxi_pipeline.py for tasks to queue
[2026-07-22T04:37:36.840+0000] {logging_mixin.py:188} INFO - [2026-07-22T04:37:36.840+0000] {dagbag.py:540} INFO - Filling up the DagBag from /opt/airflow/dags/nyc_taxi_pipeline.py
[2026-07-22T04:37:36.874+0000] {processor.py:840} INFO - DAG(s) 'nyc_taxi_pipeline' retrieved from /opt/airflow/dags/nyc_taxi_pipeline.py
[2026-07-22T04:37:37.135+0000] {logging_mixin.py:188} INFO - [2026-07-22T04:37:37.135+0000] {dag.py:3096} INFO - Sync 1 DAGs
[2026-07-22T04:37:37.160+0000] {logging_mixin.py:188} INFO - [2026-07-22T04:37:37.159+0000] {dag.py:3954} INFO - Setting next_dagrun for nyc_taxi_pipeline to None, run_after=None
[2026-07-22T04:37:37.243+0000] {processor.py:183} INFO - Processing /opt/airflow/dags/nyc_taxi_pipeline.py took 0.419 seconds
[2026-07-22T04:38:07.680+0000] {processor.py:161} INFO - Started process (PID=438) to work on /opt/airflow/dags/nyc_taxi_pipeline.py
[2026-07-22T04:38:07.682+0000] {processor.py:830} INFO - Processing file /opt/airflow/dags/nyc_taxi_pipeline.py for tasks to queue
[2026-07-22T04:38:07.685+0000] {logging_mixin.py:188} INFO - [2026-07-22T04:38:07.685+0000] {dagbag.py:540} INFO - Filling up the DagBag from /opt/airflow/dags/nyc_taxi_pipeline.py
[2026-07-22T04:38:07.715+0000] {processor.py:840} INFO - DAG(s) 'nyc_taxi_pipeline' retrieved from /opt/airflow/dags/nyc_taxi_pipeline.py
[2026-07-22T04:38:07.822+0000] {logging_mixin.py:188} INFO - [2026-07-22T04:38:07.821+0000] {dag.py:3096} INFO - Sync 1 DAGs
[2026-07-22T04:38:07.848+0000] {logging_mixin.py:188} INFO - [2026-07-22T04:38:07.847+0000] {dag.py:3954} INFO - Setting next_dagrun for nyc_taxi_pipeline to None, run_after=None
[2026-07-22T04:38:07.936+0000] {processor.py:183} INFO - Processing /opt/airflow/dags/nyc_taxi_pipeline.py took 0.265 seconds
[2026-07-22T04:38:38.029+0000] {processor.py:161} INFO - Started process (PID=443) to work on /opt/airflow/dags/nyc_taxi_pipeline.py
[2026-07-22T04:38:38.031+0000] {processor.py:830} INFO - Processing file /opt/airflow/dags/nyc_taxi_pipeline.py for tasks to queue
[2026-07-22T04:38:38.035+0000] {logging_mixin.py:188} INFO - [2026-07-22T04:38:38.034+0000] {dagbag.py:540} INFO - Filling up the DagBag from /opt/airflow/dags/nyc_taxi_pipeline.py
[2026-07-22T04:38:38.069+0000] {processor.py:840} INFO - DAG(s) 'nyc_taxi_pipeline' retrieved from /opt/airflow/dags/nyc_taxi_pipeline.py
[2026-07-22T04:38:38.183+0000] {logging_mixin.py:188} INFO - [2026-07-22T04:38:38.182+0000] {dag.py:3096} INFO - Sync 1 DAGs
[2026-07-22T04:38:38.207+0000] {logging_mixin.py:188} INFO - [2026-07-22T04:38:38.206+0000] {dag.py:3954} INFO - Setting next_dagrun for nyc_taxi_pipeline to None, run_after=None
[2026-07-22T04:38:38.275+0000] {processor.py:183} INFO - Processing /opt/airflow/dags/nyc_taxi_pipeline.py took 0.256 seconds
[2026-07-22T04:39:08.358+0000] {processor.py:161} INFO - Started process (PID=448) to work on /opt/airflow/dags/nyc_taxi_pipeline.py
[2026-07-22T04:39:08.360+0000] {processor.py:830} INFO - Processing file /opt/airflow/dags/nyc_taxi_pipeline.py for tasks to queue
[2026-07-22T04:39:08.363+0000] {logging_mixin.py:188} INFO - [2026-07-22T04:39:08.362+0000] {dagbag.py:540} INFO - Filling up the DagBag from /opt/airflow/dags/nyc_taxi_pipeline.py
[2026-07-22T04:39:08.392+0000] {processor.py:840} INFO - DAG(s) 'nyc_taxi_pipeline' retrieved from /opt/airflow/dags/nyc_taxi_pipeline.py
[2026-07-22T04:39:08.500+0000] {logging_mixin.py:188} INFO - [2026-07-22T04:39:08.500+0000] {dag.py:3096} INFO - Sync 1 DAGs
[2026-07-22T04:39:08.524+0000] {logging_mixin.py:188} INFO - [2026-07-22T04:39:08.524+0000] {dag.py:3954} INFO - Setting next_dagrun for nyc_taxi_pipeline to None, run_after=None
[2026-07-22T04:39:08.595+0000] {processor.py:183} INFO - Processing /opt/airflow/dags/nyc_taxi_pipeline.py took 0.245 seconds
[2026-07-22T04:39:38.686+0000] {processor.py:161} INFO - Started process (PID=453) to work on /opt/airflow/dags/nyc_taxi_pipeline.py
[2026-07-22T04:39:38.688+0000] {processor.py:830} INFO - Processing file /opt/airflow/dags/nyc_taxi_pipeline.py for tasks to queue
[2026-07-22T04:39:38.691+0000] {logging_mixin.py:188} INFO - [2026-07-22T04:39:38.691+0000] {dagbag.py:540} INFO - Filling up the DagBag from /opt/airflow/dags/nyc_taxi_pipeline.py
[2026-07-22T04:39:38.725+0000] {processor.py:840} INFO - DAG(s) 'nyc_taxi_pipeline' retrieved from /opt/airflow/dags/nyc_taxi_pipeline.py
[2026-07-22T04:39:38.854+0000] {logging_mixin.py:188} INFO - [2026-07-22T04:39:38.853+0000] {dag.py:3096} INFO - Sync 1 DAGs
[2026-07-22T04:39:38.957+0000] {logging_mixin.py:188} INFO - [2026-07-22T04:39:38.957+0000] {dag.py:3954} INFO - Setting next_dagrun for nyc_taxi_pipeline to None, run_after=None
[2026-07-22T04:39:39.089+0000] {processor.py:183} INFO - Processing /opt/airflow/dags/nyc_taxi_pipeline.py took 0.412 seconds
[2026-07-22T04:40:09.331+0000] {processor.py:161} INFO - Started process (PID=458) to work on /opt/airflow/dags/nyc_taxi_pipeline.py
[2026-07-22T04:40:09.334+0000] {processor.py:830} INFO - Processing file /opt/airflow/dags/nyc_taxi_pipeline.py for tasks to queue
[2026-07-22T04:40:09.338+0000] {logging_mixin.py:188} INFO - [2026-07-22T04:40:09.337+0000] {dagbag.py:540} INFO - Filling up the DagBag from /opt/airflow/dags/nyc_taxi_pipeline.py
[2026-07-22T04:40:09.367+0000] {processor.py:840} INFO - DAG(s) 'nyc_taxi_pipeline' retrieved from /opt/airflow/dags/nyc_taxi_pipeline.py
[2026-07-22T04:40:09.470+0000] {logging_mixin.py:188} INFO - [2026-07-22T04:40:09.469+0000] {dag.py:3096} INFO - Sync 1 DAGs
[2026-07-22T04:40:09.495+0000] {logging_mixin.py:188} INFO - [2026-07-22T04:40:09.494+0000] {dag.py:3954} INFO - Setting next_dagrun for nyc_taxi_pipeline to None, run_after=None
[2026-07-22T04:40:09.597+0000] {processor.py:183} INFO - Processing /opt/airflow/dags/nyc_taxi_pipeline.py took 0.274 seconds
[2026-07-22T04:40:39.754+0000] {processor.py:161} INFO - Started process (PID=463) to work on /opt/airflow/dags/nyc_taxi_pipeline.py
[2026-07-22T04:40:39.756+0000] {processor.py:830} INFO - Processing file /opt/airflow/dags/nyc_taxi_pipeline.py for tasks to queue
[2026-07-22T04:40:39.759+0000] {logging_mixin.py:188} INFO - [2026-07-22T04:40:39.759+0000] {dagbag.py:540} INFO - Filling up the DagBag from /opt/airflow/dags/nyc_taxi_pipeline.py
[2026-07-22T04:40:39.793+0000] {processor.py:840} INFO - DAG(s) 'nyc_taxi_pipeline' retrieved from /opt/airflow/dags/nyc_taxi_pipeline.py
[2026-07-22T04:40:39.939+0000] {logging_mixin.py:188} INFO - [2026-07-22T04:40:39.938+0000] {dag.py:3096} INFO - Sync 1 DAGs
[2026-07-22T04:40:40.005+0000] {logging_mixin.py:188} INFO - [2026-07-22T04:40:40.004+0000] {dag.py:3954} INFO - Setting next_dagrun for nyc_taxi_pipeline to None, run_after=None
[2026-07-22T04:40:40.838+0000] {processor.py:183} INFO - Processing /opt/airflow/dags/nyc_taxi_pipeline.py took 1.094 seconds
[2026-07-22T04:41:11.109+0000] {processor.py:161} INFO - Started process (PID=468) to work on /opt/airflow/dags/nyc_taxi_pipeline.py
[2026-07-22T04:41:11.111+0000] {processor.py:830} INFO - Processing file /opt/airflow/dags/nyc_taxi_pipeline.py for tasks to queue
[2026-07-22T04:41:11.114+0000] {logging_mixin.py:188} INFO - [2026-07-22T04:41:11.114+0000] {dagbag.py:540} INFO - Filling up the DagBag from /opt/airflow/dags/nyc_taxi_pipeline.py
[2026-07-22T04:41:11.149+0000] {processor.py:840} INFO - DAG(s) 'nyc_taxi_pipeline' retrieved from /opt/airflow/dags/nyc_taxi_pipeline.py
[2026-07-22T04:41:12.009+0000] {logging_mixin.py:188} INFO - [2026-07-22T04:41:12.009+0000] {dag.py:3096} INFO - Sync 1 DAGs
[2026-07-22T04:41:12.093+0000] {logging_mixin.py:188} INFO - [2026-07-22T04:41:12.093+0000] {dag.py:3954} INFO - Setting next_dagrun for nyc_taxi_pipeline to None, run_after=None
[2026-07-22T04:41:12.225+0000] {processor.py:183} INFO - Processing /opt/airflow/dags/nyc_taxi_pipeline.py took 1.124 seconds
[2026-07-22T04:41:42.699+0000] {processor.py:161} INFO - Started process (PID=473) to work on /opt/airflow/dags/nyc_taxi_pipeline.py
[2026-07-22T04:41:42.701+0000] {processor.py:830} INFO - Processing file /opt/airflow/dags/nyc_taxi_pipeline.py for tasks to queue
[2026-07-22T04:41:42.706+0000] {logging_mixin.py:188} INFO - [2026-07-22T04:41:42.705+0000] {dagbag.py:540} INFO - Filling up the DagBag from /opt/airflow/dags/nyc_taxi_pipeline.py
[2026-07-22T04:41:42.743+0000] {processor.py:840} INFO - DAG(s) 'nyc_taxi_pipeline' retrieved from /opt/airflow/dags/nyc_taxi_pipeline.py
[2026-07-22T04:41:42.893+0000] {logging_mixin.py:188} INFO - [2026-07-22T04:41:42.893+0000] {dag.py:3096} INFO - Sync 1 DAGs
[2026-07-22T04:41:42.978+0000] {logging_mixin.py:188} INFO - [2026-07-22T04:41:42.977+0000] {dag.py:3954} INFO - Setting next_dagrun for nyc_taxi_pipeline to None, run_after=None
[2026-07-22T04:41:44.566+0000] {processor.py:183} INFO - Processing /opt/airflow/dags/nyc_taxi_pipeline.py took 1.875 seconds
[2026-07-22T04:42:14.713+0000] {processor.py:161} INFO - Started process (PID=478) to work on /opt/airflow/dags/nyc_taxi_pipeline.py
[2026-07-22T04:42:14.715+0000] {processor.py:830} INFO - Processing file /opt/airflow/dags/nyc_taxi_pipeline.py for tasks to queue
[2026-07-22T04:42:14.718+0000] {logging_mixin.py:188} INFO - [2026-07-22T04:42:14.717+0000] {dagbag.py:540} INFO - Filling up the DagBag from /opt/airflow/dags/nyc_taxi_pipeline.py
[2026-07-22T04:42:14.745+0000] {processor.py:840} INFO - DAG(s) 'nyc_taxi_pipeline' retrieved from /opt/airflow/dags/nyc_taxi_pipeline.py
[2026-07-22T04:42:14.933+0000] {logging_mixin.py:188} INFO - [2026-07-22T04:42:14.933+0000] {dag.py:3096} INFO - Sync 1 DAGs
[2026-07-22T04:42:14.977+0000] {logging_mixin.py:188} INFO - [2026-07-22T04:42:14.976+0000] {dag.py:3954} INFO - Setting next_dagrun for nyc_taxi_pipeline to None, run_after=None
[2026-07-22T04:42:15.133+0000] {processor.py:183} INFO - Processing /opt/airflow/dags/nyc_taxi_pipeline.py took 0.429 seconds
[2026-07-22T04:42:45.537+0000] {processor.py:161} INFO - Started process (PID=483) to work on /opt/airflow/dags/nyc_taxi_pipeline.py
[2026-07-22T04:42:45.542+0000] {processor.py:830} INFO - Processing file /opt/airflow/dags/nyc_taxi_pipeline.py for tasks to queue
[2026-07-22T04:42:45.546+0000] {logging_mixin.py:188} INFO - [2026-07-22T04:42:45.546+0000] {dagbag.py:540} INFO - Filling up the DagBag from /opt/airflow/dags/nyc_taxi_pipeline.py
[2026-07-22T04:42:45.588+0000] {processor.py:840} INFO - DAG(s) 'nyc_taxi_pipeline' retrieved from /opt/airflow/dags/nyc_taxi_pipeline.py
[2026-07-22T04:42:45.803+0000] {logging_mixin.py:188} INFO - [2026-07-22T04:42:45.802+0000] {dag.py:3096} INFO - Sync 1 DAGs
[2026-07-22T04:42:45.858+0000] {logging_mixin.py:188} INFO - [2026-07-22T04:42:45.857+0000] {dag.py:3954} INFO - Setting next_dagrun for nyc_taxi_pipeline to None, run_after=None
[2026-07-22T04:42:46.047+0000] {processor.py:183} INFO - Processing /opt/airflow/dags/nyc_taxi_pipeline.py took 0.518 seconds
[2026-07-22T04:43:16.499+0000] {processor.py:161} INFO - Started process (PID=488) to work on /opt/airflow/dags/nyc_taxi_pipeline.py
[2026-07-22T04:43:16.500+0000] {processor.py:830} INFO - Processing file /opt/airflow/dags/nyc_taxi_pipeline.py for tasks to queue
[2026-07-22T04:43:16.504+0000] {logging_mixin.py:188} INFO - [2026-07-22T04:43:16.503+0000] {dagbag.py:540} INFO - Filling up the DagBag from /opt/airflow/dags/nyc_taxi_pipeline.py
[2026-07-22T04:43:16.545+0000] {processor.py:840} INFO - DAG(s) 'nyc_taxi_pipeline' retrieved from /opt/airflow/dags/nyc_taxi_pipeline.py
[2026-07-22T04:43:16.652+0000] {logging_mixin.py:188} INFO - [2026-07-22T04:43:16.652+0000] {dag.py:3096} INFO - Sync 1 DAGs
[2026-07-22T04:43:17.592+0000] {logging_mixin.py:188} INFO - [2026-07-22T04:43:17.591+0000] {dag.py:3954} INFO - Setting next_dagrun for nyc_taxi_pipeline to None, run_after=None
[2026-07-22T04:43:17.929+0000] {processor.py:183} INFO - Processing /opt/airflow/dags/nyc_taxi_pipeline.py took 1.440 seconds
[2026-07-22T04:43:48.041+0000] {processor.py:161} INFO - Started process (PID=493) to work on /opt/airflow/dags/nyc_taxi_pipeline.py
[2026-07-22T04:43:48.044+0000] {processor.py:830} INFO - Processing file /opt/airflow/dags/nyc_taxi_pipeline.py for tasks to queue
[2026-07-22T04:43:48.050+0000] {logging_mixin.py:188} INFO - [2026-07-22T04:43:48.049+0000] {dagbag.py:540} INFO - Filling up the DagBag from /opt/airflow/dags/nyc_taxi_pipeline.py
[2026-07-22T04:43:48.089+0000] {processor.py:840} INFO - DAG(s) 'nyc_taxi_pipeline' retrieved from /opt/airflow/dags/nyc_taxi_pipeline.py
[2026-07-22T04:43:48.280+0000] {logging_mixin.py:188} INFO - [2026-07-22T04:43:48.280+0000] {dag.py:3096} INFO - Sync 1 DAGs
[2026-07-22T04:43:48.359+0000] {logging_mixin.py:188} INFO - [2026-07-22T04:43:48.359+0000] {dag.py:3954} INFO - Setting next_dagrun for nyc_taxi_pipeline to None, run_after=None
[2026-07-22T04:43:48.483+0000] {processor.py:183} INFO - Processing /opt/airflow/dags/nyc_taxi_pipeline.py took 0.457 seconds
[2026-07-22T04:44:18.765+0000] {processor.py:161} INFO - Started process (PID=498) to work on /opt/airflow/dags/nyc_taxi_pipeline.py
[2026-07-22T04:44:18.767+0000] {processor.py:830} INFO - Processing file /opt/airflow/dags/nyc_taxi_pipeline.py for tasks to queue
[2026-07-22T04:44:18.772+0000] {logging_mixin.py:188} INFO - [2026-07-22T04:44:18.771+0000] {dagbag.py:540} INFO - Filling up the DagBag from /opt/airflow/dags/nyc_taxi_pipeline.py
[2026-07-22T04:44:18.805+0000] {processor.py:840} INFO - DAG(s) 'nyc_taxi_pipeline' retrieved from /opt/airflow/dags/nyc_taxi_pipeline.py
[2026-07-22T04:44:19.065+0000] {logging_mixin.py:188} INFO - [2026-07-22T04:44:19.065+0000] {dag.py:3096} INFO - Sync 1 DAGs
[2026-07-22T04:44:19.173+0000] {logging_mixin.py:188} INFO - [2026-07-22T04:44:19.173+0000] {dag.py:3954} INFO - Setting next_dagrun for nyc_taxi_pipeline to None, run_after=None
[2026-07-22T04:44:19.388+0000] {processor.py:183} INFO - Processing /opt/airflow/dags/nyc_taxi_pipeline.py took 0.636 seconds
[2026-07-22T04:44:49.786+0000] {processor.py:161} INFO - Started process (PID=503) to work on /opt/airflow/dags/nyc_taxi_pipeline.py
[2026-07-22T04:44:49.787+0000] {processor.py:830} INFO - Processing file /opt/airflow/dags/nyc_taxi_pipeline.py for tasks to queue
[2026-07-22T04:44:49.790+0000] {logging_mixin.py:188} INFO - [2026-07-22T04:44:49.790+0000] {dagbag.py:540} INFO - Filling up the DagBag from /opt/airflow/dags/nyc_taxi_pipeline.py
[2026-07-22T04:44:49.816+0000] {processor.py:840} INFO - DAG(s) 'nyc_taxi_pipeline' retrieved from /opt/airflow/dags/nyc_taxi_pipeline.py
[2026-07-22T04:44:50.044+0000] {logging_mixin.py:188} INFO - [2026-07-22T04:44:50.043+0000] {dag.py:3096} INFO - Sync 1 DAGs
[2026-07-22T04:44:50.076+0000] {logging_mixin.py:188} INFO - [2026-07-22T04:44:50.075+0000] {dag.py:3954} INFO - Setting next_dagrun for nyc_taxi_pipeline to None, run_after=None
[2026-07-22T04:44:50.258+0000] {processor.py:183} INFO - Processing /opt/airflow/dags/nyc_taxi_pipeline.py took 0.482 seconds
[2026-07-22T07:18:11.448+0000] {processor.py:161} INFO - Started process (PID=510) to work on /opt/airflow/dags/nyc_taxi_pipeline.py
[2026-07-22T07:18:11.459+0000] {processor.py:830} INFO - Processing file /opt/airflow/dags/nyc_taxi_pipeline.py for tasks to queue
[2026-07-22T07:18:11.476+0000] {logging_mixin.py:188} INFO - [2026-07-22T07:18:11.474+0000] {dagbag.py:540} INFO - Filling up the DagBag from /opt/airflow/dags/nyc_taxi_pipeline.py
[2026-07-22T07:18:11.635+0000] {processor.py:840} INFO - DAG(s) 'nyc_taxi_pipeline' retrieved from /opt/airflow/dags/nyc_taxi_pipeline.py
[2026-07-22T07:18:12.622+0000] {logging_mixin.py:188} INFO - [2026-07-22T07:18:12.622+0000] {dag.py:3096} INFO - Sync 1 DAGs
[2026-07-22T07:18:12.695+0000] {logging_mixin.py:188} INFO - [2026-07-22T07:18:12.694+0000] {dag.py:3954} INFO - Setting next_dagrun for nyc_taxi_pipeline to None, run_after=None
[2026-07-22T07:18:12.957+0000] {processor.py:183} INFO - Processing /opt/airflow/dags/nyc_taxi_pipeline.py took 1.532 seconds
[2026-07-22T07:18:43.423+0000] {processor.py:161} INFO - Started process (PID=515) to work on /opt/airflow/dags/nyc_taxi_pipeline.py
[2026-07-22T07:18:43.425+0000] {processor.py:830} INFO - Processing file /opt/airflow/dags/nyc_taxi_pipeline.py for tasks to queue
[2026-07-22T07:18:43.431+0000] {logging_mixin.py:188} INFO - [2026-07-22T07:18:43.430+0000] {dagbag.py:540} INFO - Filling up the DagBag from /opt/airflow/dags/nyc_taxi_pipeline.py
[2026-07-22T07:18:43.461+0000] {processor.py:840} INFO - DAG(s) 'nyc_taxi_pipeline' retrieved from /opt/airflow/dags/nyc_taxi_pipeline.py
[2026-07-22T07:18:43.618+0000] {logging_mixin.py:188} INFO - [2026-07-22T07:18:43.618+0000] {dag.py:3096} INFO - Sync 1 DAGs
[2026-07-22T07:18:43.681+0000] {logging_mixin.py:188} INFO - [2026-07-22T07:18:43.680+0000] {dag.py:3954} INFO - Setting next_dagrun for nyc_taxi_pipeline to None, run_after=None
[2026-07-22T07:18:43.853+0000] {processor.py:183} INFO - Processing /opt/airflow/dags/nyc_taxi_pipeline.py took 0.442 seconds
[2026-07-22T07:19:14.220+0000] {processor.py:161} INFO - Started process (PID=520) to work on /opt/airflow/dags/nyc_taxi_pipeline.py
[2026-07-22T07:19:14.222+0000] {processor.py:830} INFO - Processing file /opt/airflow/dags/nyc_taxi_pipeline.py for tasks to queue
[2026-07-22T07:19:14.226+0000] {logging_mixin.py:188} INFO - [2026-07-22T07:19:14.225+0000] {dagbag.py:540} INFO - Filling up the DagBag from /opt/airflow/dags/nyc_taxi_pipeline.py
[2026-07-22T07:19:14.261+0000] {processor.py:840} INFO - DAG(s) 'nyc_taxi_pipeline' retrieved from /opt/airflow/dags/nyc_taxi_pipeline.py
[2026-07-22T07:19:14.446+0000] {logging_mixin.py:188} INFO - [2026-07-22T07:19:14.445+0000] {dag.py:3096} INFO - Sync 1 DAGs
[2026-07-22T07:19:14.491+0000] {logging_mixin.py:188} INFO - [2026-07-22T07:19:14.491+0000] {dag.py:3954} INFO - Setting next_dagrun for nyc_taxi_pipeline to None, run_after=None
[2026-07-22T07:19:14.634+0000] {processor.py:183} INFO - Processing /opt/airflow/dags/nyc_taxi_pipeline.py took 0.427 seconds
[2026-07-22T07:19:45.099+0000] {processor.py:161} INFO - Started process (PID=525) to work on /opt/airflow/dags/nyc_taxi_pipeline.py
[2026-07-22T07:19:45.101+0000] {processor.py:830} INFO - Processing file /opt/airflow/dags/nyc_taxi_pipeline.py for tasks to queue
[2026-07-22T07:19:45.105+0000] {logging_mixin.py:188} INFO - [2026-07-22T07:19:45.104+0000] {dagbag.py:540} INFO - Filling up the DagBag from /opt/airflow/dags/nyc_taxi_pipeline.py
[2026-07-22T07:19:45.139+0000] {processor.py:840} INFO - DAG(s) 'nyc_taxi_pipeline' retrieved from /opt/airflow/dags/nyc_taxi_pipeline.py
[2026-07-22T07:19:45.355+0000] {logging_mixin.py:188} INFO - [2026-07-22T07:19:45.355+0000] {dag.py:3096} INFO - Sync 1 DAGs
[2026-07-22T07:19:45.381+0000] {logging_mixin.py:188} INFO - [2026-07-22T07:19:45.381+0000] {dag.py:3954} INFO - Setting next_dagrun for nyc_taxi_pipeline to None, run_after=None
[2026-07-22T07:19:45.437+0000] {processor.py:183} INFO - Processing /opt/airflow/dags/nyc_taxi_pipeline.py took 0.347 seconds
[2026-07-22T07:20:16.071+0000] {processor.py:161} INFO - Started process (PID=530) to work on /opt/airflow/dags/nyc_taxi_pipeline.py
[2026-07-22T07:20:16.073+0000] {processor.py:830} INFO - Processing file /opt/airflow/dags/nyc_taxi_pipeline.py for tasks to queue
[2026-07-22T07:20:16.078+0000] {logging_mixin.py:188} INFO - [2026-07-22T07:20:16.077+0000] {dagbag.py:540} INFO - Filling up the DagBag from /opt/airflow/dags/nyc_taxi_pipeline.py
[2026-07-22T07:20:16.122+0000] {processor.py:840} INFO - DAG(s) 'nyc_taxi_pipeline' retrieved from /opt/airflow/dags/nyc_taxi_pipeline.py
[2026-07-22T07:20:16.225+0000] {logging_mixin.py:188} INFO - [2026-07-22T07:20:16.224+0000] {dag.py:3096} INFO - Sync 1 DAGs
[2026-07-22T07:20:16.266+0000] {logging_mixin.py:188} INFO - [2026-07-22T07:20:16.265+0000] {dag.py:3954} INFO - Setting next_dagrun for nyc_taxi_pipeline to None, run_after=None
[2026-07-22T07:20:16.319+0000] {processor.py:183} INFO - Processing /opt/airflow/dags/nyc_taxi_pipeline.py took 0.262 seconds
[2026-07-22T07:20:46.598+0000] {processor.py:161} INFO - Started process (PID=535) to work on /opt/airflow/dags/nyc_taxi_pipeline.py
[2026-07-22T07:20:46.602+0000] {processor.py:830} INFO - Processing file /opt/airflow/dags/nyc_taxi_pipeline.py for tasks to queue
[2026-07-22T07:20:46.608+0000] {logging_mixin.py:188} INFO - [2026-07-22T07:20:46.607+0000] {dagbag.py:540} INFO - Filling up the DagBag from /opt/airflow/dags/nyc_taxi_pipeline.py
[2026-07-22T07:20:46.648+0000] {processor.py:840} INFO - DAG(s) 'nyc_taxi_pipeline' retrieved from /opt/airflow/dags/nyc_taxi_pipeline.py
[2026-07-22T07:20:46.770+0000] {logging_mixin.py:188} INFO - [2026-07-22T07:20:46.770+0000] {dag.py:3096} INFO - Sync 1 DAGs
[2026-07-22T07:20:46.804+0000] {logging_mixin.py:188} INFO - [2026-07-22T07:20:46.803+0000] {dag.py:3954} INFO - Setting next_dagrun for nyc_taxi_pipeline to None, run_after=None
[2026-07-22T07:20:46.872+0000] {processor.py:183} INFO - Processing /opt/airflow/dags/nyc_taxi_pipeline.py took 0.288 seconds
[2026-07-22T07:21:17.361+0000] {processor.py:161} INFO - Started process (PID=540) to work on /opt/airflow/dags/nyc_taxi_pipeline.py
[2026-07-22T07:21:17.363+0000] {processor.py:830} INFO - Processing file /opt/airflow/dags/nyc_taxi_pipeline.py for tasks to queue
[2026-07-22T07:21:17.365+0000] {logging_mixin.py:188} INFO - [2026-07-22T07:21:17.365+0000] {dagbag.py:540} INFO - Filling up the DagBag from /opt/airflow/dags/nyc_taxi_pipeline.py
[2026-07-22T07:21:17.393+0000] {processor.py:840} INFO - DAG(s) 'nyc_taxi_pipeline' retrieved from /opt/airflow/dags/nyc_taxi_pipeline.py
[2026-07-22T07:21:17.487+0000] {logging_mixin.py:188} INFO - [2026-07-22T07:21:17.487+0000] {dag.py:3096} INFO - Sync 1 DAGs
[2026-07-22T07:21:17.509+0000] {logging_mixin.py:188} INFO - [2026-07-22T07:21:17.508+0000] {dag.py:3954} INFO - Setting next_dagrun for nyc_taxi_pipeline to None, run_after=None
[2026-07-22T07:21:17.559+0000] {processor.py:183} INFO - Processing /opt/airflow/dags/nyc_taxi_pipeline.py took 0.204 seconds
[2026-07-22T07:21:47.677+0000] {processor.py:161} INFO - Started process (PID=545) to work on /opt/airflow/dags/nyc_taxi_pipeline.py
[2026-07-22T07:21:47.679+0000] {processor.py:830} INFO - Processing file /opt/airflow/dags/nyc_taxi_pipeline.py for tasks to queue
[2026-07-22T07:21:47.682+0000] {logging_mixin.py:188} INFO - [2026-07-22T07:21:47.682+0000] {dagbag.py:540} INFO - Filling up the DagBag from /opt/airflow/dags/nyc_taxi_pipeline.py
[2026-07-22T07:21:47.708+0000] {processor.py:840} INFO - DAG(s) 'nyc_taxi_pipeline' retrieved from /opt/airflow/dags/nyc_taxi_pipeline.py
[2026-07-22T07:21:47.804+0000] {logging_mixin.py:188} INFO - [2026-07-22T07:21:47.804+0000] {dag.py:3096} INFO - Sync 1 DAGs
[2026-07-22T07:21:47.827+0000] {logging_mixin.py:188} INFO - [2026-07-22T07:21:47.826+0000] {dag.py:3954} INFO - Setting next_dagrun for nyc_taxi_pipeline to None, run_after=None
[2026-07-22T07:21:47.878+0000] {processor.py:183} INFO - Processing /opt/airflow/dags/nyc_taxi_pipeline.py took 0.208 seconds
[2026-07-22T07:22:18.209+0000] {processor.py:161} INFO - Started process (PID=550) to work on /opt/airflow/dags/nyc_taxi_pipeline.py
[2026-07-22T07:22:18.211+0000] {processor.py:830} INFO - Processing file /opt/airflow/dags/nyc_taxi_pipeline.py for tasks to queue
[2026-07-22T07:22:18.214+0000] {logging_mixin.py:188} INFO - [2026-07-22T07:22:18.214+0000] {dagbag.py:540} INFO - Filling up the DagBag from /opt/airflow/dags/nyc_taxi_pipeline.py
[2026-07-22T07:22:18.246+0000] {processor.py:840} INFO - DAG(s) 'nyc_taxi_pipeline' retrieved from /opt/airflow/dags/nyc_taxi_pipeline.py
[2026-07-22T07:22:18.359+0000] {logging_mixin.py:188} INFO - [2026-07-22T07:22:18.358+0000] {dag.py:3096} INFO - Sync 1 DAGs
[2026-07-22T07:22:18.389+0000] {logging_mixin.py:188} INFO - [2026-07-22T07:22:18.388+0000] {dag.py:3954} INFO - Setting next_dagrun for nyc_taxi_pipeline to None, run_after=None
[2026-07-22T07:22:18.436+0000] {processor.py:183} INFO - Processing /opt/airflow/dags/nyc_taxi_pipeline.py took 0.235 seconds
[2026-07-22T07:22:48.721+0000] {processor.py:161} INFO - Started process (PID=555) to work on /opt/airflow/dags/nyc_taxi_pipeline.py
[2026-07-22T07:22:48.724+0000] {processor.py:830} INFO - Processing file /opt/airflow/dags/nyc_taxi_pipeline.py for tasks to queue
[2026-07-22T07:22:48.727+0000] {logging_mixin.py:188} INFO - [2026-07-22T07:22:48.727+0000] {dagbag.py:540} INFO - Filling up the DagBag from /opt/airflow/dags/nyc_taxi_pipeline.py
[2026-07-22T07:22:48.763+0000] {processor.py:840} INFO - DAG(s) 'nyc_taxi_pipeline' retrieved from /opt/airflow/dags/nyc_taxi_pipeline.py
[2026-07-22T07:22:48.857+0000] {logging_mixin.py:188} INFO - [2026-07-22T07:22:48.857+0000] {dag.py:3096} INFO - Sync 1 DAGs
[2026-07-22T07:22:48.878+0000] {logging_mixin.py:188} INFO - [2026-07-22T07:22:48.878+0000] {dag.py:3954} INFO - Setting next_dagrun for nyc_taxi_pipeline to None, run_after=None
[2026-07-22T07:22:48.925+0000] {processor.py:183} INFO - Processing /opt/airflow/dags/nyc_taxi_pipeline.py took 0.213 seconds
[2026-07-22T07:23:19.561+0000] {processor.py:161} INFO - Started process (PID=560) to work on /opt/airflow/dags/nyc_taxi_pipeline.py
[2026-07-22T07:23:19.563+0000] {processor.py:830} INFO - Processing file /opt/airflow/dags/nyc_taxi_pipeline.py for tasks to queue
[2026-07-22T07:23:19.566+0000] {logging_mixin.py:188} INFO - [2026-07-22T07:23:19.566+0000] {dagbag.py:540} INFO - Filling up the DagBag from /opt/airflow/dags/nyc_taxi_pipeline.py
[2026-07-22T07:23:19.598+0000] {processor.py:840} INFO - DAG(s) 'nyc_taxi_pipeline' retrieved from /opt/airflow/dags/nyc_taxi_pipeline.py
[2026-07-22T07:23:19.700+0000] {logging_mixin.py:188} INFO - [2026-07-22T07:23:19.699+0000] {dag.py:3096} INFO - Sync 1 DAGs
[2026-07-22T07:23:19.723+0000] {logging_mixin.py:188} INFO - [2026-07-22T07:23:19.723+0000] {dag.py:3954} INFO - Setting next_dagrun for nyc_taxi_pipeline to None, run_after=None
[2026-07-22T07:23:19.773+0000] {processor.py:183} INFO - Processing /opt/airflow/dags/nyc_taxi_pipeline.py took 0.222 seconds
[2026-07-22T07:23:50.087+0000] {processor.py:161} INFO - Started process (PID=565) to work on /opt/airflow/dags/nyc_taxi_pipeline.py
[2026-07-22T07:23:50.089+0000] {processor.py:830} INFO - Processing file /opt/airflow/dags/nyc_taxi_pipeline.py for tasks to queue
[2026-07-22T07:23:50.093+0000] {logging_mixin.py:188} INFO - [2026-07-22T07:23:50.093+0000] {dagbag.py:540} INFO - Filling up the DagBag from /opt/airflow/dags/nyc_taxi_pipeline.py
[2026-07-22T07:23:50.124+0000] {processor.py:840} INFO - DAG(s) 'nyc_taxi_pipeline' retrieved from /opt/airflow/dags/nyc_taxi_pipeline.py
[2026-07-22T07:23:50.242+0000] {logging_mixin.py:188} INFO - [2026-07-22T07:23:50.241+0000] {dag.py:3096} INFO - Sync 1 DAGs
[2026-07-22T07:23:50.274+0000] {logging_mixin.py:188} INFO - [2026-07-22T07:23:50.274+0000] {dag.py:3954} INFO - Setting next_dagrun for nyc_taxi_pipeline to None, run_after=None
[2026-07-22T07:23:50.338+0000] {processor.py:183} INFO - Processing /opt/airflow/dags/nyc_taxi_pipeline.py took 0.262 seconds
[2026-07-22T07:24:20.484+0000] {processor.py:161} INFO - Started process (PID=570) to work on /opt/airflow/dags/nyc_taxi_pipeline.py
[2026-07-22T07:24:20.486+0000] {processor.py:830} INFO - Processing file /opt/airflow/dags/nyc_taxi_pipeline.py for tasks to queue
[2026-07-22T07:24:20.489+0000] {logging_mixin.py:188} INFO - [2026-07-22T07:24:20.489+0000] {dagbag.py:540} INFO - Filling up the DagBag from /opt/airflow/dags/nyc_taxi_pipeline.py
[2026-07-22T07:24:20.519+0000] {processor.py:840} INFO - DAG(s) 'nyc_taxi_pipeline' retrieved from /opt/airflow/dags/nyc_taxi_pipeline.py
[2026-07-22T07:24:20.624+0000] {logging_mixin.py:188} INFO - [2026-07-22T07:24:20.623+0000] {dag.py:3096} INFO - Sync 1 DAGs
[2026-07-22T07:24:20.649+0000] {logging_mixin.py:188} INFO - [2026-07-22T07:24:20.649+0000] {dag.py:3954} INFO - Setting next_dagrun for nyc_taxi_pipeline to None, run_after=None
[2026-07-22T07:24:20.716+0000] {processor.py:183} INFO - Processing /opt/airflow/dags/nyc_taxi_pipeline.py took 0.241 seconds
[2026-07-22T07:24:50.965+0000] {processor.py:161} INFO - Started process (PID=575) to work on /opt/airflow/dags/nyc_taxi_pipeline.py
[2026-07-22T07:24:50.967+0000] {processor.py:830} INFO - Processing file /opt/airflow/dags/nyc_taxi_pipeline.py for tasks to queue
[2026-07-22T07:24:50.970+0000] {logging_mixin.py:188} INFO - [2026-07-22T07:24:50.969+0000] {dagbag.py:540} INFO - Filling up the DagBag from /opt/airflow/dags/nyc_taxi_pipeline.py
[2026-07-22T07:24:50.998+0000] {processor.py:840} INFO - DAG(s) 'nyc_taxi_pipeline' retrieved from /opt/airflow/dags/nyc_taxi_pipeline.py
[2026-07-22T07:24:51.120+0000] {logging_mixin.py:188} INFO - [2026-07-22T07:24:51.119+0000] {dag.py:3096} INFO - Sync 1 DAGs
[2026-07-22T07:24:51.155+0000] {logging_mixin.py:188} INFO - [2026-07-22T07:24:51.154+0000] {dag.py:3954} INFO - Setting next_dagrun for nyc_taxi_pipeline to None, run_after=None
[2026-07-22T07:24:51.203+0000] {processor.py:183} INFO - Processing /opt/airflow/dags/nyc_taxi_pipeline.py took 0.247 seconds
[2026-07-22T07:25:21.525+0000] {processor.py:161} INFO - Started process (PID=580) to work on /opt/airflow/dags/nyc_taxi_pipeline.py
[2026-07-22T07:25:21.527+0000] {processor.py:830} INFO - Processing file /opt/airflow/dags/nyc_taxi_pipeline.py for tasks to queue
[2026-07-22T07:25:21.531+0000] {logging_mixin.py:188} INFO - [2026-07-22T07:25:21.530+0000] {dagbag.py:540} INFO - Filling up the DagBag from /opt/airflow/dags/nyc_taxi_pipeline.py
[2026-07-22T07:25:21.558+0000] {processor.py:840} INFO - DAG(s) 'nyc_taxi_pipeline' retrieved from /opt/airflow/dags/nyc_taxi_pipeline.py
[2026-07-22T07:25:21.654+0000] {logging_mixin.py:188} INFO - [2026-07-22T07:25:21.653+0000] {dag.py:3096} INFO - Sync 1 DAGs
[2026-07-22T07:25:21.677+0000] {logging_mixin.py:188} INFO - [2026-07-22T07:25:21.677+0000] {dag.py:3954} INFO - Setting next_dagrun for nyc_taxi_pipeline to None, run_after=None
[2026-07-22T07:25:21.719+0000] {processor.py:183} INFO - Processing /opt/airflow/dags/nyc_taxi_pipeline.py took 0.203 seconds
[2026-07-22T07:25:52.077+0000] {processor.py:161} INFO - Started process (PID=585) to work on /opt/airflow/dags/nyc_taxi_pipeline.py
[2026-07-22T07:25:52.080+0000] {processor.py:830} INFO - Processing file /opt/airflow/dags/nyc_taxi_pipeline.py for tasks to queue
[2026-07-22T07:25:52.086+0000] {logging_mixin.py:188} INFO - [2026-07-22T07:25:52.085+0000] {dagbag.py:540} INFO - Filling up the DagBag from /opt/airflow/dags/nyc_taxi_pipeline.py
[2026-07-22T07:25:52.130+0000] {processor.py:840} INFO - DAG(s) 'nyc_taxi_pipeline' retrieved from /opt/airflow/dags/nyc_taxi_pipeline.py
[2026-07-22T07:25:52.266+0000] {logging_mixin.py:188} INFO - [2026-07-22T07:25:52.266+0000] {dag.py:3096} INFO - Sync 1 DAGs
[2026-07-22T07:25:52.325+0000] {logging_mixin.py:188} INFO - [2026-07-22T07:25:52.324+0000] {dag.py:3954} INFO - Setting next_dagrun for nyc_taxi_pipeline to None, run_after=None
[2026-07-22T07:25:52.367+0000] {processor.py:183} INFO - Processing /opt/airflow/dags/nyc_taxi_pipeline.py took 0.300 seconds
[2026-07-22T07:26:22.532+0000] {processor.py:161} INFO - Started process (PID=590) to work on /opt/airflow/dags/nyc_taxi_pipeline.py
[2026-07-22T07:26:22.534+0000] {processor.py:830} INFO - Processing file /opt/airflow/dags/nyc_taxi_pipeline.py for tasks to queue
[2026-07-22T07:26:22.537+0000] {logging_mixin.py:188} INFO - [2026-07-22T07:26:22.537+0000] {dagbag.py:540} INFO - Filling up the DagBag from /opt/airflow/dags/nyc_taxi_pipeline.py
[2026-07-22T07:26:22.561+0000] {processor.py:840} INFO - DAG(s) 'nyc_taxi_pipeline' retrieved from /opt/airflow/dags/nyc_taxi_pipeline.py
[2026-07-22T07:26:22.651+0000] {logging_mixin.py:188} INFO - [2026-07-22T07:26:22.651+0000] {dag.py:3096} INFO - Sync 1 DAGs
[2026-07-22T07:26:22.673+0000] {logging_mixin.py:188} INFO - [2026-07-22T07:26:22.673+0000] {dag.py:3954} INFO - Setting next_dagrun for nyc_taxi_pipeline to None, run_after=None
[2026-07-22T07:26:22.720+0000] {processor.py:183} INFO - Processing /opt/airflow/dags/nyc_taxi_pipeline.py took 0.197 seconds
[2026-07-22T07:26:52.999+0000] {processor.py:161} INFO - Started process (PID=595) to work on /opt/airflow/dags/nyc_taxi_pipeline.py
[2026-07-22T07:26:53.001+0000] {processor.py:830} INFO - Processing file /opt/airflow/dags/nyc_taxi_pipeline.py for tasks to queue
[2026-07-22T07:26:53.005+0000] {logging_mixin.py:188} INFO - [2026-07-22T07:26:53.004+0000] {dagbag.py:540} INFO - Filling up the DagBag from /opt/airflow/dags/nyc_taxi_pipeline.py
[2026-07-22T07:26:53.033+0000] {processor.py:840} INFO - DAG(s) 'nyc_taxi_pipeline' retrieved from /opt/airflow/dags/nyc_taxi_pipeline.py
[2026-07-22T07:26:53.142+0000] {logging_mixin.py:188} INFO - [2026-07-22T07:26:53.141+0000] {dag.py:3096} INFO - Sync 1 DAGs
[2026-07-22T07:26:53.192+0000] {logging_mixin.py:188} INFO - [2026-07-22T07:26:53.191+0000] {dag.py:3954} INFO - Setting next_dagrun for nyc_taxi_pipeline to None, run_after=None
[2026-07-22T07:26:53.244+0000] {processor.py:183} INFO - Processing /opt/airflow/dags/nyc_taxi_pipeline.py took 0.254 seconds
[2026-07-22T07:27:23.685+0000] {processor.py:161} INFO - Started process (PID=600) to work on /opt/airflow/dags/nyc_taxi_pipeline.py
[2026-07-22T07:27:23.688+0000] {processor.py:830} INFO - Processing file /opt/airflow/dags/nyc_taxi_pipeline.py for tasks to queue
[2026-07-22T07:27:23.694+0000] {logging_mixin.py:188} INFO - [2026-07-22T07:27:23.693+0000] {dagbag.py:540} INFO - Filling up the DagBag from /opt/airflow/dags/nyc_taxi_pipeline.py
[2026-07-22T07:27:23.734+0000] {processor.py:840} INFO - DAG(s) 'nyc_taxi_pipeline' retrieved from /opt/airflow/dags/nyc_taxi_pipeline.py
[2026-07-22T07:27:23.828+0000] {logging_mixin.py:188} INFO - [2026-07-22T07:27:23.828+0000] {dag.py:3096} INFO - Sync 1 DAGs
[2026-07-22T07:27:23.852+0000] {logging_mixin.py:188} INFO - [2026-07-22T07:27:23.851+0000] {dag.py:3954} INFO - Setting next_dagrun for nyc_taxi_pipeline to None, run_after=None
[2026-07-22T07:27:23.895+0000] {processor.py:183} INFO - Processing /opt/airflow/dags/nyc_taxi_pipeline.py took 0.224 seconds
[2026-07-22T07:27:54.299+0000] {processor.py:161} INFO - Started process (PID=605) to work on /opt/airflow/dags/nyc_taxi_pipeline.py
[2026-07-22T07:27:54.303+0000] {processor.py:830} INFO - Processing file /opt/airflow/dags/nyc_taxi_pipeline.py for tasks to queue
[2026-07-22T07:27:54.308+0000] {logging_mixin.py:188} INFO - [2026-07-22T07:27:54.307+0000] {dagbag.py:540} INFO - Filling up the DagBag from /opt/airflow/dags/nyc_taxi_pipeline.py
[2026-07-22T07:27:54.336+0000] {processor.py:840} INFO - DAG(s) 'nyc_taxi_pipeline' retrieved from /opt/airflow/dags/nyc_taxi_pipeline.py
[2026-07-22T07:27:54.536+0000] {logging_mixin.py:188} INFO - [2026-07-22T07:27:54.536+0000] {dag.py:3096} INFO - Sync 1 DAGs
[2026-07-22T07:27:54.559+0000] {logging_mixin.py:188} INFO - [2026-07-22T07:27:54.559+0000] {dag.py:3954} INFO - Setting next_dagrun for nyc_taxi_pipeline to None, run_after=None
[2026-07-22T07:27:54.605+0000] {processor.py:183} INFO - Processing /opt/airflow/dags/nyc_taxi_pipeline.py took 0.324 seconds
[2026-07-22T07:28:24.951+0000] {processor.py:161} INFO - Started process (PID=610) to work on /opt/airflow/dags/nyc_taxi_pipeline.py
[2026-07-22T07:28:24.953+0000] {processor.py:830} INFO - Processing file /opt/airflow/dags/nyc_taxi_pipeline.py for tasks to queue
[2026-07-22T07:28:24.956+0000] {logging_mixin.py:188} INFO - [2026-07-22T07:28:24.956+0000] {dagbag.py:540} INFO - Filling up the DagBag from /opt/airflow/dags/nyc_taxi_pipeline.py
[2026-07-22T07:28:24.991+0000] {processor.py:840} INFO - DAG(s) 'nyc_taxi_pipeline' retrieved from /opt/airflow/dags/nyc_taxi_pipeline.py
[2026-07-22T07:28:25.094+0000] {logging_mixin.py:188} INFO - [2026-07-22T07:28:25.094+0000] {dag.py:3096} INFO - Sync 1 DAGs
[2026-07-22T07:28:25.121+0000] {logging_mixin.py:188} INFO - [2026-07-22T07:28:25.120+0000] {dag.py:3954} INFO - Setting next_dagrun for nyc_taxi_pipeline to None, run_after=None
[2026-07-22T07:28:25.171+0000] {processor.py:183} INFO - Processing /opt/airflow/dags/nyc_taxi_pipeline.py took 0.232 seconds
[2026-07-22T07:28:55.438+0000] {processor.py:161} INFO - Started process (PID=615) to work on /opt/airflow/dags/nyc_taxi_pipeline.py
[2026-07-22T07:28:55.440+0000] {processor.py:830} INFO - Processing file /opt/airflow/dags/nyc_taxi_pipeline.py for tasks to queue
[2026-07-22T07:28:55.443+0000] {logging_mixin.py:188} INFO - [2026-07-22T07:28:55.443+0000] {dagbag.py:540} INFO - Filling up the DagBag from /opt/airflow/dags/nyc_taxi_pipeline.py
[2026-07-22T07:28:55.469+0000] {processor.py:840} INFO - DAG(s) 'nyc_taxi_pipeline' retrieved from /opt/airflow/dags/nyc_taxi_pipeline.py
[2026-07-22T07:28:55.562+0000] {logging_mixin.py:188} INFO - [2026-07-22T07:28:55.562+0000] {dag.py:3096} INFO - Sync 1 DAGs
[2026-07-22T07:28:55.586+0000] {logging_mixin.py:188} INFO - [2026-07-22T07:28:55.586+0000] {dag.py:3954} INFO - Setting next_dagrun for nyc_taxi_pipeline to None, run_after=None
[2026-07-22T07:28:55.642+0000] {processor.py:183} INFO - Processing /opt/airflow/dags/nyc_taxi_pipeline.py took 0.213 seconds
[2026-07-22T07:29:26.103+0000] {processor.py:161} INFO - Started process (PID=620) to work on /opt/airflow/dags/nyc_taxi_pipeline.py
[2026-07-22T07:29:26.105+0000] {processor.py:830} INFO - Processing file /opt/airflow/dags/nyc_taxi_pipeline.py for tasks to queue
[2026-07-22T07:29:26.110+0000] {logging_mixin.py:188} INFO - [2026-07-22T07:29:26.110+0000] {dagbag.py:540} INFO - Filling up the DagBag from /opt/airflow/dags/nyc_taxi_pipeline.py
[2026-07-22T07:29:26.141+0000] {processor.py:840} INFO - DAG(s) 'nyc_taxi_pipeline' retrieved from /opt/airflow/dags/nyc_taxi_pipeline.py
[2026-07-22T07:29:26.255+0000] {logging_mixin.py:188} INFO - [2026-07-22T07:29:26.255+0000] {dag.py:3096} INFO - Sync 1 DAGs
[2026-07-22T07:29:26.284+0000] {logging_mixin.py:188} INFO - [2026-07-22T07:29:26.284+0000] {dag.py:3954} INFO - Setting next_dagrun for nyc_taxi_pipeline to None, run_after=None
[2026-07-22T07:29:26.336+0000] {processor.py:183} INFO - Processing /opt/airflow/dags/nyc_taxi_pipeline.py took 0.240 seconds
[2026-07-22T07:29:56.528+0000] {processor.py:161} INFO - Started process (PID=625) to work on /opt/airflow/dags/nyc_taxi_pipeline.py
[2026-07-22T07:29:56.530+0000] {processor.py:830} INFO - Processing file /opt/airflow/dags/nyc_taxi_pipeline.py for tasks to queue
[2026-07-22T07:29:56.532+0000] {logging_mixin.py:188} INFO - [2026-07-22T07:29:56.532+0000] {dagbag.py:540} INFO - Filling up the DagBag from /opt/airflow/dags/nyc_taxi_pipeline.py
[2026-07-22T07:29:56.563+0000] {processor.py:840} INFO - DAG(s) 'nyc_taxi_pipeline' retrieved from /opt/airflow/dags/nyc_taxi_pipeline.py
[2026-07-22T07:29:56.670+0000] {logging_mixin.py:188} INFO - [2026-07-22T07:29:56.669+0000] {dag.py:3096} INFO - Sync 1 DAGs
[2026-07-22T07:29:56.701+0000] {logging_mixin.py:188} INFO - [2026-07-22T07:29:56.700+0000] {dag.py:3954} INFO - Setting next_dagrun for nyc_taxi_pipeline to None, run_after=None
[2026-07-22T07:29:56.751+0000] {processor.py:183} INFO - Processing /opt/airflow/dags/nyc_taxi_pipeline.py took 0.230 seconds
[2026-07-22T07:30:27.256+0000] {processor.py:161} INFO - Started process (PID=630) to work on /opt/airflow/dags/nyc_taxi_pipeline.py
[2026-07-22T07:30:27.259+0000] {processor.py:830} INFO - Processing file /opt/airflow/dags/nyc_taxi_pipeline.py for tasks to queue
[2026-07-22T07:30:27.263+0000] {logging_mixin.py:188} INFO - [2026-07-22T07:30:27.262+0000] {dagbag.py:540} INFO - Filling up the DagBag from /opt/airflow/dags/nyc_taxi_pipeline.py
[2026-07-22T07:30:27.296+0000] {processor.py:840} INFO - DAG(s) 'nyc_taxi_pipeline' retrieved from /opt/airflow/dags/nyc_taxi_pipeline.py
[2026-07-22T07:30:27.389+0000] {logging_mixin.py:188} INFO - [2026-07-22T07:30:27.389+0000] {dag.py:3096} INFO - Sync 1 DAGs
[2026-07-22T07:30:27.412+0000] {logging_mixin.py:188} INFO - [2026-07-22T07:30:27.411+0000] {dag.py:3954} INFO - Setting next_dagrun for nyc_taxi_pipeline to None, run_after=None
[2026-07-22T07:30:27.463+0000] {processor.py:183} INFO - Processing /opt/airflow/dags/nyc_taxi_pipeline.py took 0.217 seconds
[2026-07-22T07:30:57.726+0000] {processor.py:161} INFO - Started process (PID=635) to work on /opt/airflow/dags/nyc_taxi_pipeline.py
[2026-07-22T07:30:57.729+0000] {processor.py:830} INFO - Processing file /opt/airflow/dags/nyc_taxi_pipeline.py for tasks to queue
[2026-07-22T07:30:57.733+0000] {logging_mixin.py:188} INFO - [2026-07-22T07:30:57.733+0000] {dagbag.py:540} INFO - Filling up the DagBag from /opt/airflow/dags/nyc_taxi_pipeline.py
[2026-07-22T07:30:57.764+0000] {processor.py:840} INFO - DAG(s) 'nyc_taxi_pipeline' retrieved from /opt/airflow/dags/nyc_taxi_pipeline.py
[2026-07-22T07:30:57.887+0000] {logging_mixin.py:188} INFO - [2026-07-22T07:30:57.887+0000] {dag.py:3096} INFO - Sync 1 DAGs
[2026-07-22T07:30:57.915+0000] {logging_mixin.py:188} INFO - [2026-07-22T07:30:57.915+0000] {dag.py:3954} INFO - Setting next_dagrun for nyc_taxi_pipeline to None, run_after=None
[2026-07-22T07:30:57.954+0000] {processor.py:183} INFO - Processing /opt/airflow/dags/nyc_taxi_pipeline.py took 0.239 seconds
[2026-07-22T07:31:28.290+0000] {processor.py:161} INFO - Started process (PID=640) to work on /opt/airflow/dags/nyc_taxi_pipeline.py
[2026-07-22T07:31:28.292+0000] {processor.py:830} INFO - Processing file /opt/airflow/dags/nyc_taxi_pipeline.py for tasks to queue
[2026-07-22T07:31:28.296+0000] {logging_mixin.py:188} INFO - [2026-07-22T07:31:28.295+0000] {dagbag.py:540} INFO - Filling up the DagBag from /opt/airflow/dags/nyc_taxi_pipeline.py
[2026-07-22T07:31:28.325+0000] {processor.py:840} INFO - DAG(s) 'nyc_taxi_pipeline' retrieved from /opt/airflow/dags/nyc_taxi_pipeline.py
[2026-07-22T07:31:28.534+0000] {logging_mixin.py:188} INFO - [2026-07-22T07:31:28.533+0000] {dag.py:3096} INFO - Sync 1 DAGs
[2026-07-22T07:31:28.555+0000] {logging_mixin.py:188} INFO - [2026-07-22T07:31:28.555+0000] {dag.py:3954} INFO - Setting next_dagrun for nyc_taxi_pipeline to None, run_after=None
[2026-07-22T07:31:28.600+0000] {processor.py:183} INFO - Processing /opt/airflow/dags/nyc_taxi_pipeline.py took 0.317 seconds
[2026-07-22T07:31:58.882+0000] {processor.py:161} INFO - Started process (PID=645) to work on /opt/airflow/dags/nyc_taxi_pipeline.py
[2026-07-22T07:31:58.884+0000] {processor.py:830} INFO - Processing file /opt/airflow/dags/nyc_taxi_pipeline.py for tasks to queue
[2026-07-22T07:31:58.888+0000] {logging_mixin.py:188} INFO - [2026-07-22T07:31:58.887+0000] {dagbag.py:540} INFO - Filling up the DagBag from /opt/airflow/dags/nyc_taxi_pipeline.py
[2026-07-22T07:31:58.927+0000] {processor.py:840} INFO - DAG(s) 'nyc_taxi_pipeline' retrieved from /opt/airflow/dags/nyc_taxi_pipeline.py
[2026-07-22T07:31:59.025+0000] {logging_mixin.py:188} INFO - [2026-07-22T07:31:59.025+0000] {dag.py:3096} INFO - Sync 1 DAGs
[2026-07-22T07:31:59.049+0000] {logging_mixin.py:188} INFO - [2026-07-22T07:31:59.049+0000] {dag.py:3954} INFO - Setting next_dagrun for nyc_taxi_pipeline to None, run_after=None
[2026-07-22T07:31:59.092+0000] {processor.py:183} INFO - Processing /opt/airflow/dags/nyc_taxi_pipeline.py took 0.218 seconds
[2026-07-22T07:32:29.502+0000] {processor.py:161} INFO - Started process (PID=650) to work on /opt/airflow/dags/nyc_taxi_pipeline.py
[2026-07-22T07:32:29.504+0000] {processor.py:830} INFO - Processing file /opt/airflow/dags/nyc_taxi_pipeline.py for tasks to queue
[2026-07-22T07:32:29.508+0000] {logging_mixin.py:188} INFO - [2026-07-22T07:32:29.507+0000] {dagbag.py:540} INFO - Filling up the DagBag from /opt/airflow/dags/nyc_taxi_pipeline.py
[2026-07-22T07:32:29.540+0000] {processor.py:840} INFO - DAG(s) 'nyc_taxi_pipeline' retrieved from /opt/airflow/dags/nyc_taxi_pipeline.py
[2026-07-22T07:32:29.754+0000] {logging_mixin.py:188} INFO - [2026-07-22T07:32:29.754+0000] {dag.py:3096} INFO - Sync 1 DAGs
[2026-07-22T07:32:29.783+0000] {logging_mixin.py:188} INFO - [2026-07-22T07:32:29.783+0000] {dag.py:3954} INFO - Setting next_dagrun for nyc_taxi_pipeline to None, run_after=None
[2026-07-22T07:32:29.832+0000] {processor.py:183} INFO - Processing /opt/airflow/dags/nyc_taxi_pipeline.py took 0.337 seconds
[2026-07-22T07:32:59.998+0000] {processor.py:161} INFO - Started process (PID=655) to work on /opt/airflow/dags/nyc_taxi_pipeline.py
[2026-07-22T07:33:00.001+0000] {processor.py:830} INFO - Processing file /opt/airflow/dags/nyc_taxi_pipeline.py for tasks to queue
[2026-07-22T07:33:00.005+0000] {logging_mixin.py:188} INFO - [2026-07-22T07:33:00.004+0000] {dagbag.py:540} INFO - Filling up the DagBag from /opt/airflow/dags/nyc_taxi_pipeline.py
[2026-07-22T07:33:00.042+0000] {processor.py:840} INFO - DAG(s) 'nyc_taxi_pipeline' retrieved from /opt/airflow/dags/nyc_taxi_pipeline.py
[2026-07-22T07:33:00.247+0000] {logging_mixin.py:188} INFO - [2026-07-22T07:33:00.247+0000] {dag.py:3096} INFO - Sync 1 DAGs
[2026-07-22T07:33:00.275+0000] {logging_mixin.py:188} INFO - [2026-07-22T07:33:00.274+0000] {dag.py:3954} INFO - Setting next_dagrun for nyc_taxi_pipeline to None, run_after=None
[2026-07-22T07:33:00.328+0000] {processor.py:183} INFO - Processing /opt/airflow/dags/nyc_taxi_pipeline.py took 0.339 seconds
[2026-07-22T07:33:30.783+0000] {processor.py:161} INFO - Started process (PID=660) to work on /opt/airflow/dags/nyc_taxi_pipeline.py
[2026-07-22T07:33:30.785+0000] {processor.py:830} INFO - Processing file /opt/airflow/dags/nyc_taxi_pipeline.py for tasks to queue
[2026-07-22T07:33:30.789+0000] {logging_mixin.py:188} INFO - [2026-07-22T07:33:30.789+0000] {dagbag.py:540} INFO - Filling up the DagBag from /opt/airflow/dags/nyc_taxi_pipeline.py
[2026-07-22T07:33:30.824+0000] {processor.py:840} INFO - DAG(s) 'nyc_taxi_pipeline' retrieved from /opt/airflow/dags/nyc_taxi_pipeline.py
[2026-07-22T07:33:30.927+0000] {logging_mixin.py:188} INFO - [2026-07-22T07:33:30.927+0000] {dag.py:3096} INFO - Sync 1 DAGs
[2026-07-22T07:33:30.952+0000] {logging_mixin.py:188} INFO - [2026-07-22T07:33:30.952+0000] {dag.py:3954} INFO - Setting next_dagrun for nyc_taxi_pipeline to None, run_after=None
[2026-07-22T07:33:30.996+0000] {processor.py:183} INFO - Processing /opt/airflow/dags/nyc_taxi_pipeline.py took 0.221 seconds
[2026-07-22T07:34:01.210+0000] {processor.py:161} INFO - Started process (PID=665) to work on /opt/airflow/dags/nyc_taxi_pipeline.py
[2026-07-22T07:34:01.212+0000] {processor.py:830} INFO - Processing file /opt/airflow/dags/nyc_taxi_pipeline.py for tasks to queue
[2026-07-22T07:34:01.215+0000] {logging_mixin.py:188} INFO - [2026-07-22T07:34:01.215+0000] {dagbag.py:540} INFO - Filling up the DagBag from /opt/airflow/dags/nyc_taxi_pipeline.py
[2026-07-22T07:34:01.243+0000] {processor.py:840} INFO - DAG(s) 'nyc_taxi_pipeline' retrieved from /opt/airflow/dags/nyc_taxi_pipeline.py
[2026-07-22T07:34:01.341+0000] {logging_mixin.py:188} INFO - [2026-07-22T07:34:01.341+0000] {dag.py:3096} INFO - Sync 1 DAGs
[2026-07-22T07:34:01.363+0000] {logging_mixin.py:188} INFO - [2026-07-22T07:34:01.362+0000] {dag.py:3954} INFO - Setting next_dagrun for nyc_taxi_pipeline to None, run_after=None
[2026-07-22T07:34:01.417+0000] {processor.py:183} INFO - Processing /opt/airflow/dags/nyc_taxi_pipeline.py took 0.214 seconds
[2026-07-22T07:34:31.910+0000] {processor.py:161} INFO - Started process (PID=670) to work on /opt/airflow/dags/nyc_taxi_pipeline.py
[2026-07-22T07:34:31.912+0000] {processor.py:830} INFO - Processing file /opt/airflow/dags/nyc_taxi_pipeline.py for tasks to queue
[2026-07-22T07:34:31.916+0000] {logging_mixin.py:188} INFO - [2026-07-22T07:34:31.915+0000] {dagbag.py:540} INFO - Filling up the DagBag from /opt/airflow/dags/nyc_taxi_pipeline.py
[2026-07-22T07:34:31.947+0000] {processor.py:840} INFO - DAG(s) 'nyc_taxi_pipeline' retrieved from /opt/airflow/dags/nyc_taxi_pipeline.py
[2026-07-22T07:34:32.043+0000] {logging_mixin.py:188} INFO - [2026-07-22T07:34:32.042+0000] {dag.py:3096} INFO - Sync 1 DAGs
[2026-07-22T07:34:32.065+0000] {logging_mixin.py:188} INFO - [2026-07-22T07:34:32.065+0000] {dag.py:3954} INFO - Setting next_dagrun for nyc_taxi_pipeline to None, run_after=None
[2026-07-22T07:34:32.110+0000] {processor.py:183} INFO - Processing /opt/airflow/dags/nyc_taxi_pipeline.py took 0.209 seconds
[2026-07-22T07:35:02.407+0000] {processor.py:161} INFO - Started process (PID=675) to work on /opt/airflow/dags/nyc_taxi_pipeline.py
[2026-07-22T07:35:02.409+0000] {processor.py:830} INFO - Processing file /opt/airflow/dags/nyc_taxi_pipeline.py for tasks to queue
[2026-07-22T07:35:02.412+0000] {logging_mixin.py:188} INFO - [2026-07-22T07:35:02.411+0000] {dagbag.py:540} INFO - Filling up the DagBag from /opt/airflow/dags/nyc_taxi_pipeline.py
[2026-07-22T07:35:02.441+0000] {processor.py:840} INFO - DAG(s) 'nyc_taxi_pipeline' retrieved from /opt/airflow/dags/nyc_taxi_pipeline.py
[2026-07-22T07:35:02.576+0000] {logging_mixin.py:188} INFO - [2026-07-22T07:35:02.576+0000] {dag.py:3096} INFO - Sync 1 DAGs
[2026-07-22T07:35:02.613+0000] {logging_mixin.py:188} INFO - [2026-07-22T07:35:02.613+0000] {dag.py:3954} INFO - Setting next_dagrun for nyc_taxi_pipeline to None, run_after=None
[2026-07-22T07:35:02.672+0000] {processor.py:183} INFO - Processing /opt/airflow/dags/nyc_taxi_pipeline.py took 0.272 seconds
[2026-07-22T07:35:32.982+0000] {processor.py:161} INFO - Started process (PID=680) to work on /opt/airflow/dags/nyc_taxi_pipeline.py
[2026-07-22T07:35:32.985+0000] {processor.py:830} INFO - Processing file /opt/airflow/dags/nyc_taxi_pipeline.py for tasks to queue
[2026-07-22T07:35:32.988+0000] {logging_mixin.py:188} INFO - [2026-07-22T07:35:32.987+0000] {dagbag.py:540} INFO - Filling up the DagBag from /opt/airflow/dags/nyc_taxi_pipeline.py
[2026-07-22T07:35:33.015+0000] {processor.py:840} INFO - DAG(s) 'nyc_taxi_pipeline' retrieved from /opt/airflow/dags/nyc_taxi_pipeline.py
[2026-07-22T07:35:33.108+0000] {logging_mixin.py:188} INFO - [2026-07-22T07:35:33.107+0000] {dag.py:3096} INFO - Sync 1 DAGs
[2026-07-22T07:35:33.128+0000] {logging_mixin.py:188} INFO - [2026-07-22T07:35:33.127+0000] {dag.py:3954} INFO - Setting next_dagrun for nyc_taxi_pipeline to None, run_after=None
[2026-07-22T07:35:33.171+0000] {processor.py:183} INFO - Processing /opt/airflow/dags/nyc_taxi_pipeline.py took 0.196 seconds
[2026-07-22T07:36:03.512+0000] {processor.py:161} INFO - Started process (PID=685) to work on /opt/airflow/dags/nyc_taxi_pipeline.py
[2026-07-22T07:36:03.514+0000] {processor.py:830} INFO - Processing file /opt/airflow/dags/nyc_taxi_pipeline.py for tasks to queue
[2026-07-22T07:36:03.518+0000] {logging_mixin.py:188} INFO - [2026-07-22T07:36:03.517+0000] {dagbag.py:540} INFO - Filling up the DagBag from /opt/airflow/dags/nyc_taxi_pipeline.py
[2026-07-22T07:36:03.553+0000] {processor.py:840} INFO - DAG(s) 'nyc_taxi_pipeline' retrieved from /opt/airflow/dags/nyc_taxi_pipeline.py
[2026-07-22T07:36:03.642+0000] {logging_mixin.py:188} INFO - [2026-07-22T07:36:03.642+0000] {dag.py:3096} INFO - Sync 1 DAGs
[2026-07-22T07:36:03.664+0000] {logging_mixin.py:188} INFO - [2026-07-22T07:36:03.663+0000] {dag.py:3954} INFO - Setting next_dagrun for nyc_taxi_pipeline to None, run_after=None
[2026-07-22T07:36:03.709+0000] {processor.py:183} INFO - Processing /opt/airflow/dags/nyc_taxi_pipeline.py took 0.205 seconds
[2026-07-22T07:36:34.010+0000] {processor.py:161} INFO - Started process (PID=690) to work on /opt/airflow/dags/nyc_taxi_pipeline.py
[2026-07-22T07:36:34.012+0000] {processor.py:830} INFO - Processing file /opt/airflow/dags/nyc_taxi_pipeline.py for tasks to queue
[2026-07-22T07:36:34.016+0000] {logging_mixin.py:188} INFO - [2026-07-22T07:36:34.016+0000] {dagbag.py:540} INFO - Filling up the DagBag from /opt/airflow/dags/nyc_taxi_pipeline.py
[2026-07-22T07:36:34.042+0000] {processor.py:840} INFO - DAG(s) 'nyc_taxi_pipeline' retrieved from /opt/airflow/dags/nyc_taxi_pipeline.py
[2026-07-22T07:36:34.320+0000] {logging_mixin.py:188} INFO - [2026-07-22T07:36:34.319+0000] {dag.py:3096} INFO - Sync 1 DAGs
[2026-07-22T07:36:34.340+0000] {logging_mixin.py:188} INFO - [2026-07-22T07:36:34.340+0000] {dag.py:3954} INFO - Setting next_dagrun for nyc_taxi_pipeline to None, run_after=None
[2026-07-22T07:36:34.385+0000] {processor.py:183} INFO - Processing /opt/airflow/dags/nyc_taxi_pipeline.py took 0.382 seconds
[2026-07-22T07:37:04.701+0000] {processor.py:161} INFO - Started process (PID=695) to work on /opt/airflow/dags/nyc_taxi_pipeline.py
[2026-07-22T07:37:04.704+0000] {processor.py:830} INFO - Processing file /opt/airflow/dags/nyc_taxi_pipeline.py for tasks to queue
[2026-07-22T07:37:04.707+0000] {logging_mixin.py:188} INFO - [2026-07-22T07:37:04.707+0000] {dagbag.py:540} INFO - Filling up the DagBag from /opt/airflow/dags/nyc_taxi_pipeline.py
[2026-07-22T07:37:04.734+0000] {processor.py:840} INFO - DAG(s) 'nyc_taxi_pipeline' retrieved from /opt/airflow/dags/nyc_taxi_pipeline.py
[2026-07-22T07:37:04.841+0000] {logging_mixin.py:188} INFO - [2026-07-22T07:37:04.840+0000] {dag.py:3096} INFO - Sync 1 DAGs
[2026-07-22T07:37:04.863+0000] {logging_mixin.py:188} INFO - [2026-07-22T07:37:04.863+0000] {dag.py:3954} INFO - Setting next_dagrun for nyc_taxi_pipeline to None, run_after=None
[2026-07-22T07:37:04.912+0000] {processor.py:183} INFO - Processing /opt/airflow/dags/nyc_taxi_pipeline.py took 0.219 seconds
[2026-07-22T07:37:35.291+0000] {processor.py:161} INFO - Started process (PID=700) to work on /opt/airflow/dags/nyc_taxi_pipeline.py
[2026-07-22T07:37:35.293+0000] {processor.py:830} INFO - Processing file /opt/airflow/dags/nyc_taxi_pipeline.py for tasks to queue
[2026-07-22T07:37:35.296+0000] {logging_mixin.py:188} INFO - [2026-07-22T07:37:35.296+0000] {dagbag.py:540} INFO - Filling up the DagBag from /opt/airflow/dags/nyc_taxi_pipeline.py
[2026-07-22T07:37:35.329+0000] {processor.py:840} INFO - DAG(s) 'nyc_taxi_pipeline' retrieved from /opt/airflow/dags/nyc_taxi_pipeline.py
[2026-07-22T07:37:35.437+0000] {logging_mixin.py:188} INFO - [2026-07-22T07:37:35.436+0000] {dag.py:3096} INFO - Sync 1 DAGs
[2026-07-22T07:37:35.460+0000] {logging_mixin.py:188} INFO - [2026-07-22T07:37:35.460+0000] {dag.py:3954} INFO - Setting next_dagrun for nyc_taxi_pipeline to None, run_after=None
[2026-07-22T07:37:35.510+0000] {processor.py:183} INFO - Processing /opt/airflow/dags/nyc_taxi_pipeline.py took 0.225 seconds
[2026-07-22T07:38:05.770+0000] {processor.py:161} INFO - Started process (PID=705) to work on /opt/airflow/dags/nyc_taxi_pipeline.py
[2026-07-22T07:38:05.772+0000] {processor.py:830} INFO - Processing file /opt/airflow/dags/nyc_taxi_pipeline.py for tasks to queue
[2026-07-22T07:38:05.775+0000] {logging_mixin.py:188} INFO - [2026-07-22T07:38:05.774+0000] {dagbag.py:540} INFO - Filling up the DagBag from /opt/airflow/dags/nyc_taxi_pipeline.py
[2026-07-22T07:38:05.806+0000] {processor.py:840} INFO - DAG(s) 'nyc_taxi_pipeline' retrieved from /opt/airflow/dags/nyc_taxi_pipeline.py
[2026-07-22T07:38:05.913+0000] {logging_mixin.py:188} INFO - [2026-07-22T07:38:05.913+0000] {dag.py:3096} INFO - Sync 1 DAGs
[2026-07-22T07:38:05.934+0000] {logging_mixin.py:188} INFO - [2026-07-22T07:38:05.934+0000] {dag.py:3954} INFO - Setting next_dagrun for nyc_taxi_pipeline to None, run_after=None
[2026-07-22T07:38:05.985+0000] {processor.py:183} INFO - Processing /opt/airflow/dags/nyc_taxi_pipeline.py took 0.221 seconds
[2026-07-22T07:38:36.477+0000] {processor.py:161} INFO - Started process (PID=710) to work on /opt/airflow/dags/nyc_taxi_pipeline.py
[2026-07-22T07:38:36.479+0000] {processor.py:830} INFO - Processing file /opt/airflow/dags/nyc_taxi_pipeline.py for tasks to queue
[2026-07-22T07:38:36.483+0000] {logging_mixin.py:188} INFO - [2026-07-22T07:38:36.483+0000] {dagbag.py:540} INFO - Filling up the DagBag from /opt/airflow/dags/nyc_taxi_pipeline.py
[2026-07-22T07:38:36.513+0000] {processor.py:840} INFO - DAG(s) 'nyc_taxi_pipeline' retrieved from /opt/airflow/dags/nyc_taxi_pipeline.py
[2026-07-22T07:38:36.608+0000] {logging_mixin.py:188} INFO - [2026-07-22T07:38:36.608+0000] {dag.py:3096} INFO - Sync 1 DAGs
[2026-07-22T07:38:36.630+0000] {logging_mixin.py:188} INFO - [2026-07-22T07:38:36.630+0000] {dag.py:3954} INFO - Setting next_dagrun for nyc_taxi_pipeline to None, run_after=None
[2026-07-22T07:38:36.678+0000] {processor.py:183} INFO - Processing /opt/airflow/dags/nyc_taxi_pipeline.py took 0.209 seconds
[2026-07-22T07:39:06.976+0000] {processor.py:161} INFO - Started process (PID=715) to work on /opt/airflow/dags/nyc_taxi_pipeline.py
[2026-07-22T07:39:06.978+0000] {processor.py:830} INFO - Processing file /opt/airflow/dags/nyc_taxi_pipeline.py for tasks to queue
[2026-07-22T07:39:06.981+0000] {logging_mixin.py:188} INFO - [2026-07-22T07:39:06.981+0000] {dagbag.py:540} INFO - Filling up the DagBag from /opt/airflow/dags/nyc_taxi_pipeline.py
[2026-07-22T07:39:07.008+0000] {processor.py:840} INFO - DAG(s) 'nyc_taxi_pipeline' retrieved from /opt/airflow/dags/nyc_taxi_pipeline.py
[2026-07-22T07:39:07.211+0000] {logging_mixin.py:188} INFO - [2026-07-22T07:39:07.211+0000] {dag.py:3096} INFO - Sync 1 DAGs
[2026-07-22T07:39:07.236+0000] {logging_mixin.py:188} INFO - [2026-07-22T07:39:07.236+0000] {dag.py:3954} INFO - Setting next_dagrun for nyc_taxi_pipeline to None, run_after=None
[2026-07-22T07:39:07.283+0000] {processor.py:183} INFO - Processing /opt/airflow/dags/nyc_taxi_pipeline.py took 0.316 seconds
[2026-07-22T07:39:37.480+0000] {processor.py:161} INFO - Started process (PID=720) to work on /opt/airflow/dags/nyc_taxi_pipeline.py
[2026-07-22T07:39:37.482+0000] {processor.py:830} INFO - Processing file /opt/airflow/dags/nyc_taxi_pipeline.py for tasks to queue
[2026-07-22T07:39:37.485+0000] {logging_mixin.py:188} INFO - [2026-07-22T07:39:37.485+0000] {dagbag.py:540} INFO - Filling up the DagBag from /opt/airflow/dags/nyc_taxi_pipeline.py
[2026-07-22T07:39:37.514+0000] {processor.py:840} INFO - DAG(s) 'nyc_taxi_pipeline' retrieved from /opt/airflow/dags/nyc_taxi_pipeline.py
[2026-07-22T07:39:37.603+0000] {logging_mixin.py:188} INFO - [2026-07-22T07:39:37.603+0000] {dag.py:3096} INFO - Sync 1 DAGs
[2026-07-22T07:39:37.625+0000] {logging_mixin.py:188} INFO - [2026-07-22T07:39:37.625+0000] {dag.py:3954} INFO - Setting next_dagrun for nyc_taxi_pipeline to None, run_after=None
[2026-07-22T07:39:37.669+0000] {processor.py:183} INFO - Processing /opt/airflow/dags/nyc_taxi_pipeline.py took 0.196 seconds
[2026-07-22T07:40:07.908+0000] {processor.py:161} INFO - Started process (PID=725) to work on /opt/airflow/dags/nyc_taxi_pipeline.py
[2026-07-22T07:40:07.909+0000] {processor.py:830} INFO - Processing file /opt/airflow/dags/nyc_taxi_pipeline.py for tasks to queue
[2026-07-22T07:40:07.912+0000] {logging_mixin.py:188} INFO - [2026-07-22T07:40:07.912+0000] {dagbag.py:540} INFO - Filling up the DagBag from /opt/airflow/dags/nyc_taxi_pipeline.py
[2026-07-22T07:40:07.949+0000] {processor.py:840} INFO - DAG(s) 'nyc_taxi_pipeline' retrieved from /opt/airflow/dags/nyc_taxi_pipeline.py
[2026-07-22T07:40:08.159+0000] {logging_mixin.py:188} INFO - [2026-07-22T07:40:08.159+0000] {dag.py:3096} INFO - Sync 1 DAGs
[2026-07-22T07:40:08.182+0000] {logging_mixin.py:188} INFO - [2026-07-22T07:40:08.182+0000] {dag.py:3954} INFO - Setting next_dagrun for nyc_taxi_pipeline to None, run_after=None
[2026-07-22T07:40:08.228+0000] {processor.py:183} INFO - Processing /opt/airflow/dags/nyc_taxi_pipeline.py took 0.329 seconds
[2026-07-22T07:40:38.607+0000] {processor.py:161} INFO - Started process (PID=730) to work on /opt/airflow/dags/nyc_taxi_pipeline.py
[2026-07-22T07:40:38.609+0000] {processor.py:830} INFO - Processing file /opt/airflow/dags/nyc_taxi_pipeline.py for tasks to queue
[2026-07-22T07:40:38.613+0000] {logging_mixin.py:188} INFO - [2026-07-22T07:40:38.613+0000] {dagbag.py:540} INFO - Filling up the DagBag from /opt/airflow/dags/nyc_taxi_pipeline.py
[2026-07-22T07:40:38.647+0000] {processor.py:840} INFO - DAG(s) 'nyc_taxi_pipeline' retrieved from /opt/airflow/dags/nyc_taxi_pipeline.py
[2026-07-22T07:40:38.748+0000] {logging_mixin.py:188} INFO - [2026-07-22T07:40:38.748+0000] {dag.py:3096} INFO - Sync 1 DAGs
[2026-07-22T07:40:38.773+0000] {logging_mixin.py:188} INFO - [2026-07-22T07:40:38.773+0000] {dag.py:3954} INFO - Setting next_dagrun for nyc_taxi_pipeline to None, run_after=None
[2026-07-22T07:40:38.827+0000] {processor.py:183} INFO - Processing /opt/airflow/dags/nyc_taxi_pipeline.py took 0.228 seconds
[2026-07-22T07:41:09.028+0000] {processor.py:161} INFO - Started process (PID=735) to work on /opt/airflow/dags/nyc_taxi_pipeline.py
[2026-07-22T07:41:09.031+0000] {processor.py:830} INFO - Processing file /opt/airflow/dags/nyc_taxi_pipeline.py for tasks to queue
[2026-07-22T07:41:09.036+0000] {logging_mixin.py:188} INFO - [2026-07-22T07:41:09.035+0000] {dagbag.py:540} INFO - Filling up the DagBag from /opt/airflow/dags/nyc_taxi_pipeline.py
[2026-07-22T07:41:09.070+0000] {processor.py:840} INFO - DAG(s) 'nyc_taxi_pipeline' retrieved from /opt/airflow/dags/nyc_taxi_pipeline.py
[2026-07-22T07:41:09.172+0000] {logging_mixin.py:188} INFO - [2026-07-22T07:41:09.172+0000] {dag.py:3096} INFO - Sync 1 DAGs
[2026-07-22T07:41:09.196+0000] {logging_mixin.py:188} INFO - [2026-07-22T07:41:09.196+0000] {dag.py:3954} INFO - Setting next_dagrun for nyc_taxi_pipeline to None, run_after=None
[2026-07-22T07:41:09.251+0000] {processor.py:183} INFO - Processing /opt/airflow/dags/nyc_taxi_pipeline.py took 0.232 seconds
[2026-07-22T07:41:39.402+0000] {processor.py:161} INFO - Started process (PID=740) to work on /opt/airflow/dags/nyc_taxi_pipeline.py
[2026-07-22T07:41:39.404+0000] {processor.py:830} INFO - Processing file /opt/airflow/dags/nyc_taxi_pipeline.py for tasks to queue
[2026-07-22T07:41:39.408+0000] {logging_mixin.py:188} INFO - [2026-07-22T07:41:39.407+0000] {dagbag.py:540} INFO - Filling up the DagBag from /opt/airflow/dags/nyc_taxi_pipeline.py
[2026-07-22T07:41:39.437+0000] {processor.py:840} INFO - DAG(s) 'nyc_taxi_pipeline' retrieved from /opt/airflow/dags/nyc_taxi_pipeline.py
[2026-07-22T07:41:39.541+0000] {logging_mixin.py:188} INFO - [2026-07-22T07:41:39.541+0000] {dag.py:3096} INFO - Sync 1 DAGs
[2026-07-22T07:41:39.567+0000] {logging_mixin.py:188} INFO - [2026-07-22T07:41:39.567+0000] {dag.py:3954} INFO - Setting next_dagrun for nyc_taxi_pipeline to None, run_after=None
[2026-07-22T07:41:39.621+0000] {processor.py:183} INFO - Processing /opt/airflow/dags/nyc_taxi_pipeline.py took 0.231 seconds
[2026-07-22T07:42:09.858+0000] {processor.py:161} INFO - Started process (PID=745) to work on /opt/airflow/dags/nyc_taxi_pipeline.py
[2026-07-22T07:42:09.860+0000] {processor.py:830} INFO - Processing file /opt/airflow/dags/nyc_taxi_pipeline.py for tasks to queue
[2026-07-22T07:42:09.864+0000] {logging_mixin.py:188} INFO - [2026-07-22T07:42:09.863+0000] {dagbag.py:540} INFO - Filling up the DagBag from /opt/airflow/dags/nyc_taxi_pipeline.py
[2026-07-22T07:42:09.895+0000] {processor.py:840} INFO - DAG(s) 'nyc_taxi_pipeline' retrieved from /opt/airflow/dags/nyc_taxi_pipeline.py
[2026-07-22T07:42:10.017+0000] {logging_mixin.py:188} INFO - [2026-07-22T07:42:10.016+0000] {dag.py:3096} INFO - Sync 1 DAGs
[2026-07-22T07:42:10.045+0000] {logging_mixin.py:188} INFO - [2026-07-22T07:42:10.045+0000] {dag.py:3954} INFO - Setting next_dagrun for nyc_taxi_pipeline to None, run_after=None
[2026-07-22T07:42:10.103+0000] {processor.py:183} INFO - Processing /opt/airflow/dags/nyc_taxi_pipeline.py took 0.254 seconds
[2026-07-22T07:42:40.532+0000] {processor.py:161} INFO - Started process (PID=750) to work on /opt/airflow/dags/nyc_taxi_pipeline.py
[2026-07-22T07:42:40.535+0000] {processor.py:830} INFO - Processing file /opt/airflow/dags/nyc_taxi_pipeline.py for tasks to queue
[2026-07-22T07:42:40.538+0000] {logging_mixin.py:188} INFO - [2026-07-22T07:42:40.538+0000] {dagbag.py:540} INFO - Filling up the DagBag from /opt/airflow/dags/nyc_taxi_pipeline.py
[2026-07-22T07:42:40.569+0000] {processor.py:840} INFO - DAG(s) 'nyc_taxi_pipeline' retrieved from /opt/airflow/dags/nyc_taxi_pipeline.py
[2026-07-22T07:42:40.669+0000] {logging_mixin.py:188} INFO - [2026-07-22T07:42:40.668+0000] {dag.py:3096} INFO - Sync 1 DAGs
[2026-07-22T07:42:40.692+0000] {logging_mixin.py:188} INFO - [2026-07-22T07:42:40.691+0000] {dag.py:3954} INFO - Setting next_dagrun for nyc_taxi_pipeline to None, run_after=None
[2026-07-22T07:42:40.741+0000] {processor.py:183} INFO - Processing /opt/airflow/dags/nyc_taxi_pipeline.py took 0.216 seconds
[2026-07-22T07:43:10.974+0000] {processor.py:161} INFO - Started process (PID=755) to work on /opt/airflow/dags/nyc_taxi_pipeline.py
[2026-07-22T07:43:10.976+0000] {processor.py:830} INFO - Processing file /opt/airflow/dags/nyc_taxi_pipeline.py for tasks to queue
[2026-07-22T07:43:10.980+0000] {logging_mixin.py:188} INFO - [2026-07-22T07:43:10.980+0000] {dagbag.py:540} INFO - Filling up the DagBag from /opt/airflow/dags/nyc_taxi_pipeline.py
[2026-07-22T07:43:11.014+0000] {processor.py:840} INFO - DAG(s) 'nyc_taxi_pipeline' retrieved from /opt/airflow/dags/nyc_taxi_pipeline.py
[2026-07-22T07:43:11.127+0000] {logging_mixin.py:188} INFO - [2026-07-22T07:43:11.127+0000] {dag.py:3096} INFO - Sync 1 DAGs
[2026-07-22T07:43:11.155+0000] {logging_mixin.py:188} INFO - [2026-07-22T07:43:11.154+0000] {dag.py:3954} INFO - Setting next_dagrun for nyc_taxi_pipeline to None, run_after=None
[2026-07-22T07:43:11.215+0000] {processor.py:183} INFO - Processing /opt/airflow/dags/nyc_taxi_pipeline.py took 0.252 seconds
[2026-07-22T07:43:41.437+0000] {processor.py:161} INFO - Started process (PID=760) to work on /opt/airflow/dags/nyc_taxi_pipeline.py
[2026-07-22T07:43:41.440+0000] {processor.py:830} INFO - Processing file /opt/airflow/dags/nyc_taxi_pipeline.py for tasks to queue
[2026-07-22T07:43:41.443+0000] {logging_mixin.py:188} INFO - [2026-07-22T07:43:41.443+0000] {dagbag.py:540} INFO - Filling up the DagBag from /opt/airflow/dags/nyc_taxi_pipeline.py
[2026-07-22T07:43:41.476+0000] {processor.py:840} INFO - DAG(s) 'nyc_taxi_pipeline' retrieved from /opt/airflow/dags/nyc_taxi_pipeline.py
[2026-07-22T07:43:41.576+0000] {logging_mixin.py:188} INFO - [2026-07-22T07:43:41.576+0000] {dag.py:3096} INFO - Sync 1 DAGs
[2026-07-22T07:43:41.601+0000] {logging_mixin.py:188} INFO - [2026-07-22T07:43:41.601+0000] {dag.py:3954} INFO - Setting next_dagrun for nyc_taxi_pipeline to None, run_after=None
[2026-07-22T07:43:41.652+0000] {processor.py:183} INFO - Processing /opt/airflow/dags/nyc_taxi_pipeline.py took 0.224 seconds
[2026-07-22T07:44:11.927+0000] {processor.py:161} INFO - Started process (PID=765) to work on /opt/airflow/dags/nyc_taxi_pipeline.py
[2026-07-22T07:44:11.929+0000] {processor.py:830} INFO - Processing file /opt/airflow/dags/nyc_taxi_pipeline.py for tasks to queue
[2026-07-22T07:44:11.933+0000] {logging_mixin.py:188} INFO - [2026-07-22T07:44:11.932+0000] {dagbag.py:540} INFO - Filling up the DagBag from /opt/airflow/dags/nyc_taxi_pipeline.py
[2026-07-22T07:44:11.970+0000] {processor.py:840} INFO - DAG(s) 'nyc_taxi_pipeline' retrieved from /opt/airflow/dags/nyc_taxi_pipeline.py
[2026-07-22T07:44:12.102+0000] {logging_mixin.py:188} INFO - [2026-07-22T07:44:12.102+0000] {dag.py:3096} INFO - Sync 1 DAGs
[2026-07-22T07:44:12.129+0000] {logging_mixin.py:188} INFO - [2026-07-22T07:44:12.129+0000] {dag.py:3954} INFO - Setting next_dagrun for nyc_taxi_pipeline to None, run_after=None
[2026-07-22T07:44:12.175+0000] {processor.py:183} INFO - Processing /opt/airflow/dags/nyc_taxi_pipeline.py took 0.260 seconds
[2026-07-22T07:44:42.509+0000] {processor.py:161} INFO - Started process (PID=770) to work on /opt/airflow/dags/nyc_taxi_pipeline.py
[2026-07-22T07:44:42.511+0000] {processor.py:830} INFO - Processing file /opt/airflow/dags/nyc_taxi_pipeline.py for tasks to queue
[2026-07-22T07:44:42.514+0000] {logging_mixin.py:188} INFO - [2026-07-22T07:44:42.514+0000] {dagbag.py:540} INFO - Filling up the DagBag from /opt/airflow/dags/nyc_taxi_pipeline.py
[2026-07-22T07:44:42.548+0000] {processor.py:840} INFO - DAG(s) 'nyc_taxi_pipeline' retrieved from /opt/airflow/dags/nyc_taxi_pipeline.py
[2026-07-22T07:44:42.641+0000] {logging_mixin.py:188} INFO - [2026-07-22T07:44:42.641+0000] {dag.py:3096} INFO - Sync 1 DAGs
[2026-07-22T07:44:42.663+0000] {logging_mixin.py:188} INFO - [2026-07-22T07:44:42.662+0000] {dag.py:3954} INFO - Setting next_dagrun for nyc_taxi_pipeline to None, run_after=None
[2026-07-22T07:44:42.713+0000] {processor.py:183} INFO - Processing /opt/airflow/dags/nyc_taxi_pipeline.py took 0.210 seconds
[2026-07-22T07:45:12.993+0000] {processor.py:161} INFO - Started process (PID=775) to work on /opt/airflow/dags/nyc_taxi_pipeline.py
[2026-07-22T07:45:12.996+0000] {processor.py:830} INFO - Processing file /opt/airflow/dags/nyc_taxi_pipeline.py for tasks to queue
[2026-07-22T07:45:13.001+0000] {logging_mixin.py:188} INFO - [2026-07-22T07:45:13.001+0000] {dagbag.py:540} INFO - Filling up the DagBag from /opt/airflow/dags/nyc_taxi_pipeline.py
[2026-07-22T07:45:13.054+0000] {processor.py:840} INFO - DAG(s) 'nyc_taxi_pipeline' retrieved from /opt/airflow/dags/nyc_taxi_pipeline.py
[2026-07-22T07:45:13.201+0000] {logging_mixin.py:188} INFO - [2026-07-22T07:45:13.201+0000] {dag.py:3096} INFO - Sync 1 DAGs
[2026-07-22T07:45:13.251+0000] {logging_mixin.py:188} INFO - [2026-07-22T07:45:13.251+0000] {dag.py:3954} INFO - Setting next_dagrun for nyc_taxi_pipeline to None, run_after=None
[2026-07-22T07:45:13.289+0000] {processor.py:183} INFO - Processing /opt/airflow/dags/nyc_taxi_pipeline.py took 0.303 seconds
[2026-07-22T07:45:43.611+0000] {processor.py:161} INFO - Started process (PID=780) to work on /opt/airflow/dags/nyc_taxi_pipeline.py
[2026-07-22T07:45:43.613+0000] {processor.py:830} INFO - Processing file /opt/airflow/dags/nyc_taxi_pipeline.py for tasks to queue
[2026-07-22T07:45:43.617+0000] {logging_mixin.py:188} INFO - [2026-07-22T07:45:43.616+0000] {dagbag.py:540} INFO - Filling up the DagBag from /opt/airflow/dags/nyc_taxi_pipeline.py
[2026-07-22T07:45:43.646+0000] {processor.py:840} INFO - DAG(s) 'nyc_taxi_pipeline' retrieved from /opt/airflow/dags/nyc_taxi_pipeline.py
[2026-07-22T07:45:43.752+0000] {logging_mixin.py:188} INFO - [2026-07-22T07:45:43.752+0000] {dag.py:3096} INFO - Sync 1 DAGs
[2026-07-22T07:45:43.775+0000] {logging_mixin.py:188} INFO - [2026-07-22T07:45:43.775+0000] {dag.py:3954} INFO - Setting next_dagrun for nyc_taxi_pipeline to None, run_after=None
[2026-07-22T07:45:43.832+0000] {processor.py:183} INFO - Processing /opt/airflow/dags/nyc_taxi_pipeline.py took 0.229 seconds
[2026-07-22T07:46:14.146+0000] {processor.py:161} INFO - Started process (PID=785) to work on /opt/airflow/dags/nyc_taxi_pipeline.py
[2026-07-22T07:46:14.148+0000] {processor.py:830} INFO - Processing file /opt/airflow/dags/nyc_taxi_pipeline.py for tasks to queue
[2026-07-22T07:46:14.151+0000] {logging_mixin.py:188} INFO - [2026-07-22T07:46:14.151+0000] {dagbag.py:540} INFO - Filling up the DagBag from /opt/airflow/dags/nyc_taxi_pipeline.py
[2026-07-22T07:46:14.177+0000] {processor.py:840} INFO - DAG(s) 'nyc_taxi_pipeline' retrieved from /opt/airflow/dags/nyc_taxi_pipeline.py
[2026-07-22T07:46:14.286+0000] {logging_mixin.py:188} INFO - [2026-07-22T07:46:14.286+0000] {dag.py:3096} INFO - Sync 1 DAGs
[2026-07-22T07:46:14.308+0000] {logging_mixin.py:188} INFO - [2026-07-22T07:46:14.307+0000] {dag.py:3954} INFO - Setting next_dagrun for nyc_taxi_pipeline to None, run_after=None
[2026-07-22T07:46:14.354+0000] {processor.py:183} INFO - Processing /opt/airflow/dags/nyc_taxi_pipeline.py took 0.214 seconds
[2026-07-22T07:46:44.742+0000] {processor.py:161} INFO - Started process (PID=790) to work on /opt/airflow/dags/nyc_taxi_pipeline.py
[2026-07-22T07:46:44.744+0000] {processor.py:830} INFO - Processing file /opt/airflow/dags/nyc_taxi_pipeline.py for tasks to queue
[2026-07-22T07:46:44.748+0000] {logging_mixin.py:188} INFO - [2026-07-22T07:46:44.747+0000] {dagbag.py:540} INFO - Filling up the DagBag from /opt/airflow/dags/nyc_taxi_pipeline.py
[2026-07-22T07:46:44.774+0000] {processor.py:840} INFO - DAG(s) 'nyc_taxi_pipeline' retrieved from /opt/airflow/dags/nyc_taxi_pipeline.py
[2026-07-22T07:46:44.872+0000] {logging_mixin.py:188} INFO - [2026-07-22T07:46:44.872+0000] {dag.py:3096} INFO - Sync 1 DAGs
[2026-07-22T07:46:44.894+0000] {logging_mixin.py:188} INFO - [2026-07-22T07:46:44.894+0000] {dag.py:3954} INFO - Setting next_dagrun for nyc_taxi_pipeline to None, run_after=None
[2026-07-22T07:46:44.941+0000] {processor.py:183} INFO - Processing /opt/airflow/dags/nyc_taxi_pipeline.py took 0.209 seconds
[2026-07-22T07:47:15.362+0000] {processor.py:161} INFO - Started process (PID=795) to work on /opt/airflow/dags/nyc_taxi_pipeline.py
[2026-07-22T07:47:15.364+0000] {processor.py:830} INFO - Processing file /opt/airflow/dags/nyc_taxi_pipeline.py for tasks to queue
[2026-07-22T07:47:15.368+0000] {logging_mixin.py:188} INFO - [2026-07-22T07:47:15.367+0000] {dagbag.py:540} INFO - Filling up the DagBag from /opt/airflow/dags/nyc_taxi_pipeline.py
[2026-07-22T07:47:15.397+0000] {processor.py:840} INFO - DAG(s) 'nyc_taxi_pipeline' retrieved from /opt/airflow/dags/nyc_taxi_pipeline.py
[2026-07-22T07:47:15.491+0000] {logging_mixin.py:188} INFO - [2026-07-22T07:47:15.491+0000] {dag.py:3096} INFO - Sync 1 DAGs
[2026-07-22T07:47:15.514+0000] {logging_mixin.py:188} INFO - [2026-07-22T07:47:15.514+0000] {dag.py:3954} INFO - Setting next_dagrun for nyc_taxi_pipeline to None, run_after=None
[2026-07-22T07:47:15.558+0000] {processor.py:183} INFO - Processing /opt/airflow/dags/nyc_taxi_pipeline.py took 0.207 seconds
[2026-07-22T07:47:45.779+0000] {processor.py:161} INFO - Started process (PID=800) to work on /opt/airflow/dags/nyc_taxi_pipeline.py
[2026-07-22T07:47:45.781+0000] {processor.py:830} INFO - Processing file /opt/airflow/dags/nyc_taxi_pipeline.py for tasks to queue
[2026-07-22T07:47:45.784+0000] {logging_mixin.py:188} INFO - [2026-07-22T07:47:45.784+0000] {dagbag.py:540} INFO - Filling up the DagBag from /opt/airflow/dags/nyc_taxi_pipeline.py
[2026-07-22T07:47:45.813+0000] {processor.py:840} INFO - DAG(s) 'nyc_taxi_pipeline' retrieved from /opt/airflow/dags/nyc_taxi_pipeline.py
[2026-07-22T07:47:45.918+0000] {logging_mixin.py:188} INFO - [2026-07-22T07:47:45.917+0000] {dag.py:3096} INFO - Sync 1 DAGs
[2026-07-22T07:47:45.941+0000] {logging_mixin.py:188} INFO - [2026-07-22T07:47:45.941+0000] {dag.py:3954} INFO - Setting next_dagrun for nyc_taxi_pipeline to None, run_after=None
[2026-07-22T07:47:45.996+0000] {processor.py:183} INFO - Processing /opt/airflow/dags/nyc_taxi_pipeline.py took 0.225 seconds
[2026-07-22T07:48:16.520+0000] {processor.py:161} INFO - Started process (PID=805) to work on /opt/airflow/dags/nyc_taxi_pipeline.py
[2026-07-22T07:48:16.522+0000] {processor.py:830} INFO - Processing file /opt/airflow/dags/nyc_taxi_pipeline.py for tasks to queue
[2026-07-22T07:48:16.525+0000] {logging_mixin.py:188} INFO - [2026-07-22T07:48:16.524+0000] {dagbag.py:540} INFO - Filling up the DagBag from /opt/airflow/dags/nyc_taxi_pipeline.py
[2026-07-22T07:48:16.551+0000] {processor.py:840} INFO - DAG(s) 'nyc_taxi_pipeline' retrieved from /opt/airflow/dags/nyc_taxi_pipeline.py
[2026-07-22T07:48:16.641+0000] {logging_mixin.py:188} INFO - [2026-07-22T07:48:16.641+0000] {dag.py:3096} INFO - Sync 1 DAGs
[2026-07-22T07:48:16.662+0000] {logging_mixin.py:188} INFO - [2026-07-22T07:48:16.662+0000] {dag.py:3954} INFO - Setting next_dagrun for nyc_taxi_pipeline to None, run_after=None
[2026-07-22T07:48:16.707+0000] {processor.py:183} INFO - Processing /opt/airflow/dags/nyc_taxi_pipeline.py took 0.194 seconds
[2026-07-22T07:48:46.979+0000] {processor.py:161} INFO - Started process (PID=810) to work on /opt/airflow/dags/nyc_taxi_pipeline.py
[2026-07-22T07:48:46.981+0000] {processor.py:830} INFO - Processing file /opt/airflow/dags/nyc_taxi_pipeline.py for tasks to queue
[2026-07-22T07:48:46.985+0000] {logging_mixin.py:188} INFO - [2026-07-22T07:48:46.985+0000] {dagbag.py:540} INFO - Filling up the DagBag from /opt/airflow/dags/nyc_taxi_pipeline.py
[2026-07-22T07:48:47.014+0000] {processor.py:840} INFO - DAG(s) 'nyc_taxi_pipeline' retrieved from /opt/airflow/dags/nyc_taxi_pipeline.py
[2026-07-22T07:48:47.120+0000] {logging_mixin.py:188} INFO - [2026-07-22T07:48:47.120+0000] {dag.py:3096} INFO - Sync 1 DAGs
[2026-07-22T07:48:47.145+0000] {logging_mixin.py:188} INFO - [2026-07-22T07:48:47.145+0000] {dag.py:3954} INFO - Setting next_dagrun for nyc_taxi_pipeline to None, run_after=None
[2026-07-22T07:48:47.197+0000] {processor.py:183} INFO - Processing /opt/airflow/dags/nyc_taxi_pipeline.py took 0.228 seconds
[2026-07-22T07:49:17.632+0000] {processor.py:161} INFO - Started process (PID=815) to work on /opt/airflow/dags/nyc_taxi_pipeline.py
[2026-07-22T07:49:17.634+0000] {processor.py:830} INFO - Processing file /opt/airflow/dags/nyc_taxi_pipeline.py for tasks to queue
[2026-07-22T07:49:17.638+0000] {logging_mixin.py:188} INFO - [2026-07-22T07:49:17.637+0000] {dagbag.py:540} INFO - Filling up the DagBag from /opt/airflow/dags/nyc_taxi_pipeline.py
[2026-07-22T07:49:17.670+0000] {processor.py:840} INFO - DAG(s) 'nyc_taxi_pipeline' retrieved from /opt/airflow/dags/nyc_taxi_pipeline.py
[2026-07-22T07:49:17.885+0000] {logging_mixin.py:188} INFO - [2026-07-22T07:49:17.885+0000] {dag.py:3096} INFO - Sync 1 DAGs
[2026-07-22T07:49:17.910+0000] {logging_mixin.py:188} INFO - [2026-07-22T07:49:17.910+0000] {dag.py:3954} INFO - Setting next_dagrun for nyc_taxi_pipeline to None, run_after=None
[2026-07-22T07:49:17.966+0000] {processor.py:183} INFO - Processing /opt/airflow/dags/nyc_taxi_pipeline.py took 0.342 seconds
[2026-07-22T07:49:48.053+0000] {processor.py:161} INFO - Started process (PID=820) to work on /opt/airflow/dags/nyc_taxi_pipeline.py
[2026-07-22T07:49:48.055+0000] {processor.py:830} INFO - Processing file /opt/airflow/dags/nyc_taxi_pipeline.py for tasks to queue
[2026-07-22T07:49:48.059+0000] {logging_mixin.py:188} INFO - [2026-07-22T07:49:48.059+0000] {dagbag.py:540} INFO - Filling up the DagBag from /opt/airflow/dags/nyc_taxi_pipeline.py
[2026-07-22T07:49:48.088+0000] {processor.py:840} INFO - DAG(s) 'nyc_taxi_pipeline' retrieved from /opt/airflow/dags/nyc_taxi_pipeline.py
[2026-07-22T07:49:48.187+0000] {logging_mixin.py:188} INFO - [2026-07-22T07:49:48.187+0000] {dag.py:3096} INFO - Sync 1 DAGs
[2026-07-22T07:49:48.214+0000] {logging_mixin.py:188} INFO - [2026-07-22T07:49:48.214+0000] {dag.py:3954} INFO - Setting next_dagrun for nyc_taxi_pipeline to None, run_after=None
[2026-07-22T07:49:48.275+0000] {processor.py:183} INFO - Processing /opt/airflow/dags/nyc_taxi_pipeline.py took 0.231 seconds
[2026-07-22T07:50:18.416+0000] {processor.py:161} INFO - Started process (PID=825) to work on /opt/airflow/dags/nyc_taxi_pipeline.py
[2026-07-22T07:50:18.418+0000] {processor.py:830} INFO - Processing file /opt/airflow/dags/nyc_taxi_pipeline.py for tasks to queue
[2026-07-22T07:50:18.423+0000] {logging_mixin.py:188} INFO - [2026-07-22T07:50:18.422+0000] {dagbag.py:540} INFO - Filling up the DagBag from /opt/airflow/dags/nyc_taxi_pipeline.py
[2026-07-22T07:50:18.471+0000] {processor.py:840} INFO - DAG(s) 'nyc_taxi_pipeline' retrieved from /opt/airflow/dags/nyc_taxi_pipeline.py
[2026-07-22T07:50:18.573+0000] {logging_mixin.py:188} INFO - [2026-07-22T07:50:18.572+0000] {dag.py:3096} INFO - Sync 1 DAGs
[2026-07-22T07:50:18.596+0000] {logging_mixin.py:188} INFO - [2026-07-22T07:50:18.596+0000] {dag.py:3954} INFO - Setting next_dagrun for nyc_taxi_pipeline to None, run_after=None
[2026-07-22T07:50:18.646+0000] {processor.py:183} INFO - Processing /opt/airflow/dags/nyc_taxi_pipeline.py took 0.240 seconds
[2026-07-22T07:50:48.828+0000] {processor.py:161} INFO - Started process (PID=830) to work on /opt/airflow/dags/nyc_taxi_pipeline.py
[2026-07-22T07:50:48.830+0000] {processor.py:830} INFO - Processing file /opt/airflow/dags/nyc_taxi_pipeline.py for tasks to queue
[2026-07-22T07:50:48.834+0000] {logging_mixin.py:188} INFO - [2026-07-22T07:50:48.833+0000] {dagbag.py:540} INFO - Filling up the DagBag from /opt/airflow/dags/nyc_taxi_pipeline.py
[2026-07-22T07:50:48.860+0000] {processor.py:840} INFO - DAG(s) 'nyc_taxi_pipeline' retrieved from /opt/airflow/dags/nyc_taxi_pipeline.py
[2026-07-22T07:50:48.953+0000] {logging_mixin.py:188} INFO - [2026-07-22T07:50:48.953+0000] {dag.py:3096} INFO - Sync 1 DAGs
[2026-07-22T07:50:48.975+0000] {logging_mixin.py:188} INFO - [2026-07-22T07:50:48.975+0000] {dag.py:3954} INFO - Setting next_dagrun for nyc_taxi_pipeline to None, run_after=None
[2026-07-22T07:50:49.023+0000] {processor.py:183} INFO - Processing /opt/airflow/dags/nyc_taxi_pipeline.py took 0.204 seconds
[2026-07-22T07:51:19.428+0000] {processor.py:161} INFO - Started process (PID=835) to work on /opt/airflow/dags/nyc_taxi_pipeline.py
[2026-07-22T07:51:19.432+0000] {processor.py:830} INFO - Processing file /opt/airflow/dags/nyc_taxi_pipeline.py for tasks to queue
[2026-07-22T07:51:19.438+0000] {logging_mixin.py:188} INFO - [2026-07-22T07:51:19.437+0000] {dagbag.py:540} INFO - Filling up the DagBag from /opt/airflow/dags/nyc_taxi_pipeline.py
[2026-07-22T07:51:19.504+0000] {processor.py:840} INFO - DAG(s) 'nyc_taxi_pipeline' retrieved from /opt/airflow/dags/nyc_taxi_pipeline.py
[2026-07-22T07:51:19.600+0000] {logging_mixin.py:188} INFO - [2026-07-22T07:51:19.600+0000] {dag.py:3096} INFO - Sync 1 DAGs
[2026-07-22T07:51:19.622+0000] {logging_mixin.py:188} INFO - [2026-07-22T07:51:19.621+0000] {dag.py:3954} INFO - Setting next_dagrun for nyc_taxi_pipeline to None, run_after=None
[2026-07-22T07:51:19.670+0000] {processor.py:183} INFO - Processing /opt/airflow/dags/nyc_taxi_pipeline.py took 0.263 seconds
[2026-07-22T07:51:49.909+0000] {processor.py:161} INFO - Started process (PID=840) to work on /opt/airflow/dags/nyc_taxi_pipeline.py
[2026-07-22T07:51:49.911+0000] {processor.py:830} INFO - Processing file /opt/airflow/dags/nyc_taxi_pipeline.py for tasks to queue
[2026-07-22T07:51:49.915+0000] {logging_mixin.py:188} INFO - [2026-07-22T07:51:49.914+0000] {dagbag.py:540} INFO - Filling up the DagBag from /opt/airflow/dags/nyc_taxi_pipeline.py
[2026-07-22T07:51:49.941+0000] {processor.py:840} INFO - DAG(s) 'nyc_taxi_pipeline' retrieved from /opt/airflow/dags/nyc_taxi_pipeline.py
[2026-07-22T07:51:50.036+0000] {logging_mixin.py:188} INFO - [2026-07-22T07:51:50.036+0000] {dag.py:3096} INFO - Sync 1 DAGs
[2026-07-22T07:51:50.061+0000] {logging_mixin.py:188} INFO - [2026-07-22T07:51:50.060+0000] {dag.py:3954} INFO - Setting next_dagrun for nyc_taxi_pipeline to None, run_after=None
[2026-07-22T07:51:50.106+0000] {processor.py:183} INFO - Processing /opt/airflow/dags/nyc_taxi_pipeline.py took 0.204 seconds
[2026-07-22T07:52:20.610+0000] {processor.py:161} INFO - Started process (PID=845) to work on /opt/airflow/dags/nyc_taxi_pipeline.py
[2026-07-22T07:52:20.613+0000] {processor.py:830} INFO - Processing file /opt/airflow/dags/nyc_taxi_pipeline.py for tasks to queue
[2026-07-22T07:52:20.618+0000] {logging_mixin.py:188} INFO - [2026-07-22T07:52:20.617+0000] {dagbag.py:540} INFO - Filling up the DagBag from /opt/airflow/dags/nyc_taxi_pipeline.py
[2026-07-22T07:52:20.656+0000] {processor.py:840} INFO - DAG(s) 'nyc_taxi_pipeline' retrieved from /opt/airflow/dags/nyc_taxi_pipeline.py
[2026-07-22T07:52:20.744+0000] {logging_mixin.py:188} INFO - [2026-07-22T07:52:20.744+0000] {dag.py:3096} INFO - Sync 1 DAGs
[2026-07-22T07:52:20.769+0000] {logging_mixin.py:188} INFO - [2026-07-22T07:52:20.768+0000] {dag.py:3954} INFO - Setting next_dagrun for nyc_taxi_pipeline to None, run_after=None
[2026-07-22T07:52:20.810+0000] {processor.py:183} INFO - Processing /opt/airflow/dags/nyc_taxi_pipeline.py took 0.212 seconds
[2026-07-22T07:52:51.085+0000] {processor.py:161} INFO - Started process (PID=850) to work on /opt/airflow/dags/nyc_taxi_pipeline.py
[2026-07-22T07:52:51.087+0000] {processor.py:830} INFO - Processing file /opt/airflow/dags/nyc_taxi_pipeline.py for tasks to queue
[2026-07-22T07:52:51.090+0000] {logging_mixin.py:188} INFO - [2026-07-22T07:52:51.090+0000] {dagbag.py:540} INFO - Filling up the DagBag from /opt/airflow/dags/nyc_taxi_pipeline.py
[2026-07-22T07:52:51.118+0000] {processor.py:840} INFO - DAG(s) 'nyc_taxi_pipeline' retrieved from /opt/airflow/dags/nyc_taxi_pipeline.py
[2026-07-22T07:52:51.323+0000] {logging_mixin.py:188} INFO - [2026-07-22T07:52:51.323+0000] {dag.py:3096} INFO - Sync 1 DAGs
[2026-07-22T07:52:51.346+0000] {logging_mixin.py:188} INFO - [2026-07-22T07:52:51.345+0000] {dag.py:3954} INFO - Setting next_dagrun for nyc_taxi_pipeline to None, run_after=None
[2026-07-22T07:52:51.391+0000] {processor.py:183} INFO - Processing /opt/airflow/dags/nyc_taxi_pipeline.py took 0.314 seconds
[2026-07-22T07:53:21.824+0000] {processor.py:161} INFO - Started process (PID=855) to work on /opt/airflow/dags/nyc_taxi_pipeline.py
[2026-07-22T07:53:21.826+0000] {processor.py:830} INFO - Processing file /opt/airflow/dags/nyc_taxi_pipeline.py for tasks to queue
[2026-07-22T07:53:21.829+0000] {logging_mixin.py:188} INFO - [2026-07-22T07:53:21.829+0000] {dagbag.py:540} INFO - Filling up the DagBag from /opt/airflow/dags/nyc_taxi_pipeline.py
[2026-07-22T07:53:21.868+0000] {processor.py:840} INFO - DAG(s) 'nyc_taxi_pipeline' retrieved from /opt/airflow/dags/nyc_taxi_pipeline.py
[2026-07-22T07:53:21.966+0000] {logging_mixin.py:188} INFO - [2026-07-22T07:53:21.965+0000] {dag.py:3096} INFO - Sync 1 DAGs
[2026-07-22T07:53:21.987+0000] {logging_mixin.py:188} INFO - [2026-07-22T07:53:21.987+0000] {dag.py:3954} INFO - Setting next_dagrun for nyc_taxi_pipeline to None, run_after=None
[2026-07-22T07:53:22.037+0000] {processor.py:183} INFO - Processing /opt/airflow/dags/nyc_taxi_pipeline.py took 0.220 seconds
[2026-07-22T07:53:52.476+0000] {processor.py:161} INFO - Started process (PID=860) to work on /opt/airflow/dags/nyc_taxi_pipeline.py
[2026-07-22T07:53:52.477+0000] {processor.py:830} INFO - Processing file /opt/airflow/dags/nyc_taxi_pipeline.py for tasks to queue
[2026-07-22T07:53:52.481+0000] {logging_mixin.py:188} INFO - [2026-07-22T07:53:52.480+0000] {dagbag.py:540} INFO - Filling up the DagBag from /opt/airflow/dags/nyc_taxi_pipeline.py
[2026-07-22T07:53:52.506+0000] {processor.py:840} INFO - DAG(s) 'nyc_taxi_pipeline' retrieved from /opt/airflow/dags/nyc_taxi_pipeline.py
[2026-07-22T07:53:52.597+0000] {logging_mixin.py:188} INFO - [2026-07-22T07:53:52.597+0000] {dag.py:3096} INFO - Sync 1 DAGs
[2026-07-22T07:53:52.618+0000] {logging_mixin.py:188} INFO - [2026-07-22T07:53:52.617+0000] {dag.py:3954} INFO - Setting next_dagrun for nyc_taxi_pipeline to None, run_after=None
[2026-07-22T07:53:52.663+0000] {processor.py:183} INFO - Processing /opt/airflow/dags/nyc_taxi_pipeline.py took 0.197 seconds
[2026-07-22T07:54:22.891+0000] {processor.py:161} INFO - Started process (PID=865) to work on /opt/airflow/dags/nyc_taxi_pipeline.py
[2026-07-22T07:54:22.893+0000] {processor.py:830} INFO - Processing file /opt/airflow/dags/nyc_taxi_pipeline.py for tasks to queue
[2026-07-22T07:54:22.897+0000] {logging_mixin.py:188} INFO - [2026-07-22T07:54:22.896+0000] {dagbag.py:540} INFO - Filling up the DagBag from /opt/airflow/dags/nyc_taxi_pipeline.py
[2026-07-22T07:54:22.924+0000] {processor.py:840} INFO - DAG(s) 'nyc_taxi_pipeline' retrieved from /opt/airflow/dags/nyc_taxi_pipeline.py
[2026-07-22T07:54:23.033+0000] {logging_mixin.py:188} INFO - [2026-07-22T07:54:23.033+0000] {dag.py:3096} INFO - Sync 1 DAGs
[2026-07-22T07:54:23.060+0000] {logging_mixin.py:188} INFO - [2026-07-22T07:54:23.060+0000] {dag.py:3954} INFO - Setting next_dagrun for nyc_taxi_pipeline to None, run_after=None
[2026-07-22T07:54:23.101+0000] {processor.py:183} INFO - Processing /opt/airflow/dags/nyc_taxi_pipeline.py took 0.219 seconds
[2026-07-22T07:54:53.331+0000] {processor.py:161} INFO - Started process (PID=870) to work on /opt/airflow/dags/nyc_taxi_pipeline.py
[2026-07-22T07:54:53.334+0000] {processor.py:830} INFO - Processing file /opt/airflow/dags/nyc_taxi_pipeline.py for tasks to queue
[2026-07-22T07:54:53.337+0000] {logging_mixin.py:188} INFO - [2026-07-22T07:54:53.336+0000] {dagbag.py:540} INFO - Filling up the DagBag from /opt/airflow/dags/nyc_taxi_pipeline.py
[2026-07-22T07:54:53.370+0000] {processor.py:840} INFO - DAG(s) 'nyc_taxi_pipeline' retrieved from /opt/airflow/dags/nyc_taxi_pipeline.py
[2026-07-22T07:54:53.611+0000] {logging_mixin.py:188} INFO - [2026-07-22T07:54:53.610+0000] {dag.py:3096} INFO - Sync 1 DAGs
[2026-07-22T07:54:53.643+0000] {logging_mixin.py:188} INFO - [2026-07-22T07:54:53.643+0000] {dag.py:3954} INFO - Setting next_dagrun for nyc_taxi_pipeline to None, run_after=None
[2026-07-22T07:54:53.701+0000] {processor.py:183} INFO - Processing /opt/airflow/dags/nyc_taxi_pipeline.py took 0.378 seconds
[2026-07-22T07:55:23.952+0000] {processor.py:161} INFO - Started process (PID=875) to work on /opt/airflow/dags/nyc_taxi_pipeline.py
[2026-07-22T07:55:23.954+0000] {processor.py:830} INFO - Processing file /opt/airflow/dags/nyc_taxi_pipeline.py for tasks to queue
[2026-07-22T07:55:23.958+0000] {logging_mixin.py:188} INFO - [2026-07-22T07:55:23.957+0000] {dagbag.py:540} INFO - Filling up the DagBag from /opt/airflow/dags/nyc_taxi_pipeline.py
[2026-07-22T07:55:23.984+0000] {processor.py:840} INFO - DAG(s) 'nyc_taxi_pipeline' retrieved from /opt/airflow/dags/nyc_taxi_pipeline.py
[2026-07-22T07:55:24.083+0000] {logging_mixin.py:188} INFO - [2026-07-22T07:55:24.082+0000] {dag.py:3096} INFO - Sync 1 DAGs
[2026-07-22T07:55:24.111+0000] {logging_mixin.py:188} INFO - [2026-07-22T07:55:24.110+0000] {dag.py:3954} INFO - Setting next_dagrun for nyc_taxi_pipeline to None, run_after=None
[2026-07-22T07:55:24.163+0000] {processor.py:183} INFO - Processing /opt/airflow/dags/nyc_taxi_pipeline.py took 0.218 seconds
[2026-07-22T07:55:54.680+0000] {processor.py:161} INFO - Started process (PID=880) to work on /opt/airflow/dags/nyc_taxi_pipeline.py
[2026-07-22T07:55:54.700+0000] {processor.py:830} INFO - Processing file /opt/airflow/dags/nyc_taxi_pipeline.py for tasks to queue
[2026-07-22T07:55:54.704+0000] {logging_mixin.py:188} INFO - [2026-07-22T07:55:54.704+0000] {dagbag.py:540} INFO - Filling up the DagBag from /opt/airflow/dags/nyc_taxi_pipeline.py
[2026-07-22T07:55:54.742+0000] {processor.py:840} INFO - DAG(s) 'nyc_taxi_pipeline' retrieved from /opt/airflow/dags/nyc_taxi_pipeline.py
[2026-07-22T07:55:54.837+0000] {logging_mixin.py:188} INFO - [2026-07-22T07:55:54.836+0000] {dag.py:3096} INFO - Sync 1 DAGs
[2026-07-22T07:55:54.858+0000] {logging_mixin.py:188} INFO - [2026-07-22T07:55:54.858+0000] {dag.py:3954} INFO - Setting next_dagrun for nyc_taxi_pipeline to None, run_after=None
[2026-07-22T07:55:54.903+0000] {processor.py:183} INFO - Processing /opt/airflow/dags/nyc_taxi_pipeline.py took 0.240 seconds
[2026-07-22T07:56:25.219+0000] {processor.py:161} INFO - Started process (PID=885) to work on /opt/airflow/dags/nyc_taxi_pipeline.py
[2026-07-22T07:56:25.222+0000] {processor.py:830} INFO - Processing file /opt/airflow/dags/nyc_taxi_pipeline.py for tasks to queue
[2026-07-22T07:56:25.227+0000] {logging_mixin.py:188} INFO - [2026-07-22T07:56:25.226+0000] {dagbag.py:540} INFO - Filling up the DagBag from /opt/airflow/dags/nyc_taxi_pipeline.py
[2026-07-22T07:56:25.266+0000] {processor.py:840} INFO - DAG(s) 'nyc_taxi_pipeline' retrieved from /opt/airflow/dags/nyc_taxi_pipeline.py
[2026-07-22T07:56:25.368+0000] {logging_mixin.py:188} INFO - [2026-07-22T07:56:25.368+0000] {dag.py:3096} INFO - Sync 1 DAGs
[2026-07-22T07:56:25.395+0000] {logging_mixin.py:188} INFO - [2026-07-22T07:56:25.395+0000] {dag.py:3954} INFO - Setting next_dagrun for nyc_taxi_pipeline to None, run_after=None
[2026-07-22T07:56:25.446+0000] {processor.py:183} INFO - Processing /opt/airflow/dags/nyc_taxi_pipeline.py took 0.235 seconds
[2026-07-22T07:56:55.927+0000] {processor.py:161} INFO - Started process (PID=890) to work on /opt/airflow/dags/nyc_taxi_pipeline.py
[2026-07-22T07:56:55.928+0000] {processor.py:830} INFO - Processing file /opt/airflow/dags/nyc_taxi_pipeline.py for tasks to queue
[2026-07-22T07:56:55.932+0000] {logging_mixin.py:188} INFO - [2026-07-22T07:56:55.931+0000] {dagbag.py:540} INFO - Filling up the DagBag from /opt/airflow/dags/nyc_taxi_pipeline.py
[2026-07-22T07:56:55.959+0000] {processor.py:840} INFO - DAG(s) 'nyc_taxi_pipeline' retrieved from /opt/airflow/dags/nyc_taxi_pipeline.py
[2026-07-22T07:56:56.173+0000] {logging_mixin.py:188} INFO - [2026-07-22T07:56:56.172+0000] {dag.py:3096} INFO - Sync 1 DAGs
[2026-07-22T07:56:56.196+0000] {logging_mixin.py:188} INFO - [2026-07-22T07:56:56.196+0000] {dag.py:3954} INFO - Setting next_dagrun for nyc_taxi_pipeline to None, run_after=None
[2026-07-22T07:56:56.243+0000] {processor.py:183} INFO - Processing /opt/airflow/dags/nyc_taxi_pipeline.py took 0.325 seconds
[2026-07-22T07:57:26.393+0000] {processor.py:161} INFO - Started process (PID=895) to work on /opt/airflow/dags/nyc_taxi_pipeline.py
[2026-07-22T07:57:26.399+0000] {processor.py:830} INFO - Processing file /opt/airflow/dags/nyc_taxi_pipeline.py for tasks to queue
[2026-07-22T07:57:26.408+0000] {logging_mixin.py:188} INFO - [2026-07-22T07:57:26.407+0000] {dagbag.py:540} INFO - Filling up the DagBag from /opt/airflow/dags/nyc_taxi_pipeline.py
[2026-07-22T07:57:26.440+0000] {processor.py:840} INFO - DAG(s) 'nyc_taxi_pipeline' retrieved from /opt/airflow/dags/nyc_taxi_pipeline.py
[2026-07-22T07:57:26.545+0000] {logging_mixin.py:188} INFO - [2026-07-22T07:57:26.545+0000] {dag.py:3096} INFO - Sync 1 DAGs
[2026-07-22T07:57:26.572+0000] {logging_mixin.py:188} INFO - [2026-07-22T07:57:26.572+0000] {dag.py:3954} INFO - Setting next_dagrun for nyc_taxi_pipeline to None, run_after=None
[2026-07-22T07:57:26.629+0000] {processor.py:183} INFO - Processing /opt/airflow/dags/nyc_taxi_pipeline.py took 0.244 seconds
[2026-07-22T07:57:57.198+0000] {processor.py:161} INFO - Started process (PID=900) to work on /opt/airflow/dags/nyc_taxi_pipeline.py
[2026-07-22T07:57:57.201+0000] {processor.py:830} INFO - Processing file /opt/airflow/dags/nyc_taxi_pipeline.py for tasks to queue
[2026-07-22T07:57:57.205+0000] {logging_mixin.py:188} INFO - [2026-07-22T07:57:57.204+0000] {dagbag.py:540} INFO - Filling up the DagBag from /opt/airflow/dags/nyc_taxi_pipeline.py
[2026-07-22T07:57:57.242+0000] {processor.py:840} INFO - DAG(s) 'nyc_taxi_pipeline' retrieved from /opt/airflow/dags/nyc_taxi_pipeline.py
[2026-07-22T07:57:57.339+0000] {logging_mixin.py:188} INFO - [2026-07-22T07:57:57.339+0000] {dag.py:3096} INFO - Sync 1 DAGs
[2026-07-22T07:57:57.362+0000] {logging_mixin.py:188} INFO - [2026-07-22T07:57:57.362+0000] {dag.py:3954} INFO - Setting next_dagrun for nyc_taxi_pipeline to None, run_after=None
[2026-07-22T07:57:57.419+0000] {processor.py:183} INFO - Processing /opt/airflow/dags/nyc_taxi_pipeline.py took 0.232 seconds
[2026-07-22T07:58:27.684+0000] {processor.py:161} INFO - Started process (PID=905) to work on /opt/airflow/dags/nyc_taxi_pipeline.py
[2026-07-22T07:58:27.686+0000] {processor.py:830} INFO - Processing file /opt/airflow/dags/nyc_taxi_pipeline.py for tasks to queue
[2026-07-22T07:58:27.689+0000] {logging_mixin.py:188} INFO - [2026-07-22T07:58:27.688+0000] {dagbag.py:540} INFO - Filling up the DagBag from /opt/airflow/dags/nyc_taxi_pipeline.py
[2026-07-22T07:58:27.714+0000] {processor.py:840} INFO - DAG(s) 'nyc_taxi_pipeline' retrieved from /opt/airflow/dags/nyc_taxi_pipeline.py
[2026-07-22T07:58:27.821+0000] {logging_mixin.py:188} INFO - [2026-07-22T07:58:27.820+0000] {dag.py:3096} INFO - Sync 1 DAGs
[2026-07-22T07:58:27.848+0000] {logging_mixin.py:188} INFO - [2026-07-22T07:58:27.848+0000] {dag.py:3954} INFO - Setting next_dagrun for nyc_taxi_pipeline to None, run_after=None
[2026-07-22T07:58:27.897+0000] {processor.py:183} INFO - Processing /opt/airflow/dags/nyc_taxi_pipeline.py took 0.221 seconds
[2026-07-22T07:58:58.296+0000] {processor.py:161} INFO - Started process (PID=910) to work on /opt/airflow/dags/nyc_taxi_pipeline.py
[2026-07-22T07:58:58.298+0000] {processor.py:830} INFO - Processing file /opt/airflow/dags/nyc_taxi_pipeline.py for tasks to queue
[2026-07-22T07:58:58.301+0000] {logging_mixin.py:188} INFO - [2026-07-22T07:58:58.301+0000] {dagbag.py:540} INFO - Filling up the DagBag from /opt/airflow/dags/nyc_taxi_pipeline.py
[2026-07-22T07:58:58.334+0000] {processor.py:840} INFO - DAG(s) 'nyc_taxi_pipeline' retrieved from /opt/airflow/dags/nyc_taxi_pipeline.py
[2026-07-22T07:58:58.435+0000] {logging_mixin.py:188} INFO - [2026-07-22T07:58:58.435+0000] {dag.py:3096} INFO - Sync 1 DAGs
[2026-07-22T07:58:58.462+0000] {logging_mixin.py:188} INFO - [2026-07-22T07:58:58.462+0000] {dag.py:3954} INFO - Setting next_dagrun for nyc_taxi_pipeline to None, run_after=None
[2026-07-22T07:58:58.521+0000] {processor.py:183} INFO - Processing /opt/airflow/dags/nyc_taxi_pipeline.py took 0.233 seconds
[2026-07-22T07:59:28.803+0000] {processor.py:161} INFO - Started process (PID=915) to work on /opt/airflow/dags/nyc_taxi_pipeline.py
[2026-07-22T07:59:28.806+0000] {processor.py:830} INFO - Processing file /opt/airflow/dags/nyc_taxi_pipeline.py for tasks to queue
[2026-07-22T07:59:28.809+0000] {logging_mixin.py:188} INFO - [2026-07-22T07:59:28.809+0000] {dagbag.py:540} INFO - Filling up the DagBag from /opt/airflow/dags/nyc_taxi_pipeline.py
[2026-07-22T07:59:28.849+0000] {processor.py:840} INFO - DAG(s) 'nyc_taxi_pipeline' retrieved from /opt/airflow/dags/nyc_taxi_pipeline.py
[2026-07-22T07:59:28.998+0000] {logging_mixin.py:188} INFO - [2026-07-22T07:59:28.998+0000] {dag.py:3096} INFO - Sync 1 DAGs
[2026-07-22T07:59:29.021+0000] {logging_mixin.py:188} INFO - [2026-07-22T07:59:29.021+0000] {dag.py:3954} INFO - Setting next_dagrun for nyc_taxi_pipeline to None, run_after=None
[2026-07-22T07:59:29.060+0000] {processor.py:183} INFO - Processing /opt/airflow/dags/nyc_taxi_pipeline.py took 0.268 seconds
[2026-07-22T07:59:59.330+0000] {processor.py:161} INFO - Started process (PID=920) to work on /opt/airflow/dags/nyc_taxi_pipeline.py
[2026-07-22T07:59:59.332+0000] {processor.py:830} INFO - Processing file /opt/airflow/dags/nyc_taxi_pipeline.py for tasks to queue
[2026-07-22T07:59:59.335+0000] {logging_mixin.py:188} INFO - [2026-07-22T07:59:59.334+0000] {dagbag.py:540} INFO - Filling up the DagBag from /opt/airflow/dags/nyc_taxi_pipeline.py
[2026-07-22T07:59:59.376+0000] {processor.py:840} INFO - DAG(s) 'nyc_taxi_pipeline' retrieved from /opt/airflow/dags/nyc_taxi_pipeline.py
[2026-07-22T07:59:59.483+0000] {logging_mixin.py:188} INFO - [2026-07-22T07:59:59.482+0000] {dag.py:3096} INFO - Sync 1 DAGs
[2026-07-22T07:59:59.511+0000] {logging_mixin.py:188} INFO - [2026-07-22T07:59:59.511+0000] {dag.py:3954} INFO - Setting next_dagrun for nyc_taxi_pipeline to None, run_after=None
[2026-07-22T07:59:59.566+0000] {processor.py:183} INFO - Processing /opt/airflow/dags/nyc_taxi_pipeline.py took 0.247 seconds
[2026-07-22T08:00:29.897+0000] {processor.py:161} INFO - Started process (PID=925) to work on /opt/airflow/dags/nyc_taxi_pipeline.py
[2026-07-22T08:00:29.907+0000] {processor.py:830} INFO - Processing file /opt/airflow/dags/nyc_taxi_pipeline.py for tasks to queue
[2026-07-22T08:00:29.957+0000] {logging_mixin.py:188} INFO - [2026-07-22T08:00:29.956+0000] {dagbag.py:540} INFO - Filling up the DagBag from /opt/airflow/dags/nyc_taxi_pipeline.py
[2026-07-22T08:00:29.990+0000] {processor.py:840} INFO - DAG(s) 'nyc_taxi_pipeline' retrieved from /opt/airflow/dags/nyc_taxi_pipeline.py
[2026-07-22T08:00:30.213+0000] {logging_mixin.py:188} INFO - [2026-07-22T08:00:30.212+0000] {dag.py:3096} INFO - Sync 1 DAGs
[2026-07-22T08:00:30.244+0000] {logging_mixin.py:188} INFO - [2026-07-22T08:00:30.244+0000] {dag.py:3954} INFO - Setting next_dagrun for nyc_taxi_pipeline to None, run_after=None
[2026-07-22T08:00:30.313+0000] {processor.py:183} INFO - Processing /opt/airflow/dags/nyc_taxi_pipeline.py took 0.427 seconds
[2026-07-22T08:01:00.794+0000] {processor.py:161} INFO - Started process (PID=930) to work on /opt/airflow/dags/nyc_taxi_pipeline.py
[2026-07-22T08:01:00.796+0000] {processor.py:830} INFO - Processing file /opt/airflow/dags/nyc_taxi_pipeline.py for tasks to queue
[2026-07-22T08:01:00.799+0000] {logging_mixin.py:188} INFO - [2026-07-22T08:01:00.799+0000] {dagbag.py:540} INFO - Filling up the DagBag from /opt/airflow/dags/nyc_taxi_pipeline.py
[2026-07-22T08:01:00.828+0000] {processor.py:840} INFO - DAG(s) 'nyc_taxi_pipeline' retrieved from /opt/airflow/dags/nyc_taxi_pipeline.py
[2026-07-22T08:01:00.935+0000] {logging_mixin.py:188} INFO - [2026-07-22T08:01:00.935+0000] {dag.py:3096} INFO - Sync 1 DAGs
[2026-07-22T08:01:00.961+0000] {logging_mixin.py:188} INFO - [2026-07-22T08:01:00.961+0000] {dag.py:3954} INFO - Setting next_dagrun for nyc_taxi_pipeline to None, run_after=None
[2026-07-22T08:01:01.011+0000] {processor.py:183} INFO - Processing /opt/airflow/dags/nyc_taxi_pipeline.py took 0.227 seconds
[2026-07-22T08:01:31.283+0000] {processor.py:161} INFO - Started process (PID=935) to work on /opt/airflow/dags/nyc_taxi_pipeline.py
[2026-07-22T08:01:31.286+0000] {processor.py:830} INFO - Processing file /opt/airflow/dags/nyc_taxi_pipeline.py for tasks to queue
[2026-07-22T08:01:31.291+0000] {logging_mixin.py:188} INFO - [2026-07-22T08:01:31.290+0000] {dagbag.py:540} INFO - Filling up the DagBag from /opt/airflow/dags/nyc_taxi_pipeline.py
[2026-07-22T08:01:31.325+0000] {processor.py:840} INFO - DAG(s) 'nyc_taxi_pipeline' retrieved from /opt/airflow/dags/nyc_taxi_pipeline.py
[2026-07-22T08:01:31.425+0000] {logging_mixin.py:188} INFO - [2026-07-22T08:01:31.424+0000] {dag.py:3096} INFO - Sync 1 DAGs
[2026-07-22T08:01:31.448+0000] {logging_mixin.py:188} INFO - [2026-07-22T08:01:31.448+0000] {dag.py:3954} INFO - Setting next_dagrun for nyc_taxi_pipeline to None, run_after=None
[2026-07-22T08:01:31.495+0000] {processor.py:183} INFO - Processing /opt/airflow/dags/nyc_taxi_pipeline.py took 0.224 seconds
[2026-07-22T08:02:01.917+0000] {processor.py:161} INFO - Started process (PID=940) to work on /opt/airflow/dags/nyc_taxi_pipeline.py
[2026-07-22T08:02:01.919+0000] {processor.py:830} INFO - Processing file /opt/airflow/dags/nyc_taxi_pipeline.py for tasks to queue
[2026-07-22T08:02:01.922+0000] {logging_mixin.py:188} INFO - [2026-07-22T08:02:01.921+0000] {dagbag.py:540} INFO - Filling up the DagBag from /opt/airflow/dags/nyc_taxi_pipeline.py
[2026-07-22T08:02:01.953+0000] {processor.py:840} INFO - DAG(s) 'nyc_taxi_pipeline' retrieved from /opt/airflow/dags/nyc_taxi_pipeline.py
[2026-07-22T08:02:02.093+0000] {logging_mixin.py:188} INFO - [2026-07-22T08:02:02.092+0000] {dag.py:3096} INFO - Sync 1 DAGs
[2026-07-22T08:02:02.134+0000] {logging_mixin.py:188} INFO - [2026-07-22T08:02:02.134+0000] {dag.py:3954} INFO - Setting next_dagrun for nyc_taxi_pipeline to None, run_after=None
[2026-07-22T08:02:02.180+0000] {processor.py:183} INFO - Processing /opt/airflow/dags/nyc_taxi_pipeline.py took 0.272 seconds
[2026-07-22T08:02:32.407+0000] {processor.py:161} INFO - Started process (PID=945) to work on /opt/airflow/dags/nyc_taxi_pipeline.py
[2026-07-22T08:02:32.409+0000] {processor.py:830} INFO - Processing file /opt/airflow/dags/nyc_taxi_pipeline.py for tasks to queue
[2026-07-22T08:02:32.415+0000] {logging_mixin.py:188} INFO - [2026-07-22T08:02:32.414+0000] {dagbag.py:540} INFO - Filling up the DagBag from /opt/airflow/dags/nyc_taxi_pipeline.py
[2026-07-22T08:02:32.440+0000] {processor.py:840} INFO - DAG(s) 'nyc_taxi_pipeline' retrieved from /opt/airflow/dags/nyc_taxi_pipeline.py
[2026-07-22T08:02:32.582+0000] {logging_mixin.py:188} INFO - [2026-07-22T08:02:32.581+0000] {dag.py:3096} INFO - Sync 1 DAGs
[2026-07-22T08:02:32.618+0000] {logging_mixin.py:188} INFO - [2026-07-22T08:02:32.617+0000] {dag.py:3954} INFO - Setting next_dagrun for nyc_taxi_pipeline to None, run_after=None
[2026-07-22T08:02:32.662+0000] {processor.py:183} INFO - Processing /opt/airflow/dags/nyc_taxi_pipeline.py took 0.265 seconds
[2026-07-22T08:03:03.048+0000] {processor.py:161} INFO - Started process (PID=950) to work on /opt/airflow/dags/nyc_taxi_pipeline.py
[2026-07-22T08:03:03.050+0000] {processor.py:830} INFO - Processing file /opt/airflow/dags/nyc_taxi_pipeline.py for tasks to queue
[2026-07-22T08:03:03.054+0000] {logging_mixin.py:188} INFO - [2026-07-22T08:03:03.054+0000] {dagbag.py:540} INFO - Filling up the DagBag from /opt/airflow/dags/nyc_taxi_pipeline.py
[2026-07-22T08:03:03.082+0000] {processor.py:840} INFO - DAG(s) 'nyc_taxi_pipeline' retrieved from /opt/airflow/dags/nyc_taxi_pipeline.py
[2026-07-22T08:03:03.178+0000] {logging_mixin.py:188} INFO - [2026-07-22T08:03:03.177+0000] {dag.py:3096} INFO - Sync 1 DAGs
[2026-07-22T08:03:03.199+0000] {logging_mixin.py:188} INFO - [2026-07-22T08:03:03.199+0000] {dag.py:3954} INFO - Setting next_dagrun for nyc_taxi_pipeline to None, run_after=None
[2026-07-22T08:03:03.244+0000] {processor.py:183} INFO - Processing /opt/airflow/dags/nyc_taxi_pipeline.py took 0.204 seconds
[2026-07-22T08:03:33.576+0000] {processor.py:161} INFO - Started process (PID=955) to work on /opt/airflow/dags/nyc_taxi_pipeline.py
[2026-07-22T08:03:33.579+0000] {processor.py:830} INFO - Processing file /opt/airflow/dags/nyc_taxi_pipeline.py for tasks to queue
[2026-07-22T08:03:33.584+0000] {logging_mixin.py:188} INFO - [2026-07-22T08:03:33.583+0000] {dagbag.py:540} INFO - Filling up the DagBag from /opt/airflow/dags/nyc_taxi_pipeline.py
[2026-07-22T08:03:33.622+0000] {processor.py:840} INFO - DAG(s) 'nyc_taxi_pipeline' retrieved from /opt/airflow/dags/nyc_taxi_pipeline.py
[2026-07-22T08:03:33.716+0000] {logging_mixin.py:188} INFO - [2026-07-22T08:03:33.716+0000] {dag.py:3096} INFO - Sync 1 DAGs
[2026-07-22T08:03:33.738+0000] {logging_mixin.py:188} INFO - [2026-07-22T08:03:33.738+0000] {dag.py:3954} INFO - Setting next_dagrun for nyc_taxi_pipeline to None, run_after=None
[2026-07-22T08:03:33.786+0000] {processor.py:183} INFO - Processing /opt/airflow/dags/nyc_taxi_pipeline.py took 0.219 seconds
[2026-07-22T08:04:04.257+0000] {processor.py:161} INFO - Started process (PID=960) to work on /opt/airflow/dags/nyc_taxi_pipeline.py
[2026-07-22T08:04:04.260+0000] {processor.py:830} INFO - Processing file /opt/airflow/dags/nyc_taxi_pipeline.py for tasks to queue
[2026-07-22T08:04:04.264+0000] {logging_mixin.py:188} INFO - [2026-07-22T08:04:04.264+0000] {dagbag.py:540} INFO - Filling up the DagBag from /opt/airflow/dags/nyc_taxi_pipeline.py
[2026-07-22T08:04:04.291+0000] {processor.py:840} INFO - DAG(s) 'nyc_taxi_pipeline' retrieved from /opt/airflow/dags/nyc_taxi_pipeline.py
[2026-07-22T08:04:04.377+0000] {logging_mixin.py:188} INFO - [2026-07-22T08:04:04.377+0000] {dag.py:3096} INFO - Sync 1 DAGs
[2026-07-22T08:04:04.404+0000] {logging_mixin.py:188} INFO - [2026-07-22T08:04:04.404+0000] {dag.py:3954} INFO - Setting next_dagrun for nyc_taxi_pipeline to None, run_after=None
[2026-07-22T08:04:04.447+0000] {processor.py:183} INFO - Processing /opt/airflow/dags/nyc_taxi_pipeline.py took 0.199 seconds
[2026-07-22T08:04:34.818+0000] {processor.py:161} INFO - Started process (PID=965) to work on /opt/airflow/dags/nyc_taxi_pipeline.py
[2026-07-22T08:04:34.820+0000] {processor.py:830} INFO - Processing file /opt/airflow/dags/nyc_taxi_pipeline.py for tasks to queue
[2026-07-22T08:04:34.823+0000] {logging_mixin.py:188} INFO - [2026-07-22T08:04:34.822+0000] {dagbag.py:540} INFO - Filling up the DagBag from /opt/airflow/dags/nyc_taxi_pipeline.py
[2026-07-22T08:04:34.854+0000] {processor.py:840} INFO - DAG(s) 'nyc_taxi_pipeline' retrieved from /opt/airflow/dags/nyc_taxi_pipeline.py
[2026-07-22T08:04:35.061+0000] {logging_mixin.py:188} INFO - [2026-07-22T08:04:35.061+0000] {dag.py:3096} INFO - Sync 1 DAGs
[2026-07-22T08:04:35.085+0000] {logging_mixin.py:188} INFO - [2026-07-22T08:04:35.085+0000] {dag.py:3954} INFO - Setting next_dagrun for nyc_taxi_pipeline to None, run_after=None
[2026-07-22T08:04:35.142+0000] {processor.py:183} INFO - Processing /opt/airflow/dags/nyc_taxi_pipeline.py took 0.331 seconds
[2026-07-22T08:05:05.333+0000] {processor.py:161} INFO - Started process (PID=970) to work on /opt/airflow/dags/nyc_taxi_pipeline.py
[2026-07-22T08:05:05.335+0000] {processor.py:830} INFO - Processing file /opt/airflow/dags/nyc_taxi_pipeline.py for tasks to queue
[2026-07-22T08:05:05.338+0000] {logging_mixin.py:188} INFO - [2026-07-22T08:05:05.337+0000] {dagbag.py:540} INFO - Filling up the DagBag from /opt/airflow/dags/nyc_taxi_pipeline.py
[2026-07-22T08:05:05.363+0000] {processor.py:840} INFO - DAG(s) 'nyc_taxi_pipeline' retrieved from /opt/airflow/dags/nyc_taxi_pipeline.py
[2026-07-22T08:05:05.462+0000] {logging_mixin.py:188} INFO - [2026-07-22T08:05:05.461+0000] {dag.py:3096} INFO - Sync 1 DAGs
[2026-07-22T08:05:05.484+0000] {logging_mixin.py:188} INFO - [2026-07-22T08:05:05.484+0000] {dag.py:3954} INFO - Setting next_dagrun for nyc_taxi_pipeline to None, run_after=None
[2026-07-22T08:05:05.529+0000] {processor.py:183} INFO - Processing /opt/airflow/dags/nyc_taxi_pipeline.py took 0.204 seconds
[2026-07-22T08:05:35.789+0000] {processor.py:161} INFO - Started process (PID=975) to work on /opt/airflow/dags/nyc_taxi_pipeline.py
[2026-07-22T08:05:35.791+0000] {processor.py:830} INFO - Processing file /opt/airflow/dags/nyc_taxi_pipeline.py for tasks to queue
[2026-07-22T08:05:35.795+0000] {logging_mixin.py:188} INFO - [2026-07-22T08:05:35.795+0000] {dagbag.py:540} INFO - Filling up the DagBag from /opt/airflow/dags/nyc_taxi_pipeline.py
[2026-07-22T08:05:35.831+0000] {processor.py:840} INFO - DAG(s) 'nyc_taxi_pipeline' retrieved from /opt/airflow/dags/nyc_taxi_pipeline.py
[2026-07-22T08:05:36.045+0000] {logging_mixin.py:188} INFO - [2026-07-22T08:05:36.045+0000] {dag.py:3096} INFO - Sync 1 DAGs
[2026-07-22T08:05:36.072+0000] {logging_mixin.py:188} INFO - [2026-07-22T08:05:36.071+0000] {dag.py:3954} INFO - Setting next_dagrun for nyc_taxi_pipeline to None, run_after=None
[2026-07-22T08:05:36.124+0000] {processor.py:183} INFO - Processing /opt/airflow/dags/nyc_taxi_pipeline.py took 0.344 seconds
[2026-07-22T08:06:06.424+0000] {processor.py:161} INFO - Started process (PID=980) to work on /opt/airflow/dags/nyc_taxi_pipeline.py
[2026-07-22T08:06:06.426+0000] {processor.py:830} INFO - Processing file /opt/airflow/dags/nyc_taxi_pipeline.py for tasks to queue
[2026-07-22T08:06:06.429+0000] {logging_mixin.py:188} INFO - [2026-07-22T08:06:06.429+0000] {dagbag.py:540} INFO - Filling up the DagBag from /opt/airflow/dags/nyc_taxi_pipeline.py
[2026-07-22T08:06:06.458+0000] {processor.py:840} INFO - DAG(s) 'nyc_taxi_pipeline' retrieved from /opt/airflow/dags/nyc_taxi_pipeline.py
[2026-07-22T08:06:06.565+0000] {logging_mixin.py:188} INFO - [2026-07-22T08:06:06.564+0000] {dag.py:3096} INFO - Sync 1 DAGs
[2026-07-22T08:06:06.592+0000] {logging_mixin.py:188} INFO - [2026-07-22T08:06:06.592+0000] {dag.py:3954} INFO - Setting next_dagrun for nyc_taxi_pipeline to None, run_after=None
[2026-07-22T08:06:06.642+0000] {processor.py:183} INFO - Processing /opt/airflow/dags/nyc_taxi_pipeline.py took 0.227 seconds
[2026-07-22T08:06:37.037+0000] {processor.py:161} INFO - Started process (PID=985) to work on /opt/airflow/dags/nyc_taxi_pipeline.py
[2026-07-22T08:06:37.039+0000] {processor.py:830} INFO - Processing file /opt/airflow/dags/nyc_taxi_pipeline.py for tasks to queue
[2026-07-22T08:06:37.043+0000] {logging_mixin.py:188} INFO - [2026-07-22T08:06:37.042+0000] {dagbag.py:540} INFO - Filling up the DagBag from /opt/airflow/dags/nyc_taxi_pipeline.py
[2026-07-22T08:06:37.078+0000] {processor.py:840} INFO - DAG(s) 'nyc_taxi_pipeline' retrieved from /opt/airflow/dags/nyc_taxi_pipeline.py
[2026-07-22T08:06:37.166+0000] {logging_mixin.py:188} INFO - [2026-07-22T08:06:37.165+0000] {dag.py:3096} INFO - Sync 1 DAGs
[2026-07-22T08:06:37.188+0000] {logging_mixin.py:188} INFO - [2026-07-22T08:06:37.187+0000] {dag.py:3954} INFO - Setting next_dagrun for nyc_taxi_pipeline to None, run_after=None
[2026-07-22T08:06:37.234+0000] {processor.py:183} INFO - Processing /opt/airflow/dags/nyc_taxi_pipeline.py took 0.208 seconds
[2026-07-22T08:07:07.481+0000] {processor.py:161} INFO - Started process (PID=990) to work on /opt/airflow/dags/nyc_taxi_pipeline.py
[2026-07-22T08:07:07.485+0000] {processor.py:830} INFO - Processing file /opt/airflow/dags/nyc_taxi_pipeline.py for tasks to queue
[2026-07-22T08:07:07.488+0000] {logging_mixin.py:188} INFO - [2026-07-22T08:07:07.488+0000] {dagbag.py:540} INFO - Filling up the DagBag from /opt/airflow/dags/nyc_taxi_pipeline.py
[2026-07-22T08:07:07.522+0000] {processor.py:840} INFO - DAG(s) 'nyc_taxi_pipeline' retrieved from /opt/airflow/dags/nyc_taxi_pipeline.py
[2026-07-22T08:07:07.632+0000] {logging_mixin.py:188} INFO - [2026-07-22T08:07:07.632+0000] {dag.py:3096} INFO - Sync 1 DAGs
[2026-07-22T08:07:07.656+0000] {logging_mixin.py:188} INFO - [2026-07-22T08:07:07.656+0000] {dag.py:3954} INFO - Setting next_dagrun for nyc_taxi_pipeline to None, run_after=None
[2026-07-22T08:07:07.703+0000] {processor.py:183} INFO - Processing /opt/airflow/dags/nyc_taxi_pipeline.py took 0.234 seconds
[2026-07-22T08:07:38.116+0000] {processor.py:161} INFO - Started process (PID=995) to work on /opt/airflow/dags/nyc_taxi_pipeline.py
[2026-07-22T08:07:38.139+0000] {processor.py:830} INFO - Processing file /opt/airflow/dags/nyc_taxi_pipeline.py for tasks to queue
[2026-07-22T08:07:38.146+0000] {logging_mixin.py:188} INFO - [2026-07-22T08:07:38.145+0000] {dagbag.py:540} INFO - Filling up the DagBag from /opt/airflow/dags/nyc_taxi_pipeline.py
[2026-07-22T08:07:38.177+0000] {processor.py:840} INFO - DAG(s) 'nyc_taxi_pipeline' retrieved from /opt/airflow/dags/nyc_taxi_pipeline.py
[2026-07-22T08:07:38.261+0000] {logging_mixin.py:188} INFO - [2026-07-22T08:07:38.260+0000] {dag.py:3096} INFO - Sync 1 DAGs
[2026-07-22T08:07:38.282+0000] {logging_mixin.py:188} INFO - [2026-07-22T08:07:38.281+0000] {dag.py:3954} INFO - Setting next_dagrun for nyc_taxi_pipeline to None, run_after=None
[2026-07-22T08:07:38.323+0000] {processor.py:183} INFO - Processing /opt/airflow/dags/nyc_taxi_pipeline.py took 0.218 seconds
[2026-07-22T08:08:08.599+0000] {processor.py:161} INFO - Started process (PID=1000) to work on /opt/airflow/dags/nyc_taxi_pipeline.py
[2026-07-22T08:08:08.601+0000] {processor.py:830} INFO - Processing file /opt/airflow/dags/nyc_taxi_pipeline.py for tasks to queue
[2026-07-22T08:08:08.604+0000] {logging_mixin.py:188} INFO - [2026-07-22T08:08:08.604+0000] {dagbag.py:540} INFO - Filling up the DagBag from /opt/airflow/dags/nyc_taxi_pipeline.py
[2026-07-22T08:08:08.635+0000] {processor.py:840} INFO - DAG(s) 'nyc_taxi_pipeline' retrieved from /opt/airflow/dags/nyc_taxi_pipeline.py
[2026-07-22T08:08:08.731+0000] {logging_mixin.py:188} INFO - [2026-07-22T08:08:08.731+0000] {dag.py:3096} INFO - Sync 1 DAGs
[2026-07-22T08:08:08.756+0000] {logging_mixin.py:188} INFO - [2026-07-22T08:08:08.755+0000] {dag.py:3954} INFO - Setting next_dagrun for nyc_taxi_pipeline to None, run_after=None
[2026-07-22T08:08:08.802+0000] {processor.py:183} INFO - Processing /opt/airflow/dags/nyc_taxi_pipeline.py took 0.213 seconds
[2026-07-22T08:08:39.356+0000] {processor.py:161} INFO - Started process (PID=1005) to work on /opt/airflow/dags/nyc_taxi_pipeline.py
[2026-07-22T08:08:39.358+0000] {processor.py:830} INFO - Processing file /opt/airflow/dags/nyc_taxi_pipeline.py for tasks to queue
[2026-07-22T08:08:39.362+0000] {logging_mixin.py:188} INFO - [2026-07-22T08:08:39.362+0000] {dagbag.py:540} INFO - Filling up the DagBag from /opt/airflow/dags/nyc_taxi_pipeline.py
[2026-07-22T08:08:39.397+0000] {processor.py:840} INFO - DAG(s) 'nyc_taxi_pipeline' retrieved from /opt/airflow/dags/nyc_taxi_pipeline.py
[2026-07-22T08:08:39.492+0000] {logging_mixin.py:188} INFO - [2026-07-22T08:08:39.492+0000] {dag.py:3096} INFO - Sync 1 DAGs
[2026-07-22T08:08:39.516+0000] {logging_mixin.py:188} INFO - [2026-07-22T08:08:39.515+0000] {dag.py:3954} INFO - Setting next_dagrun for nyc_taxi_pipeline to None, run_after=None
[2026-07-22T08:08:39.559+0000] {processor.py:183} INFO - Processing /opt/airflow/dags/nyc_taxi_pipeline.py took 0.213 seconds
[2026-07-22T08:09:09.776+0000] {processor.py:161} INFO - Started process (PID=1010) to work on /opt/airflow/dags/nyc_taxi_pipeline.py
[2026-07-22T08:09:09.778+0000] {processor.py:830} INFO - Processing file /opt/airflow/dags/nyc_taxi_pipeline.py for tasks to queue
[2026-07-22T08:09:09.783+0000] {logging_mixin.py:188} INFO - [2026-07-22T08:09:09.782+0000] {dagbag.py:540} INFO - Filling up the DagBag from /opt/airflow/dags/nyc_taxi_pipeline.py
[2026-07-22T08:09:09.816+0000] {processor.py:840} INFO - DAG(s) 'nyc_taxi_pipeline' retrieved from /opt/airflow/dags/nyc_taxi_pipeline.py
[2026-07-22T08:09:09.927+0000] {logging_mixin.py:188} INFO - [2026-07-22T08:09:09.927+0000] {dag.py:3096} INFO - Sync 1 DAGs
[2026-07-22T08:09:09.955+0000] {logging_mixin.py:188} INFO - [2026-07-22T08:09:09.955+0000] {dag.py:3954} INFO - Setting next_dagrun for nyc_taxi_pipeline to None, run_after=None
[2026-07-22T08:09:10.012+0000] {processor.py:183} INFO - Processing /opt/airflow/dags/nyc_taxi_pipeline.py took 0.247 seconds
[2026-07-22T08:09:40.554+0000] {processor.py:161} INFO - Started process (PID=1015) to work on /opt/airflow/dags/nyc_taxi_pipeline.py
[2026-07-22T08:09:40.556+0000] {processor.py:830} INFO - Processing file /opt/airflow/dags/nyc_taxi_pipeline.py for tasks to queue
[2026-07-22T08:09:40.559+0000] {logging_mixin.py:188} INFO - [2026-07-22T08:09:40.559+0000] {dagbag.py:540} INFO - Filling up the DagBag from /opt/airflow/dags/nyc_taxi_pipeline.py
[2026-07-22T08:09:40.589+0000] {processor.py:840} INFO - DAG(s) 'nyc_taxi_pipeline' retrieved from /opt/airflow/dags/nyc_taxi_pipeline.py
[2026-07-22T08:09:40.692+0000] {logging_mixin.py:188} INFO - [2026-07-22T08:09:40.692+0000] {dag.py:3096} INFO - Sync 1 DAGs
[2026-07-22T08:09:40.715+0000] {logging_mixin.py:188} INFO - [2026-07-22T08:09:40.715+0000] {dag.py:3954} INFO - Setting next_dagrun for nyc_taxi_pipeline to None, run_after=None
[2026-07-22T08:09:40.763+0000] {processor.py:183} INFO - Processing /opt/airflow/dags/nyc_taxi_pipeline.py took 0.218 seconds
[2026-07-22T08:10:11.010+0000] {processor.py:161} INFO - Started process (PID=1020) to work on /opt/airflow/dags/nyc_taxi_pipeline.py
[2026-07-22T08:10:11.012+0000] {processor.py:830} INFO - Processing file /opt/airflow/dags/nyc_taxi_pipeline.py for tasks to queue
[2026-07-22T08:10:11.016+0000] {logging_mixin.py:188} INFO - [2026-07-22T08:10:11.015+0000] {dagbag.py:540} INFO - Filling up the DagBag from /opt/airflow/dags/nyc_taxi_pipeline.py
[2026-07-22T08:10:11.045+0000] {processor.py:840} INFO - DAG(s) 'nyc_taxi_pipeline' retrieved from /opt/airflow/dags/nyc_taxi_pipeline.py
[2026-07-22T08:10:11.153+0000] {logging_mixin.py:188} INFO - [2026-07-22T08:10:11.153+0000] {dag.py:3096} INFO - Sync 1 DAGs
[2026-07-22T08:10:11.180+0000] {logging_mixin.py:188} INFO - [2026-07-22T08:10:11.180+0000] {dag.py:3954} INFO - Setting next_dagrun for nyc_taxi_pipeline to None, run_after=None
[2026-07-22T08:10:11.234+0000] {processor.py:183} INFO - Processing /opt/airflow/dags/nyc_taxi_pipeline.py took 0.232 seconds
[2026-07-22T08:10:41.903+0000] {processor.py:161} INFO - Started process (PID=1025) to work on /opt/airflow/dags/nyc_taxi_pipeline.py
[2026-07-22T08:10:41.905+0000] {processor.py:830} INFO - Processing file /opt/airflow/dags/nyc_taxi_pipeline.py for tasks to queue
[2026-07-22T08:10:41.909+0000] {logging_mixin.py:188} INFO - [2026-07-22T08:10:41.908+0000] {dagbag.py:540} INFO - Filling up the DagBag from /opt/airflow/dags/nyc_taxi_pipeline.py
[2026-07-22T08:10:41.936+0000] {processor.py:840} INFO - DAG(s) 'nyc_taxi_pipeline' retrieved from /opt/airflow/dags/nyc_taxi_pipeline.py
[2026-07-22T08:10:42.028+0000] {logging_mixin.py:188} INFO - [2026-07-22T08:10:42.028+0000] {dag.py:3096} INFO - Sync 1 DAGs
[2026-07-22T08:10:42.051+0000] {logging_mixin.py:188} INFO - [2026-07-22T08:10:42.051+0000] {dag.py:3954} INFO - Setting next_dagrun for nyc_taxi_pipeline to None, run_after=None
[2026-07-22T08:10:42.099+0000] {processor.py:183} INFO - Processing /opt/airflow/dags/nyc_taxi_pipeline.py took 0.206 seconds
[2026-07-22T08:11:12.506+0000] {processor.py:161} INFO - Started process (PID=1030) to work on /opt/airflow/dags/nyc_taxi_pipeline.py
[2026-07-22T08:11:12.508+0000] {processor.py:830} INFO - Processing file /opt/airflow/dags/nyc_taxi_pipeline.py for tasks to queue
[2026-07-22T08:11:12.511+0000] {logging_mixin.py:188} INFO - [2026-07-22T08:11:12.511+0000] {dagbag.py:540} INFO - Filling up the DagBag from /opt/airflow/dags/nyc_taxi_pipeline.py
[2026-07-22T08:11:12.540+0000] {processor.py:840} INFO - DAG(s) 'nyc_taxi_pipeline' retrieved from /opt/airflow/dags/nyc_taxi_pipeline.py
[2026-07-22T08:11:12.632+0000] {logging_mixin.py:188} INFO - [2026-07-22T08:11:12.632+0000] {dag.py:3096} INFO - Sync 1 DAGs
[2026-07-22T08:11:12.655+0000] {logging_mixin.py:188} INFO - [2026-07-22T08:11:12.654+0000] {dag.py:3954} INFO - Setting next_dagrun for nyc_taxi_pipeline to None, run_after=None
[2026-07-22T08:11:12.702+0000] {processor.py:183} INFO - Processing /opt/airflow/dags/nyc_taxi_pipeline.py took 0.204 seconds
[2026-07-22T08:11:43.164+0000] {processor.py:161} INFO - Started process (PID=1035) to work on /opt/airflow/dags/nyc_taxi_pipeline.py
[2026-07-22T08:11:43.166+0000] {processor.py:830} INFO - Processing file /opt/airflow/dags/nyc_taxi_pipeline.py for tasks to queue
[2026-07-22T08:11:43.170+0000] {logging_mixin.py:188} INFO - [2026-07-22T08:11:43.169+0000] {dagbag.py:540} INFO - Filling up the DagBag from /opt/airflow/dags/nyc_taxi_pipeline.py
[2026-07-22T08:11:43.200+0000] {processor.py:840} INFO - DAG(s) 'nyc_taxi_pipeline' retrieved from /opt/airflow/dags/nyc_taxi_pipeline.py
[2026-07-22T08:11:43.294+0000] {logging_mixin.py:188} INFO - [2026-07-22T08:11:43.294+0000] {dag.py:3096} INFO - Sync 1 DAGs
[2026-07-22T08:11:43.318+0000] {logging_mixin.py:188} INFO - [2026-07-22T08:11:43.318+0000] {dag.py:3954} INFO - Setting next_dagrun for nyc_taxi_pipeline to None, run_after=None
[2026-07-22T08:11:43.361+0000] {processor.py:183} INFO - Processing /opt/airflow/dags/nyc_taxi_pipeline.py took 0.205 seconds
[2026-07-22T08:12:13.766+0000] {processor.py:161} INFO - Started process (PID=1040) to work on /opt/airflow/dags/nyc_taxi_pipeline.py
[2026-07-22T08:12:13.768+0000] {processor.py:830} INFO - Processing file /opt/airflow/dags/nyc_taxi_pipeline.py for tasks to queue
[2026-07-22T08:12:13.771+0000] {logging_mixin.py:188} INFO - [2026-07-22T08:12:13.771+0000] {dagbag.py:540} INFO - Filling up the DagBag from /opt/airflow/dags/nyc_taxi_pipeline.py
[2026-07-22T08:12:13.799+0000] {processor.py:840} INFO - DAG(s) 'nyc_taxi_pipeline' retrieved from /opt/airflow/dags/nyc_taxi_pipeline.py
[2026-07-22T08:12:14.028+0000] {logging_mixin.py:188} INFO - [2026-07-22T08:12:14.028+0000] {dag.py:3096} INFO - Sync 1 DAGs
[2026-07-22T08:12:14.048+0000] {logging_mixin.py:188} INFO - [2026-07-22T08:12:14.048+0000] {dag.py:3954} INFO - Setting next_dagrun for nyc_taxi_pipeline to None, run_after=None
[2026-07-22T08:12:14.093+0000] {processor.py:183} INFO - Processing /opt/airflow/dags/nyc_taxi_pipeline.py took 0.333 seconds
[2026-07-22T08:12:44.327+0000] {processor.py:161} INFO - Started process (PID=1045) to work on /opt/airflow/dags/nyc_taxi_pipeline.py
[2026-07-22T08:12:44.330+0000] {processor.py:830} INFO - Processing file /opt/airflow/dags/nyc_taxi_pipeline.py for tasks to queue
[2026-07-22T08:12:44.334+0000] {logging_mixin.py:188} INFO - [2026-07-22T08:12:44.333+0000] {dagbag.py:540} INFO - Filling up the DagBag from /opt/airflow/dags/nyc_taxi_pipeline.py
[2026-07-22T08:12:44.372+0000] {processor.py:840} INFO - DAG(s) 'nyc_taxi_pipeline' retrieved from /opt/airflow/dags/nyc_taxi_pipeline.py
[2026-07-22T08:12:44.521+0000] {logging_mixin.py:188} INFO - [2026-07-22T08:12:44.521+0000] {dag.py:3096} INFO - Sync 1 DAGs
[2026-07-22T08:12:44.556+0000] {logging_mixin.py:188} INFO - [2026-07-22T08:12:44.555+0000] {dag.py:3954} INFO - Setting next_dagrun for nyc_taxi_pipeline to None, run_after=None
[2026-07-22T08:12:44.633+0000] {processor.py:183} INFO - Processing /opt/airflow/dags/nyc_taxi_pipeline.py took 0.315 seconds
[2026-07-22T08:13:15.045+0000] {processor.py:161} INFO - Started process (PID=1050) to work on /opt/airflow/dags/nyc_taxi_pipeline.py
[2026-07-22T08:13:15.047+0000] {processor.py:830} INFO - Processing file /opt/airflow/dags/nyc_taxi_pipeline.py for tasks to queue
[2026-07-22T08:13:15.051+0000] {logging_mixin.py:188} INFO - [2026-07-22T08:13:15.050+0000] {dagbag.py:540} INFO - Filling up the DagBag from /opt/airflow/dags/nyc_taxi_pipeline.py
[2026-07-22T08:13:15.088+0000] {processor.py:840} INFO - DAG(s) 'nyc_taxi_pipeline' retrieved from /opt/airflow/dags/nyc_taxi_pipeline.py
[2026-07-22T08:13:15.195+0000] {logging_mixin.py:188} INFO - [2026-07-22T08:13:15.195+0000] {dag.py:3096} INFO - Sync 1 DAGs
[2026-07-22T08:13:15.217+0000] {logging_mixin.py:188} INFO - [2026-07-22T08:13:15.216+0000] {dag.py:3954} INFO - Setting next_dagrun for nyc_taxi_pipeline to None, run_after=None
[2026-07-22T08:13:15.261+0000] {processor.py:183} INFO - Processing /opt/airflow/dags/nyc_taxi_pipeline.py took 0.228 seconds
[2026-07-22T08:13:45.465+0000] {processor.py:161} INFO - Started process (PID=1055) to work on /opt/airflow/dags/nyc_taxi_pipeline.py
[2026-07-22T08:13:45.467+0000] {processor.py:830} INFO - Processing file /opt/airflow/dags/nyc_taxi_pipeline.py for tasks to queue
[2026-07-22T08:13:45.471+0000] {logging_mixin.py:188} INFO - [2026-07-22T08:13:45.471+0000] {dagbag.py:540} INFO - Filling up the DagBag from /opt/airflow/dags/nyc_taxi_pipeline.py
[2026-07-22T08:13:45.498+0000] {processor.py:840} INFO - DAG(s) 'nyc_taxi_pipeline' retrieved from /opt/airflow/dags/nyc_taxi_pipeline.py
[2026-07-22T08:13:45.726+0000] {logging_mixin.py:188} INFO - [2026-07-22T08:13:45.726+0000] {dag.py:3096} INFO - Sync 1 DAGs
[2026-07-22T08:13:45.752+0000] {logging_mixin.py:188} INFO - [2026-07-22T08:13:45.752+0000] {dag.py:3954} INFO - Setting next_dagrun for nyc_taxi_pipeline to None, run_after=None
[2026-07-22T08:13:45.805+0000] {processor.py:183} INFO - Processing /opt/airflow/dags/nyc_taxi_pipeline.py took 0.351 seconds
[2026-07-22T08:14:16.132+0000] {processor.py:161} INFO - Started process (PID=1060) to work on /opt/airflow/dags/nyc_taxi_pipeline.py
[2026-07-22T08:14:16.134+0000] {processor.py:830} INFO - Processing file /opt/airflow/dags/nyc_taxi_pipeline.py for tasks to queue
[2026-07-22T08:14:16.137+0000] {logging_mixin.py:188} INFO - [2026-07-22T08:14:16.137+0000] {dagbag.py:540} INFO - Filling up the DagBag from /opt/airflow/dags/nyc_taxi_pipeline.py
[2026-07-22T08:14:16.167+0000] {processor.py:840} INFO - DAG(s) 'nyc_taxi_pipeline' retrieved from /opt/airflow/dags/nyc_taxi_pipeline.py
[2026-07-22T08:14:16.362+0000] {logging_mixin.py:188} INFO - [2026-07-22T08:14:16.362+0000] {dag.py:3096} INFO - Sync 1 DAGs
[2026-07-22T08:14:16.383+0000] {logging_mixin.py:188} INFO - [2026-07-22T08:14:16.383+0000] {dag.py:3954} INFO - Setting next_dagrun for nyc_taxi_pipeline to None, run_after=None
[2026-07-22T08:14:16.428+0000] {processor.py:183} INFO - Processing /opt/airflow/dags/nyc_taxi_pipeline.py took 0.303 seconds
[2026-07-22T08:14:46.755+0000] {processor.py:161} INFO - Started process (PID=1065) to work on /opt/airflow/dags/nyc_taxi_pipeline.py
[2026-07-22T08:14:46.758+0000] {processor.py:830} INFO - Processing file /opt/airflow/dags/nyc_taxi_pipeline.py for tasks to queue
[2026-07-22T08:14:46.761+0000] {logging_mixin.py:188} INFO - [2026-07-22T08:14:46.760+0000] {dagbag.py:540} INFO - Filling up the DagBag from /opt/airflow/dags/nyc_taxi_pipeline.py
[2026-07-22T08:14:46.794+0000] {processor.py:840} INFO - DAG(s) 'nyc_taxi_pipeline' retrieved from /opt/airflow/dags/nyc_taxi_pipeline.py
[2026-07-22T08:14:46.891+0000] {logging_mixin.py:188} INFO - [2026-07-22T08:14:46.891+0000] {dag.py:3096} INFO - Sync 1 DAGs
[2026-07-22T08:14:46.914+0000] {logging_mixin.py:188} INFO - [2026-07-22T08:14:46.913+0000] {dag.py:3954} INFO - Setting next_dagrun for nyc_taxi_pipeline to None, run_after=None
[2026-07-22T08:14:46.959+0000] {processor.py:183} INFO - Processing /opt/airflow/dags/nyc_taxi_pipeline.py took 0.211 seconds
[2026-07-22T08:15:17.325+0000] {processor.py:161} INFO - Started process (PID=1070) to work on /opt/airflow/dags/nyc_taxi_pipeline.py
[2026-07-22T08:15:17.327+0000] {processor.py:830} INFO - Processing file /opt/airflow/dags/nyc_taxi_pipeline.py for tasks to queue
[2026-07-22T08:15:17.331+0000] {logging_mixin.py:188} INFO - [2026-07-22T08:15:17.330+0000] {dagbag.py:540} INFO - Filling up the DagBag from /opt/airflow/dags/nyc_taxi_pipeline.py
[2026-07-22T08:15:17.373+0000] {processor.py:840} INFO - DAG(s) 'nyc_taxi_pipeline' retrieved from /opt/airflow/dags/nyc_taxi_pipeline.py
[2026-07-22T08:15:17.484+0000] {logging_mixin.py:188} INFO - [2026-07-22T08:15:17.483+0000] {dag.py:3096} INFO - Sync 1 DAGs
[2026-07-22T08:15:17.508+0000] {logging_mixin.py:188} INFO - [2026-07-22T08:15:17.507+0000] {dag.py:3954} INFO - Setting next_dagrun for nyc_taxi_pipeline to None, run_after=None
[2026-07-22T08:15:17.559+0000] {processor.py:183} INFO - Processing /opt/airflow/dags/nyc_taxi_pipeline.py took 0.242 seconds
[2026-07-22T08:15:48.023+0000] {processor.py:161} INFO - Started process (PID=1075) to work on /opt/airflow/dags/nyc_taxi_pipeline.py
[2026-07-22T08:15:48.026+0000] {processor.py:830} INFO - Processing file /opt/airflow/dags/nyc_taxi_pipeline.py for tasks to queue
[2026-07-22T08:15:48.030+0000] {logging_mixin.py:188} INFO - [2026-07-22T08:15:48.030+0000] {dagbag.py:540} INFO - Filling up the DagBag from /opt/airflow/dags/nyc_taxi_pipeline.py
[2026-07-22T08:15:48.064+0000] {processor.py:840} INFO - DAG(s) 'nyc_taxi_pipeline' retrieved from /opt/airflow/dags/nyc_taxi_pipeline.py
[2026-07-22T08:15:48.182+0000] {logging_mixin.py:188} INFO - [2026-07-22T08:15:48.181+0000] {dag.py:3096} INFO - Sync 1 DAGs
[2026-07-22T08:15:48.219+0000] {logging_mixin.py:188} INFO - [2026-07-22T08:15:48.219+0000] {dag.py:3954} INFO - Setting next_dagrun for nyc_taxi_pipeline to None, run_after=None
[2026-07-22T08:15:48.274+0000] {processor.py:183} INFO - Processing /opt/airflow/dags/nyc_taxi_pipeline.py took 0.259 seconds
[2026-07-22T08:16:18.673+0000] {processor.py:161} INFO - Started process (PID=1080) to work on /opt/airflow/dags/nyc_taxi_pipeline.py
[2026-07-22T08:16:18.675+0000] {processor.py:830} INFO - Processing file /opt/airflow/dags/nyc_taxi_pipeline.py for tasks to queue
[2026-07-22T08:16:18.678+0000] {logging_mixin.py:188} INFO - [2026-07-22T08:16:18.677+0000] {dagbag.py:540} INFO - Filling up the DagBag from /opt/airflow/dags/nyc_taxi_pipeline.py
[2026-07-22T08:16:18.703+0000] {processor.py:840} INFO - DAG(s) 'nyc_taxi_pipeline' retrieved from /opt/airflow/dags/nyc_taxi_pipeline.py
[2026-07-22T08:16:18.805+0000] {logging_mixin.py:188} INFO - [2026-07-22T08:16:18.804+0000] {dag.py:3096} INFO - Sync 1 DAGs
[2026-07-22T08:16:18.829+0000] {logging_mixin.py:188} INFO - [2026-07-22T08:16:18.829+0000] {dag.py:3954} INFO - Setting next_dagrun for nyc_taxi_pipeline to None, run_after=None
[2026-07-22T08:16:18.876+0000] {processor.py:183} INFO - Processing /opt/airflow/dags/nyc_taxi_pipeline.py took 0.211 seconds
[2026-07-22T08:16:49.382+0000] {processor.py:161} INFO - Started process (PID=1085) to work on /opt/airflow/dags/nyc_taxi_pipeline.py
[2026-07-22T08:16:49.383+0000] {processor.py:830} INFO - Processing file /opt/airflow/dags/nyc_taxi_pipeline.py for tasks to queue
[2026-07-22T08:16:49.386+0000] {logging_mixin.py:188} INFO - [2026-07-22T08:16:49.386+0000] {dagbag.py:540} INFO - Filling up the DagBag from /opt/airflow/dags/nyc_taxi_pipeline.py
[2026-07-22T08:16:49.409+0000] {processor.py:840} INFO - DAG(s) 'nyc_taxi_pipeline' retrieved from /opt/airflow/dags/nyc_taxi_pipeline.py
[2026-07-22T08:16:49.511+0000] {logging_mixin.py:188} INFO - [2026-07-22T08:16:49.511+0000] {dag.py:3096} INFO - Sync 1 DAGs
[2026-07-22T08:16:49.532+0000] {logging_mixin.py:188} INFO - [2026-07-22T08:16:49.532+0000] {dag.py:3954} INFO - Setting next_dagrun for nyc_taxi_pipeline to None, run_after=None
[2026-07-22T08:16:49.576+0000] {processor.py:183} INFO - Processing /opt/airflow/dags/nyc_taxi_pipeline.py took 0.204 seconds
[2026-07-22T08:17:20.023+0000] {processor.py:161} INFO - Started process (PID=1090) to work on /opt/airflow/dags/nyc_taxi_pipeline.py
[2026-07-22T08:17:20.025+0000] {processor.py:830} INFO - Processing file /opt/airflow/dags/nyc_taxi_pipeline.py for tasks to queue
[2026-07-22T08:17:20.028+0000] {logging_mixin.py:188} INFO - [2026-07-22T08:17:20.027+0000] {dagbag.py:540} INFO - Filling up the DagBag from /opt/airflow/dags/nyc_taxi_pipeline.py
[2026-07-22T08:17:20.057+0000] {processor.py:840} INFO - DAG(s) 'nyc_taxi_pipeline' retrieved from /opt/airflow/dags/nyc_taxi_pipeline.py
[2026-07-22T08:17:20.158+0000] {logging_mixin.py:188} INFO - [2026-07-22T08:17:20.158+0000] {dag.py:3096} INFO - Sync 1 DAGs
[2026-07-22T08:17:20.179+0000] {logging_mixin.py:188} INFO - [2026-07-22T08:17:20.179+0000] {dag.py:3954} INFO - Setting next_dagrun for nyc_taxi_pipeline to None, run_after=None
[2026-07-22T08:17:20.221+0000] {processor.py:183} INFO - Processing /opt/airflow/dags/nyc_taxi_pipeline.py took 0.210 seconds
[2026-07-22T08:17:50.725+0000] {processor.py:161} INFO - Started process (PID=1095) to work on /opt/airflow/dags/nyc_taxi_pipeline.py
[2026-07-22T08:17:50.727+0000] {processor.py:830} INFO - Processing file /opt/airflow/dags/nyc_taxi_pipeline.py for tasks to queue
[2026-07-22T08:17:50.731+0000] {logging_mixin.py:188} INFO - [2026-07-22T08:17:50.730+0000] {dagbag.py:540} INFO - Filling up the DagBag from /opt/airflow/dags/nyc_taxi_pipeline.py
[2026-07-22T08:17:50.761+0000] {processor.py:840} INFO - DAG(s) 'nyc_taxi_pipeline' retrieved from /opt/airflow/dags/nyc_taxi_pipeline.py
[2026-07-22T08:17:50.853+0000] {logging_mixin.py:188} INFO - [2026-07-22T08:17:50.852+0000] {dag.py:3096} INFO - Sync 1 DAGs
[2026-07-22T08:17:50.874+0000] {logging_mixin.py:188} INFO - [2026-07-22T08:17:50.874+0000] {dag.py:3954} INFO - Setting next_dagrun for nyc_taxi_pipeline to None, run_after=None
[2026-07-22T08:17:50.918+0000] {processor.py:183} INFO - Processing /opt/airflow/dags/nyc_taxi_pipeline.py took 0.200 seconds
[2026-07-22T08:18:21.406+0000] {processor.py:161} INFO - Started process (PID=1100) to work on /opt/airflow/dags/nyc_taxi_pipeline.py
[2026-07-22T08:18:21.408+0000] {processor.py:830} INFO - Processing file /opt/airflow/dags/nyc_taxi_pipeline.py for tasks to queue
[2026-07-22T08:18:21.412+0000] {logging_mixin.py:188} INFO - [2026-07-22T08:18:21.411+0000] {dagbag.py:540} INFO - Filling up the DagBag from /opt/airflow/dags/nyc_taxi_pipeline.py
[2026-07-22T08:18:21.441+0000] {processor.py:840} INFO - DAG(s) 'nyc_taxi_pipeline' retrieved from /opt/airflow/dags/nyc_taxi_pipeline.py
[2026-07-22T08:18:21.540+0000] {logging_mixin.py:188} INFO - [2026-07-22T08:18:21.540+0000] {dag.py:3096} INFO - Sync 1 DAGs
[2026-07-22T08:18:21.565+0000] {logging_mixin.py:188} INFO - [2026-07-22T08:18:21.565+0000] {dag.py:3954} INFO - Setting next_dagrun for nyc_taxi_pipeline to None, run_after=None
[2026-07-22T08:18:21.614+0000] {processor.py:183} INFO - Processing /opt/airflow/dags/nyc_taxi_pipeline.py took 0.215 seconds
[2026-07-22T08:18:51.905+0000] {processor.py:161} INFO - Started process (PID=1105) to work on /opt/airflow/dags/nyc_taxi_pipeline.py
[2026-07-22T08:18:51.907+0000] {processor.py:830} INFO - Processing file /opt/airflow/dags/nyc_taxi_pipeline.py for tasks to queue
[2026-07-22T08:18:51.910+0000] {logging_mixin.py:188} INFO - [2026-07-22T08:18:51.910+0000] {dagbag.py:540} INFO - Filling up the DagBag from /opt/airflow/dags/nyc_taxi_pipeline.py
[2026-07-22T08:18:51.936+0000] {processor.py:840} INFO - DAG(s) 'nyc_taxi_pipeline' retrieved from /opt/airflow/dags/nyc_taxi_pipeline.py
[2026-07-22T08:18:52.144+0000] {logging_mixin.py:188} INFO - [2026-07-22T08:18:52.143+0000] {dag.py:3096} INFO - Sync 1 DAGs
[2026-07-22T08:18:52.171+0000] {logging_mixin.py:188} INFO - [2026-07-22T08:18:52.170+0000] {dag.py:3954} INFO - Setting next_dagrun for nyc_taxi_pipeline to None, run_after=None
[2026-07-22T08:18:52.228+0000] {processor.py:183} INFO - Processing /opt/airflow/dags/nyc_taxi_pipeline.py took 0.335 seconds
[2026-07-22T08:19:25.526+0000] {processor.py:161} INFO - Started process (PID=1110) to work on /opt/airflow/dags/nyc_taxi_pipeline.py
[2026-07-22T08:19:25.528+0000] {processor.py:830} INFO - Processing file /opt/airflow/dags/nyc_taxi_pipeline.py for tasks to queue
[2026-07-22T08:19:25.532+0000] {logging_mixin.py:188} INFO - [2026-07-22T08:19:25.531+0000] {dagbag.py:540} INFO - Filling up the DagBag from /opt/airflow/dags/nyc_taxi_pipeline.py
[2026-07-22T08:19:25.562+0000] {processor.py:840} INFO - DAG(s) 'nyc_taxi_pipeline' retrieved from /opt/airflow/dags/nyc_taxi_pipeline.py
[2026-07-22T08:19:25.668+0000] {logging_mixin.py:188} INFO - [2026-07-22T08:19:25.667+0000] {dag.py:3096} INFO - Sync 1 DAGs
[2026-07-22T08:19:25.700+0000] {logging_mixin.py:188} INFO - [2026-07-22T08:19:25.700+0000] {dag.py:3954} INFO - Setting next_dagrun for nyc_taxi_pipeline to None, run_after=None
[2026-07-22T08:19:25.763+0000] {processor.py:183} INFO - Processing /opt/airflow/dags/nyc_taxi_pipeline.py took 0.245 seconds
[2026-07-22T08:19:56.040+0000] {processor.py:161} INFO - Started process (PID=1115) to work on /opt/airflow/dags/nyc_taxi_pipeline.py
[2026-07-22T08:19:56.042+0000] {processor.py:830} INFO - Processing file /opt/airflow/dags/nyc_taxi_pipeline.py for tasks to queue
[2026-07-22T08:19:56.046+0000] {logging_mixin.py:188} INFO - [2026-07-22T08:19:56.045+0000] {dagbag.py:540} INFO - Filling up the DagBag from /opt/airflow/dags/nyc_taxi_pipeline.py
[2026-07-22T08:19:56.075+0000] {processor.py:840} INFO - DAG(s) 'nyc_taxi_pipeline' retrieved from /opt/airflow/dags/nyc_taxi_pipeline.py
[2026-07-22T08:19:56.185+0000] {logging_mixin.py:188} INFO - [2026-07-22T08:19:56.184+0000] {dag.py:3096} INFO - Sync 1 DAGs
[2026-07-22T08:19:56.213+0000] {logging_mixin.py:188} INFO - [2026-07-22T08:19:56.213+0000] {dag.py:3954} INFO - Setting next_dagrun for nyc_taxi_pipeline to None, run_after=None
[2026-07-22T08:19:56.253+0000] {processor.py:183} INFO - Processing /opt/airflow/dags/nyc_taxi_pipeline.py took 0.221 seconds
[2026-07-22T08:20:26.454+0000] {processor.py:161} INFO - Started process (PID=1120) to work on /opt/airflow/dags/nyc_taxi_pipeline.py
[2026-07-22T08:20:26.456+0000] {processor.py:830} INFO - Processing file /opt/airflow/dags/nyc_taxi_pipeline.py for tasks to queue
[2026-07-22T08:20:26.460+0000] {logging_mixin.py:188} INFO - [2026-07-22T08:20:26.459+0000] {dagbag.py:540} INFO - Filling up the DagBag from /opt/airflow/dags/nyc_taxi_pipeline.py
[2026-07-22T08:20:26.498+0000] {processor.py:840} INFO - DAG(s) 'nyc_taxi_pipeline' retrieved from /opt/airflow/dags/nyc_taxi_pipeline.py
[2026-07-22T08:20:26.713+0000] {logging_mixin.py:188} INFO - [2026-07-22T08:20:26.712+0000] {dag.py:3096} INFO - Sync 1 DAGs
[2026-07-22T08:20:26.736+0000] {logging_mixin.py:188} INFO - [2026-07-22T08:20:26.736+0000] {dag.py:3954} INFO - Setting next_dagrun for nyc_taxi_pipeline to None, run_after=None
[2026-07-22T08:20:26.785+0000] {processor.py:183} INFO - Processing /opt/airflow/dags/nyc_taxi_pipeline.py took 0.343 seconds
[2026-07-22T08:20:57.001+0000] {processor.py:161} INFO - Started process (PID=1125) to work on /opt/airflow/dags/nyc_taxi_pipeline.py
[2026-07-22T08:20:57.004+0000] {processor.py:830} INFO - Processing file /opt/airflow/dags/nyc_taxi_pipeline.py for tasks to queue
[2026-07-22T08:20:57.008+0000] {logging_mixin.py:188} INFO - [2026-07-22T08:20:57.007+0000] {dagbag.py:540} INFO - Filling up the DagBag from /opt/airflow/dags/nyc_taxi_pipeline.py
[2026-07-22T08:20:57.037+0000] {processor.py:840} INFO - DAG(s) 'nyc_taxi_pipeline' retrieved from /opt/airflow/dags/nyc_taxi_pipeline.py
[2026-07-22T08:20:57.136+0000] {logging_mixin.py:188} INFO - [2026-07-22T08:20:57.136+0000] {dag.py:3096} INFO - Sync 1 DAGs
[2026-07-22T08:20:57.159+0000] {logging_mixin.py:188} INFO - [2026-07-22T08:20:57.158+0000] {dag.py:3954} INFO - Setting next_dagrun for nyc_taxi_pipeline to None, run_after=None
[2026-07-22T08:20:57.205+0000] {processor.py:183} INFO - Processing /opt/airflow/dags/nyc_taxi_pipeline.py took 0.212 seconds
[2026-07-22T08:21:27.623+0000] {processor.py:161} INFO - Started process (PID=1130) to work on /opt/airflow/dags/nyc_taxi_pipeline.py
[2026-07-22T08:21:27.626+0000] {processor.py:830} INFO - Processing file /opt/airflow/dags/nyc_taxi_pipeline.py for tasks to queue
[2026-07-22T08:21:27.632+0000] {logging_mixin.py:188} INFO - [2026-07-22T08:21:27.631+0000] {dagbag.py:540} INFO - Filling up the DagBag from /opt/airflow/dags/nyc_taxi_pipeline.py
[2026-07-22T08:21:27.686+0000] {processor.py:840} INFO - DAG(s) 'nyc_taxi_pipeline' retrieved from /opt/airflow/dags/nyc_taxi_pipeline.py
[2026-07-22T08:21:28.308+0000] {logging_mixin.py:188} INFO - [2026-07-22T08:21:28.307+0000] {dag.py:3096} INFO - Sync 1 DAGs
[2026-07-22T08:21:28.388+0000] {logging_mixin.py:188} INFO - [2026-07-22T08:21:28.387+0000] {dag.py:3954} INFO - Setting next_dagrun for nyc_taxi_pipeline to None, run_after=None
[2026-07-22T08:21:28.951+0000] {processor.py:183} INFO - Processing /opt/airflow/dags/nyc_taxi_pipeline.py took 1.350 seconds
