[2026-07-22T02:53:23.917+0000] {manager.py:470} INFO - Processing files using up to 2 processes at a time 
[2026-07-22T02:53:23.919+0000] {manager.py:471} INFO - Process each file at most once every 30 seconds
[2026-07-22T02:53:23.920+0000] {manager.py:472} INFO - Checking for new files in /opt/airflow/dags every 300 seconds
[2026-07-22T02:53:23.922+0000] {manager.py:737} INFO - Searching for files in /opt/airflow/dags
[2026-07-22T02:53:23.935+0000] {manager.py:740} INFO - There are 1 files in /opt/airflow/dags
[2026-07-22T02:53:24.230+0000] {manager.py:878} INFO - 
================================================================================
DAG File Processing Stats

File Path                                 PID  Runtime      # DAGs    # Errors  Last Runtime    Last Run
--------------------------------------  -----  ---------  --------  ----------  --------------  ----------
/opt/airflow/dags/nyc_taxi_pipeline.py    164  0.06s             0           0
================================================================================
[2026-07-22T02:53:57.817+0000] {manager.py:878} INFO - 
================================================================================
DAG File Processing Stats

File Path                               PID    Runtime      # DAGs    # Errors  Last Runtime    Last Run
--------------------------------------  -----  ---------  --------  ----------  --------------  -------------------
/opt/airflow/dags/nyc_taxi_pipeline.py                           1           0  0.27s           2026-07-22T02:53:55
================================================================================
[2026-07-22T02:54:31.602+0000] {manager.py:878} INFO - 
================================================================================
DAG File Processing Stats

File Path                               PID    Runtime      # DAGs    # Errors  Last Runtime    Last Run
--------------------------------------  -----  ---------  --------  ----------  --------------  -------------------
/opt/airflow/dags/nyc_taxi_pipeline.py                           1           0  0.25s           2026-07-22T02:54:25
================================================================================
[2026-07-22T02:55:05.158+0000] {manager.py:878} INFO - 
================================================================================
DAG File Processing Stats

File Path                               PID    Runtime      # DAGs    # Errors  Last Runtime    Last Run
--------------------------------------  -----  ---------  --------  ----------  --------------  -------------------
/opt/airflow/dags/nyc_taxi_pipeline.py                           1           0  0.24s           2026-07-22T02:54:56
================================================================================
[2026-07-22T02:55:39.037+0000] {manager.py:878} INFO - 
================================================================================
DAG File Processing Stats

File Path                               PID    Runtime      # DAGs    # Errors  Last Runtime    Last Run
--------------------------------------  -----  ---------  --------  ----------  --------------  -------------------
/opt/airflow/dags/nyc_taxi_pipeline.py                           1           0  0.27s           2026-07-22T02:55:28
================================================================================
[2026-07-22T02:56:12.861+0000] {manager.py:878} INFO - 
================================================================================
DAG File Processing Stats

File Path                               PID    Runtime      # DAGs    # Errors  Last Runtime    Last Run
--------------------------------------  -----  ---------  --------  ----------  --------------  -------------------
/opt/airflow/dags/nyc_taxi_pipeline.py                           1           0  0.22s           2026-07-22T02:56:02
================================================================================
[2026-07-22T02:56:46.647+0000] {manager.py:878} INFO - 
================================================================================
DAG File Processing Stats

File Path                               PID    Runtime      # DAGs    # Errors  Last Runtime    Last Run
--------------------------------------  -----  ---------  --------  ----------  --------------  -------------------
/opt/airflow/dags/nyc_taxi_pipeline.py                           1           0  0.24s           2026-07-22T02:56:35
================================================================================
[2026-07-22T02:57:20.444+0000] {manager.py:878} INFO - 
================================================================================
DAG File Processing Stats

File Path                               PID    Runtime      # DAGs    # Errors  Last Runtime    Last Run
--------------------------------------  -----  ---------  --------  ----------  --------------  -------------------
/opt/airflow/dags/nyc_taxi_pipeline.py                           1           0  0.23s           2026-07-22T02:57:09
================================================================================
[2026-07-22T02:57:54.113+0000] {manager.py:878} INFO - 
================================================================================
DAG File Processing Stats

File Path                               PID    Runtime      # DAGs    # Errors  Last Runtime    Last Run
--------------------------------------  -----  ---------  --------  ----------  --------------  -------------------
/opt/airflow/dags/nyc_taxi_pipeline.py                           1           0  0.22s           2026-07-22T02:57:42
================================================================================
[2026-07-22T02:58:23.973+0000] {manager.py:737} INFO - Searching for files in /opt/airflow/dags
[2026-07-22T02:58:24.015+0000] {manager.py:740} INFO - There are 1 files in /opt/airflow/dags
[2026-07-22T02:58:28.112+0000] {manager.py:878} INFO - 
================================================================================
DAG File Processing Stats

File Path                               PID    Runtime      # DAGs    # Errors  Last Runtime    Last Run
--------------------------------------  -----  ---------  --------  ----------  --------------  -------------------
/opt/airflow/dags/nyc_taxi_pipeline.py                           1           0  0.27s           2026-07-22T02:58:15
================================================================================
[2026-07-22T02:59:01.767+0000] {manager.py:878} INFO - 
================================================================================
DAG File Processing Stats

File Path                               PID    Runtime      # DAGs    # Errors  Last Runtime    Last Run
--------------------------------------  -----  ---------  --------  ----------  --------------  -------------------
/opt/airflow/dags/nyc_taxi_pipeline.py                           1           0  2.50s           2026-07-22T02:58:48
================================================================================
[2026-07-22T02:59:35.693+0000] {manager.py:878} INFO - 
================================================================================
DAG File Processing Stats

File Path                               PID    Runtime      # DAGs    # Errors  Last Runtime    Last Run
--------------------------------------  -----  ---------  --------  ----------  --------------  -------------------
/opt/airflow/dags/nyc_taxi_pipeline.py                           1           0  0.38s           2026-07-22T02:59:22
================================================================================
[2026-07-22T03:00:09.425+0000] {manager.py:878} INFO - 
================================================================================
DAG File Processing Stats

File Path                               PID    Runtime      # DAGs    # Errors  Last Runtime    Last Run
--------------------------------------  -----  ---------  --------  ----------  --------------  -------------------
/opt/airflow/dags/nyc_taxi_pipeline.py                           1           0  2.75s           2026-07-22T02:59:55
================================================================================
[2026-07-22T03:00:43.080+0000] {manager.py:878} INFO - 
================================================================================
DAG File Processing Stats

File Path                               PID    Runtime      # DAGs    # Errors  Last Runtime    Last Run
--------------------------------------  -----  ---------  --------  ----------  --------------  -------------------
/opt/airflow/dags/nyc_taxi_pipeline.py                           1           0  2.84s           2026-07-22T03:00:29
================================================================================
[2026-07-22T03:01:16.494+0000] {manager.py:878} INFO - 
================================================================================
DAG File Processing Stats

File Path                               PID    Runtime      # DAGs    # Errors  Last Runtime    Last Run
--------------------------------------  -----  ---------  --------  ----------  --------------  -------------------
/opt/airflow/dags/nyc_taxi_pipeline.py                           1           0  4.64s           2026-07-22T03:01:04
================================================================================
[2026-07-22T03:01:50.089+0000] {manager.py:878} INFO - 
================================================================================
DAG File Processing Stats

File Path                               PID    Runtime      # DAGs    # Errors  Last Runtime    Last Run
--------------------------------------  -----  ---------  --------  ----------  --------------  -------------------
/opt/airflow/dags/nyc_taxi_pipeline.py                           1           0  0.75s           2026-07-22T03:01:36
================================================================================
[2026-07-22T03:02:24.118+0000] {manager.py:878} INFO - 
================================================================================
DAG File Processing Stats

File Path                               PID    Runtime      # DAGs    # Errors  Last Runtime    Last Run
--------------------------------------  -----  ---------  --------  ----------  --------------  -------------------
/opt/airflow/dags/nyc_taxi_pipeline.py                           1           0  1.31s           2026-07-22T03:02:10
================================================================================
[2026-07-22T03:02:58.011+0000] {manager.py:878} INFO - 
================================================================================
DAG File Processing Stats

File Path                               PID    Runtime      # DAGs    # Errors  Last Runtime    Last Run
--------------------------------------  -----  ---------  --------  ----------  --------------  -------------------
/opt/airflow/dags/nyc_taxi_pipeline.py                           1           0  0.67s           2026-07-22T03:02:42
================================================================================
[2026-07-22T03:03:24.611+0000] {manager.py:737} INFO - Searching for files in /opt/airflow/dags
[2026-07-22T03:03:24.645+0000] {manager.py:740} INFO - There are 1 files in /opt/airflow/dags
[2026-07-22T03:03:31.805+0000] {manager.py:878} INFO - 
================================================================================
DAG File Processing Stats

File Path                               PID    Runtime      # DAGs    # Errors  Last Runtime    Last Run
--------------------------------------  -----  ---------  --------  ----------  --------------  -------------------
/opt/airflow/dags/nyc_taxi_pipeline.py                           1           0  0.32s           2026-07-22T03:03:15
================================================================================
[2026-07-22T03:04:05.658+0000] {manager.py:878} INFO - 
================================================================================
DAG File Processing Stats

File Path                               PID    Runtime      # DAGs    # Errors  Last Runtime    Last Run
--------------------------------------  -----  ---------  --------  ----------  --------------  -------------------
/opt/airflow/dags/nyc_taxi_pipeline.py                           1           0  2.64s           2026-07-22T03:03:48
================================================================================
[2026-07-22T03:04:39.563+0000] {manager.py:878} INFO - 
================================================================================
DAG File Processing Stats

File Path                               PID    Runtime      # DAGs    # Errors  Last Runtime    Last Run
--------------------------------------  -----  ---------  --------  ----------  --------------  -------------------
/opt/airflow/dags/nyc_taxi_pipeline.py                           1           0  1.13s           2026-07-22T03:04:23
================================================================================
[2026-07-22T03:05:13.305+0000] {manager.py:878} INFO - 
================================================================================
DAG File Processing Stats

File Path                               PID    Runtime      # DAGs    # Errors  Last Runtime    Last Run
--------------------------------------  -----  ---------  --------  ----------  --------------  -------------------
/opt/airflow/dags/nyc_taxi_pipeline.py                           1           0  0.35s           2026-07-22T03:04:56
================================================================================
[2026-07-22T03:05:47.006+0000] {manager.py:878} INFO - 
================================================================================
DAG File Processing Stats

File Path                               PID    Runtime      # DAGs    # Errors  Last Runtime    Last Run
--------------------------------------  -----  ---------  --------  ----------  --------------  -------------------
/opt/airflow/dags/nyc_taxi_pipeline.py                           1           0  0.23s           2026-07-22T03:05:28
================================================================================
[2026-07-22T03:06:20.623+0000] {manager.py:878} INFO - 
================================================================================
DAG File Processing Stats

File Path                               PID    Runtime      # DAGs    # Errors  Last Runtime    Last Run
--------------------------------------  -----  ---------  --------  ----------  --------------  -------------------
/opt/airflow/dags/nyc_taxi_pipeline.py                           1           0  0.54s           2026-07-22T03:06:02
================================================================================
[2026-07-22T03:06:53.970+0000] {manager.py:878} INFO - 
================================================================================
DAG File Processing Stats

File Path                               PID    Runtime      # DAGs    # Errors  Last Runtime    Last Run
--------------------------------------  -----  ---------  --------  ----------  --------------  -------------------
/opt/airflow/dags/nyc_taxi_pipeline.py                           1           0  1.93s           2026-07-22T03:06:37
================================================================================
[2026-07-22T03:07:22.257+0000] {manager.py:452} INFO - Exiting gracefully upon receiving signal 15
[2026-07-22T03:08:03.473+0000] {manager.py:470} INFO - Processing files using up to 2 processes at a time 
[2026-07-22T03:08:03.475+0000] {manager.py:471} INFO - Process each file at most once every 30 seconds
[2026-07-22T03:08:03.477+0000] {manager.py:472} INFO - Checking for new files in /opt/airflow/dags every 300 seconds
[2026-07-22T03:08:03.479+0000] {manager.py:737} INFO - Searching for files in /opt/airflow/dags
[2026-07-22T03:08:03.510+0000] {manager.py:740} INFO - There are 1 files in /opt/airflow/dags
[2026-07-22T03:08:03.759+0000] {manager.py:878} INFO - 
================================================================================
DAG File Processing Stats

File Path                                 PID  Runtime      # DAGs    # Errors  Last Runtime    Last Run
--------------------------------------  -----  ---------  --------  ----------  --------------  ----------
/opt/airflow/dags/nyc_taxi_pipeline.py    162  0.07s             0           0
================================================================================
[2026-07-22T03:08:37.342+0000] {manager.py:878} INFO - 
================================================================================
DAG File Processing Stats

File Path                               PID    Runtime      # DAGs    # Errors  Last Runtime    Last Run
--------------------------------------  -----  ---------  --------  ----------  --------------  -------------------
/opt/airflow/dags/nyc_taxi_pipeline.py                           1           0  0.25s           2026-07-22T03:08:34
================================================================================
[2026-07-22T03:09:10.559+0000] {manager.py:878} INFO - 
================================================================================
DAG File Processing Stats

File Path                               PID    Runtime      # DAGs    # Errors  Last Runtime    Last Run
--------------------------------------  -----  ---------  --------  ----------  --------------  -------------------
/opt/airflow/dags/nyc_taxi_pipeline.py                           1           0  0.24s           2026-07-22T03:09:04
================================================================================
[2026-07-22T03:09:42.383+0000] {manager.py:878} INFO - 
================================================================================
DAG File Processing Stats

File Path                               PID    Runtime      # DAGs    # Errors  Last Runtime    Last Run
--------------------------------------  -----  ---------  --------  ----------  --------------  -------------------
/opt/airflow/dags/nyc_taxi_pipeline.py                           1           0  0.35s           2026-07-22T03:09:35
================================================================================
[2026-07-22T03:10:14.375+0000] {manager.py:878} INFO - 
================================================================================
DAG File Processing Stats

File Path                               PID    Runtime      # DAGs    # Errors  Last Runtime    Last Run
--------------------------------------  -----  ---------  --------  ----------  --------------  -------------------
/opt/airflow/dags/nyc_taxi_pipeline.py                           1           0  0.27s           2026-07-22T03:10:06
================================================================================
[2026-07-22T03:10:46.169+0000] {manager.py:878} INFO - 
================================================================================
DAG File Processing Stats

File Path                               PID    Runtime      # DAGs    # Errors  Last Runtime    Last Run
--------------------------------------  -----  ---------  --------  ----------  --------------  -------------------
/opt/airflow/dags/nyc_taxi_pipeline.py                           1           0  0.34s           2026-07-22T03:10:37
================================================================================
[2026-07-22T03:11:17.403+0000] {manager.py:878} INFO - 
================================================================================
DAG File Processing Stats

File Path                               PID    Runtime      # DAGs    # Errors  Last Runtime    Last Run
--------------------------------------  -----  ---------  --------  ----------  --------------  -------------------
/opt/airflow/dags/nyc_taxi_pipeline.py                           1           0  0.95s           2026-07-22T03:11:08
================================================================================
[2026-07-22T03:11:49.080+0000] {manager.py:878} INFO - 
================================================================================
DAG File Processing Stats

File Path                               PID    Runtime      # DAGs    # Errors  Last Runtime    Last Run
--------------------------------------  -----  ---------  --------  ----------  --------------  -------------------
/opt/airflow/dags/nyc_taxi_pipeline.py                           1           0  0.48s           2026-07-22T03:11:39
================================================================================
[2026-07-22T03:12:20.632+0000] {manager.py:878} INFO - 
================================================================================
DAG File Processing Stats

File Path                               PID    Runtime      # DAGs    # Errors  Last Runtime    Last Run
--------------------------------------  -----  ---------  --------  ----------  --------------  -------------------
/opt/airflow/dags/nyc_taxi_pipeline.py                           1           0  1.06s           2026-07-22T03:12:10
================================================================================
[2026-07-22T03:12:51.624+0000] {manager.py:878} INFO - 
================================================================================
DAG File Processing Stats

File Path                               PID    Runtime      # DAGs    # Errors  Last Runtime    Last Run
--------------------------------------  -----  ---------  --------  ----------  --------------  -------------------
/opt/airflow/dags/nyc_taxi_pipeline.py                           1           0  2.71s           2026-07-22T03:12:43
================================================================================
[2026-07-22T03:13:03.922+0000] {manager.py:737} INFO - Searching for files in /opt/airflow/dags
[2026-07-22T03:13:04.097+0000] {manager.py:740} INFO - There are 1 files in /opt/airflow/dags
[2026-07-22T03:13:22.772+0000] {manager.py:878} INFO - 
================================================================================
DAG File Processing Stats

File Path                               PID    Runtime      # DAGs    # Errors  Last Runtime    Last Run
--------------------------------------  -----  ---------  --------  ----------  --------------  -------------------
/opt/airflow/dags/nyc_taxi_pipeline.py                           1           0  0.68s           2026-07-22T03:13:14
================================================================================
[2026-07-22T03:13:53.997+0000] {manager.py:878} INFO - 
================================================================================
DAG File Processing Stats

File Path                               PID    Runtime      # DAGs    # Errors  Last Runtime    Last Run
--------------------------------------  -----  ---------  --------  ----------  --------------  -------------------
/opt/airflow/dags/nyc_taxi_pipeline.py                           1           0  2.48s           2026-07-22T03:13:46
================================================================================
[2026-07-22T03:14:25.491+0000] {manager.py:878} INFO - 
================================================================================
DAG File Processing Stats

File Path                               PID    Runtime      # DAGs    # Errors  Last Runtime    Last Run
--------------------------------------  -----  ---------  --------  ----------  --------------  -------------------
/opt/airflow/dags/nyc_taxi_pipeline.py                           1           0  0.92s           2026-07-22T03:14:18
================================================================================
[2026-07-22T03:14:57.922+0000] {manager.py:878} INFO - 
================================================================================
DAG File Processing Stats

File Path                               PID    Runtime      # DAGs    # Errors  Last Runtime    Last Run
--------------------------------------  -----  ---------  --------  ----------  --------------  -------------------
/opt/airflow/dags/nyc_taxi_pipeline.py                           1           0  0.96s           2026-07-22T03:14:50
================================================================================
[2026-07-22T03:15:29.301+0000] {manager.py:878} INFO - 
================================================================================
DAG File Processing Stats

File Path                               PID    Runtime      # DAGs    # Errors  Last Runtime    Last Run
--------------------------------------  -----  ---------  --------  ----------  --------------  -------------------
/opt/airflow/dags/nyc_taxi_pipeline.py                           1           0  0.80s           2026-07-22T03:15:21
================================================================================
[2026-07-22T03:16:00.225+0000] {manager.py:878} INFO - 
================================================================================
DAG File Processing Stats

File Path                               PID    Runtime      # DAGs    # Errors  Last Runtime    Last Run
--------------------------------------  -----  ---------  --------  ----------  --------------  -------------------
/opt/airflow/dags/nyc_taxi_pipeline.py                           1           0  0.63s           2026-07-22T03:15:52
================================================================================
[2026-07-22T03:16:31.453+0000] {manager.py:878} INFO - 
================================================================================
DAG File Processing Stats

File Path                               PID    Runtime      # DAGs    # Errors  Last Runtime    Last Run
--------------------------------------  -----  ---------  --------  ----------  --------------  -------------------
/opt/airflow/dags/nyc_taxi_pipeline.py                           1           0  0.43s           2026-07-22T03:16:22
================================================================================
[2026-07-22T03:17:02.804+0000] {manager.py:878} INFO - 
================================================================================
DAG File Processing Stats

File Path                               PID    Runtime      # DAGs    # Errors  Last Runtime    Last Run
--------------------------------------  -----  ---------  --------  ----------  --------------  -------------------
/opt/airflow/dags/nyc_taxi_pipeline.py                           1           0  1.09s           2026-07-22T03:16:54
================================================================================
[2026-07-22T03:17:33.853+0000] {manager.py:878} INFO - 
================================================================================
DAG File Processing Stats

File Path                               PID    Runtime      # DAGs    # Errors  Last Runtime    Last Run
--------------------------------------  -----  ---------  --------  ----------  --------------  -------------------
/opt/airflow/dags/nyc_taxi_pipeline.py                           1           0  1.20s           2026-07-22T03:17:25
================================================================================
[2026-07-22T03:18:04.137+0000] {manager.py:737} INFO - Searching for files in /opt/airflow/dags
[2026-07-22T03:18:04.167+0000] {manager.py:740} INFO - There are 1 files in /opt/airflow/dags
[2026-07-22T03:18:04.638+0000] {manager.py:878} INFO - 
================================================================================
DAG File Processing Stats

File Path                               PID    Runtime      # DAGs    # Errors  Last Runtime    Last Run
--------------------------------------  -----  ---------  --------  ----------  --------------  -------------------
/opt/airflow/dags/nyc_taxi_pipeline.py                           1           0  0.82s           2026-07-22T03:17:57
================================================================================
[2026-07-22T03:18:36.204+0000] {manager.py:878} INFO - 
================================================================================
DAG File Processing Stats

File Path                               PID    Runtime      # DAGs    # Errors  Last Runtime    Last Run
--------------------------------------  -----  ---------  --------  ----------  --------------  -------------------
/opt/airflow/dags/nyc_taxi_pipeline.py                           1           0  1.42s           2026-07-22T03:18:29
================================================================================
[2026-07-22T03:19:07.423+0000] {manager.py:878} INFO - 
================================================================================
DAG File Processing Stats

File Path                               PID    Runtime      # DAGs    # Errors  Last Runtime    Last Run
--------------------------------------  -----  ---------  --------  ----------  --------------  -------------------
/opt/airflow/dags/nyc_taxi_pipeline.py                           1           0  1.06s           2026-07-22T03:19:00
================================================================================
[2026-07-22T03:19:38.065+0000] {manager.py:878} INFO - 
================================================================================
DAG File Processing Stats

File Path                               PID    Runtime      # DAGs    # Errors  Last Runtime    Last Run
--------------------------------------  -----  ---------  --------  ----------  --------------  -------------------
/opt/airflow/dags/nyc_taxi_pipeline.py                           1           0  2.36s           2026-07-22T03:19:33
================================================================================
[2026-07-22T03:20:08.476+0000] {manager.py:878} INFO - 
================================================================================
DAG File Processing Stats

File Path                               PID    Runtime      # DAGs    # Errors  Last Runtime    Last Run
--------------------------------------  -----  ---------  --------  ----------  --------------  -------------------
/opt/airflow/dags/nyc_taxi_pipeline.py                           1           0  1.64s           2026-07-22T03:20:05
================================================================================
[2026-07-22T03:20:39.448+0000] {manager.py:878} INFO - 
================================================================================
DAG File Processing Stats

File Path                               PID    Runtime      # DAGs    # Errors  Last Runtime    Last Run
--------------------------------------  -----  ---------  --------  ----------  --------------  -------------------
/opt/airflow/dags/nyc_taxi_pipeline.py                           1           0  1.31s           2026-07-22T03:20:37
================================================================================
[2026-07-22T03:21:09.830+0000] {manager.py:878} INFO - 
================================================================================
DAG File Processing Stats

File Path                               PID    Runtime      # DAGs    # Errors  Last Runtime    Last Run
--------------------------------------  -----  ---------  --------  ----------  --------------  -------------------
/opt/airflow/dags/nyc_taxi_pipeline.py                           1           0  1.22s           2026-07-22T03:21:08
================================================================================
[2026-07-22T03:21:40.478+0000] {manager.py:878} INFO - 
================================================================================
DAG File Processing Stats

File Path                                 PID  Runtime      # DAGs    # Errors  Last Runtime    Last Run
--------------------------------------  -----  ---------  --------  ----------  --------------  -------------------
/opt/airflow/dags/nyc_taxi_pipeline.py    834  1.07s             1           0  1.22s           2026-07-22T03:21:08
================================================================================
[2026-07-22T03:22:11.469+0000] {manager.py:878} INFO - 
================================================================================
DAG File Processing Stats

File Path                                 PID  Runtime      # DAGs    # Errors  Last Runtime    Last Run
--------------------------------------  -----  ---------  --------  ----------  --------------  -------------------
/opt/airflow/dags/nyc_taxi_pipeline.py    839  0.01s             1           0  1.55s           2026-07-22T03:21:40
================================================================================
[2026-07-22T03:22:41.813+0000] {manager.py:878} INFO - 
================================================================================
DAG File Processing Stats

File Path                               PID    Runtime      # DAGs    # Errors  Last Runtime    Last Run
--------------------------------------  -----  ---------  --------  ----------  --------------  -------------------
/opt/airflow/dags/nyc_taxi_pipeline.py                           1           0  1.18s           2026-07-22T03:22:12
================================================================================
[2026-07-22T03:23:04.494+0000] {manager.py:737} INFO - Searching for files in /opt/airflow/dags
[2026-07-22T03:23:04.597+0000] {manager.py:740} INFO - There are 1 files in /opt/airflow/dags
[2026-07-22T03:23:12.563+0000] {manager.py:878} INFO - 
================================================================================
DAG File Processing Stats

File Path                               PID    Runtime      # DAGs    # Errors  Last Runtime    Last Run
--------------------------------------  -----  ---------  --------  ----------  --------------  -------------------
/opt/airflow/dags/nyc_taxi_pipeline.py                           1           0  1.39s           2026-07-22T03:22:44
================================================================================
[2026-07-22T03:23:43.272+0000] {manager.py:878} INFO - 
================================================================================
DAG File Processing Stats

File Path                               PID    Runtime      # DAGs    # Errors  Last Runtime    Last Run
--------------------------------------  -----  ---------  --------  ----------  --------------  -------------------
/opt/airflow/dags/nyc_taxi_pipeline.py                           1           0  0.88s           2026-07-22T03:23:15
================================================================================
[2026-07-22T03:24:13.749+0000] {manager.py:878} INFO - 
================================================================================
DAG File Processing Stats

File Path                               PID    Runtime      # DAGs    # Errors  Last Runtime    Last Run
--------------------------------------  -----  ---------  --------  ----------  --------------  -------------------
/opt/airflow/dags/nyc_taxi_pipeline.py                           1           0  1.47s           2026-07-22T03:23:47
================================================================================
[2026-07-22T03:24:44.491+0000] {manager.py:878} INFO - 
================================================================================
DAG File Processing Stats

File Path                               PID    Runtime      # DAGs    # Errors  Last Runtime    Last Run
--------------------------------------  -----  ---------  --------  ----------  --------------  -------------------
/opt/airflow/dags/nyc_taxi_pipeline.py                           1           0  1.17s           2026-07-22T03:24:19
================================================================================
[2026-07-22T03:25:14.627+0000] {manager.py:878} INFO - 
================================================================================
DAG File Processing Stats

File Path                               PID    Runtime      # DAGs    # Errors  Last Runtime    Last Run
--------------------------------------  -----  ---------  --------  ----------  --------------  -------------------
/opt/airflow/dags/nyc_taxi_pipeline.py                           1           0  1.16s           2026-07-22T03:24:51
================================================================================
[2026-07-22T03:25:45.353+0000] {manager.py:878} INFO - 
================================================================================
DAG File Processing Stats

File Path                               PID    Runtime      # DAGs    # Errors  Last Runtime    Last Run
--------------------------------------  -----  ---------  --------  ----------  --------------  -------------------
/opt/airflow/dags/nyc_taxi_pipeline.py                           1           0  0.99s           2026-07-22T03:25:22
================================================================================
[2026-07-22T03:26:15.427+0000] {manager.py:878} INFO - 
================================================================================
DAG File Processing Stats

File Path                               PID    Runtime      # DAGs    # Errors  Last Runtime    Last Run
--------------------------------------  -----  ---------  --------  ----------  --------------  -------------------
/opt/airflow/dags/nyc_taxi_pipeline.py                           1           0  1.12s           2026-07-22T03:25:53
================================================================================
[2026-07-22T03:26:45.825+0000] {manager.py:878} INFO - 
================================================================================
DAG File Processing Stats

File Path                               PID    Runtime      # DAGs    # Errors  Last Runtime    Last Run
--------------------------------------  -----  ---------  --------  ----------  --------------  -------------------
/opt/airflow/dags/nyc_taxi_pipeline.py                           1           0  1.07s           2026-07-22T03:26:24
================================================================================
[2026-07-22T03:27:16.684+0000] {manager.py:878} INFO - 
================================================================================
DAG File Processing Stats

File Path                               PID    Runtime      # DAGs    # Errors  Last Runtime    Last Run
--------------------------------------  -----  ---------  --------  ----------  --------------  -------------------
/opt/airflow/dags/nyc_taxi_pipeline.py                           1           0  1.26s           2026-07-22T03:26:56
================================================================================
[2026-07-22T03:27:47.024+0000] {manager.py:878} INFO - 
================================================================================
DAG File Processing Stats

File Path                               PID    Runtime      # DAGs    # Errors  Last Runtime    Last Run
--------------------------------------  -----  ---------  --------  ----------  --------------  -------------------
/opt/airflow/dags/nyc_taxi_pipeline.py                           1           0  2.39s           2026-07-22T03:27:29
================================================================================
[2026-07-22T03:28:05.294+0000] {manager.py:737} INFO - Searching for files in /opt/airflow/dags
[2026-07-22T03:28:05.476+0000] {manager.py:740} INFO - There are 1 files in /opt/airflow/dags
[2026-07-22T03:28:17.752+0000] {manager.py:878} INFO - 
================================================================================
DAG File Processing Stats

File Path                               PID    Runtime      # DAGs    # Errors  Last Runtime    Last Run
--------------------------------------  -----  ---------  --------  ----------  --------------  -------------------
/opt/airflow/dags/nyc_taxi_pipeline.py                           1           0  1.47s           2026-07-22T03:28:01
================================================================================
[2026-07-22T03:28:48.088+0000] {manager.py:878} INFO - 
================================================================================
DAG File Processing Stats

File Path                               PID    Runtime      # DAGs    # Errors  Last Runtime    Last Run
--------------------------------------  -----  ---------  --------  ----------  --------------  -------------------
/opt/airflow/dags/nyc_taxi_pipeline.py                           1           0  1.41s           2026-07-22T03:28:33
================================================================================
[2026-07-22T03:29:18.904+0000] {manager.py:878} INFO - 
================================================================================
DAG File Processing Stats

File Path                               PID    Runtime      # DAGs    # Errors  Last Runtime    Last Run
--------------------------------------  -----  ---------  --------  ----------  --------------  -------------------
/opt/airflow/dags/nyc_taxi_pipeline.py                           1           0  1.38s           2026-07-22T03:29:05
================================================================================
[2026-07-22T03:29:49.145+0000] {manager.py:878} INFO - 
================================================================================
DAG File Processing Stats

File Path                               PID    Runtime      # DAGs    # Errors  Last Runtime    Last Run
--------------------------------------  -----  ---------  --------  ----------  --------------  -------------------
/opt/airflow/dags/nyc_taxi_pipeline.py                           1           0  0.83s           2026-07-22T03:29:36
================================================================================
[2026-07-22T03:30:19.233+0000] {manager.py:878} INFO - 
================================================================================
DAG File Processing Stats

File Path                               PID    Runtime      # DAGs    # Errors  Last Runtime    Last Run
--------------------------------------  -----  ---------  --------  ----------  --------------  -------------------
/opt/airflow/dags/nyc_taxi_pipeline.py                           1           0  0.98s           2026-07-22T03:30:07
================================================================================
[2026-07-22T03:30:49.683+0000] {manager.py:878} INFO - 
================================================================================
DAG File Processing Stats

File Path                               PID    Runtime      # DAGs    # Errors  Last Runtime    Last Run
--------------------------------------  -----  ---------  --------  ----------  --------------  -------------------
/opt/airflow/dags/nyc_taxi_pipeline.py                           1           0  0.95s           2026-07-22T03:30:39
================================================================================
[2026-07-22T03:31:20.167+0000] {manager.py:878} INFO - 
================================================================================
DAG File Processing Stats

File Path                               PID    Runtime      # DAGs    # Errors  Last Runtime    Last Run
--------------------------------------  -----  ---------  --------  ----------  --------------  -------------------
/opt/airflow/dags/nyc_taxi_pipeline.py                           1           0  1.04s           2026-07-22T03:31:10
================================================================================
[2026-07-22T03:31:50.908+0000] {manager.py:878} INFO - 
================================================================================
DAG File Processing Stats

File Path                               PID    Runtime      # DAGs    # Errors  Last Runtime    Last Run
--------------------------------------  -----  ---------  --------  ----------  --------------  -------------------
/opt/airflow/dags/nyc_taxi_pipeline.py                           1           0  1.30s           2026-07-22T03:31:42
================================================================================
[2026-07-22T03:32:21.423+0000] {manager.py:878} INFO - 
================================================================================
DAG File Processing Stats

File Path                               PID    Runtime      # DAGs    # Errors  Last Runtime    Last Run
--------------------------------------  -----  ---------  --------  ----------  --------------  -------------------
/opt/airflow/dags/nyc_taxi_pipeline.py                           1           0  1.38s           2026-07-22T03:32:14
================================================================================
[2026-07-22T03:32:52.266+0000] {manager.py:878} INFO - 
================================================================================
DAG File Processing Stats

File Path                               PID    Runtime      # DAGs    # Errors  Last Runtime    Last Run
--------------------------------------  -----  ---------  --------  ----------  --------------  -------------------
/opt/airflow/dags/nyc_taxi_pipeline.py                           1           0  1.10s           2026-07-22T03:32:45
================================================================================
[2026-07-22T03:33:05.838+0000] {manager.py:737} INFO - Searching for files in /opt/airflow/dags
[2026-07-22T03:33:05.880+0000] {manager.py:740} INFO - There are 1 files in /opt/airflow/dags
[2026-07-22T03:33:22.916+0000] {manager.py:878} INFO - 
================================================================================
DAG File Processing Stats

File Path                               PID    Runtime      # DAGs    # Errors  Last Runtime    Last Run
--------------------------------------  -----  ---------  --------  ----------  --------------  -------------------
/opt/airflow/dags/nyc_taxi_pipeline.py                           1           0  0.92s           2026-07-22T03:33:17
================================================================================
[2026-07-22T03:33:53.287+0000] {manager.py:878} INFO - 
================================================================================
DAG File Processing Stats

File Path                               PID    Runtime      # DAGs    # Errors  Last Runtime    Last Run
--------------------------------------  -----  ---------  --------  ----------  --------------  -------------------
/opt/airflow/dags/nyc_taxi_pipeline.py                           1           0  0.80s           2026-07-22T03:33:48
================================================================================
[2026-07-22T03:34:23.461+0000] {manager.py:878} INFO - 
================================================================================
DAG File Processing Stats

File Path                               PID    Runtime      # DAGs    # Errors  Last Runtime    Last Run
--------------------------------------  -----  ---------  --------  ----------  --------------  -------------------
/opt/airflow/dags/nyc_taxi_pipeline.py                           1           0  1.29s           2026-07-22T03:34:20
================================================================================
[2026-07-22T03:34:53.496+0000] {manager.py:878} INFO - 
================================================================================
DAG File Processing Stats

File Path                               PID    Runtime      # DAGs    # Errors  Last Runtime    Last Run
--------------------------------------  -----  ---------  --------  ----------  --------------  -------------------
/opt/airflow/dags/nyc_taxi_pipeline.py                           1           0  0.93s           2026-07-22T03:34:51
================================================================================
[2026-07-22T03:35:23.715+0000] {manager.py:878} INFO - 
================================================================================
DAG File Processing Stats

File Path                               PID    Runtime      # DAGs    # Errors  Last Runtime    Last Run
--------------------------------------  -----  ---------  --------  ----------  --------------  -------------------
/opt/airflow/dags/nyc_taxi_pipeline.py                           1           0  1.12s           2026-07-22T03:35:22
================================================================================
[2026-07-22T03:35:53.836+0000] {manager.py:878} INFO - 
================================================================================
DAG File Processing Stats

File Path                                 PID  Runtime      # DAGs    # Errors  Last Runtime    Last Run
--------------------------------------  -----  ---------  --------  ----------  --------------  -------------------
/opt/airflow/dags/nyc_taxi_pipeline.py    969  1.06s             1           0  1.12s           2026-07-22T03:35:22
================================================================================
[2026-07-22T03:36:24.258+0000] {manager.py:878} INFO - 
================================================================================
DAG File Processing Stats

File Path                                 PID  Runtime      # DAGs    # Errors  Last Runtime    Last Run
--------------------------------------  -----  ---------  --------  ----------  --------------  -------------------
/opt/airflow/dags/nyc_taxi_pipeline.py    974  0.02s             1           0  1.36s           2026-07-22T03:35:54
================================================================================
[2026-07-22T03:36:54.762+0000] {manager.py:878} INFO - 
================================================================================
DAG File Processing Stats

File Path                               PID    Runtime      # DAGs    # Errors  Last Runtime    Last Run
--------------------------------------  -----  ---------  --------  ----------  --------------  -------------------
/opt/airflow/dags/nyc_taxi_pipeline.py                           1           0  1.43s           2026-07-22T03:36:25
================================================================================
[2026-07-22T03:37:24.783+0000] {manager.py:878} INFO - 
================================================================================
DAG File Processing Stats

File Path                               PID    Runtime      # DAGs    # Errors  Last Runtime    Last Run
--------------------------------------  -----  ---------  --------  ----------  --------------  -------------------
/opt/airflow/dags/nyc_taxi_pipeline.py                           1           0  1.16s           2026-07-22T03:36:56
================================================================================
[2026-07-22T03:37:55.300+0000] {manager.py:878} INFO - 
================================================================================
DAG File Processing Stats

File Path                               PID    Runtime      # DAGs    # Errors  Last Runtime    Last Run
--------------------------------------  -----  ---------  --------  ----------  --------------  -------------------
/opt/airflow/dags/nyc_taxi_pipeline.py                           1           0  1.03s           2026-07-22T03:37:28
================================================================================
[2026-07-22T03:38:06.824+0000] {manager.py:737} INFO - Searching for files in /opt/airflow/dags
[2026-07-22T03:38:06.858+0000] {manager.py:740} INFO - There are 1 files in /opt/airflow/dags
[2026-07-22T03:38:25.865+0000] {manager.py:878} INFO - 
================================================================================
DAG File Processing Stats

File Path                               PID    Runtime      # DAGs    # Errors  Last Runtime    Last Run
--------------------------------------  -----  ---------  --------  ----------  --------------  -------------------
/opt/airflow/dags/nyc_taxi_pipeline.py                           1           0  1.15s           2026-07-22T03:37:59
================================================================================
[2026-07-22T03:38:56.804+0000] {manager.py:878} INFO - 
================================================================================
DAG File Processing Stats

File Path                               PID    Runtime      # DAGs    # Errors  Last Runtime    Last Run
--------------------------------------  -----  ---------  --------  ----------  --------------  -------------------
/opt/airflow/dags/nyc_taxi_pipeline.py                           1           0  0.90s           2026-07-22T03:38:30
================================================================================
[2026-07-22T03:39:26.867+0000] {manager.py:878} INFO - 
================================================================================
DAG File Processing Stats

File Path                               PID    Runtime      # DAGs    # Errors  Last Runtime    Last Run
--------------------------------------  -----  ---------  --------  ----------  --------------  -------------------
/opt/airflow/dags/nyc_taxi_pipeline.py                           1           0  1.40s           2026-07-22T03:39:02
================================================================================
[2026-07-22T03:39:57.102+0000] {manager.py:878} INFO - 
================================================================================
DAG File Processing Stats

File Path                               PID    Runtime      # DAGs    # Errors  Last Runtime    Last Run
--------------------------------------  -----  ---------  --------  ----------  --------------  -------------------
/opt/airflow/dags/nyc_taxi_pipeline.py                           1           0  0.83s           2026-07-22T03:39:34
================================================================================
[2026-07-22T03:40:27.380+0000] {manager.py:878} INFO - 
================================================================================
DAG File Processing Stats

File Path                               PID    Runtime      # DAGs    # Errors  Last Runtime    Last Run
--------------------------------------  -----  ---------  --------  ----------  --------------  -------------------
/opt/airflow/dags/nyc_taxi_pipeline.py                           1           0  0.82s           2026-07-22T03:40:04
================================================================================
[2026-07-22T03:40:57.486+0000] {manager.py:878} INFO - 
================================================================================
DAG File Processing Stats

File Path                               PID    Runtime      # DAGs    # Errors  Last Runtime    Last Run
--------------------------------------  -----  ---------  --------  ----------  --------------  -------------------
/opt/airflow/dags/nyc_taxi_pipeline.py                           1           0  0.68s           2026-07-22T03:40:36
================================================================================
[2026-07-22T03:41:27.642+0000] {manager.py:878} INFO - 
================================================================================
DAG File Processing Stats

File Path                               PID    Runtime      # DAGs    # Errors  Last Runtime    Last Run
--------------------------------------  -----  ---------  --------  ----------  --------------  -------------------
/opt/airflow/dags/nyc_taxi_pipeline.py                           1           0  0.75s           2026-07-22T03:41:07
================================================================================
[2026-07-22T03:41:57.716+0000] {manager.py:878} INFO - 
================================================================================
DAG File Processing Stats

File Path                               PID    Runtime      # DAGs    # Errors  Last Runtime    Last Run
--------------------------------------  -----  ---------  --------  ----------  --------------  -------------------
/opt/airflow/dags/nyc_taxi_pipeline.py                           1           0  1.20s           2026-07-22T03:41:39
================================================================================
[2026-07-22T03:42:27.851+0000] {manager.py:878} INFO - 
================================================================================
DAG File Processing Stats

File Path                               PID    Runtime      # DAGs    # Errors  Last Runtime    Last Run
--------------------------------------  -----  ---------  --------  ----------  --------------  -------------------
/opt/airflow/dags/nyc_taxi_pipeline.py                           1           0  4.24s           2026-07-22T03:42:13
================================================================================
[2026-07-22T03:42:58.412+0000] {manager.py:878} INFO - 
================================================================================
DAG File Processing Stats

File Path                               PID    Runtime      # DAGs    # Errors  Last Runtime    Last Run
--------------------------------------  -----  ---------  --------  ----------  --------------  -------------------
/opt/airflow/dags/nyc_taxi_pipeline.py                           1           0  0.72s           2026-07-22T03:42:44
================================================================================
[2026-07-22T03:43:07.043+0000] {manager.py:737} INFO - Searching for files in /opt/airflow/dags
[2026-07-22T03:43:07.154+0000] {manager.py:740} INFO - There are 1 files in /opt/airflow/dags
[2026-07-22T03:43:28.983+0000] {manager.py:878} INFO - 
================================================================================
DAG File Processing Stats

File Path                               PID    Runtime      # DAGs    # Errors  Last Runtime    Last Run
--------------------------------------  -----  ---------  --------  ----------  --------------  -------------------
/opt/airflow/dags/nyc_taxi_pipeline.py                           1           0  0.79s           2026-07-22T03:43:15
================================================================================
[2026-07-22T03:43:59.087+0000] {manager.py:878} INFO - 
================================================================================
DAG File Processing Stats

File Path                               PID    Runtime      # DAGs    # Errors  Last Runtime    Last Run
--------------------------------------  -----  ---------  --------  ----------  --------------  -------------------
/opt/airflow/dags/nyc_taxi_pipeline.py                           1           0  0.82s           2026-07-22T03:43:47
================================================================================
[2026-07-22T03:44:29.936+0000] {manager.py:878} INFO - 
================================================================================
DAG File Processing Stats

File Path                               PID    Runtime      # DAGs    # Errors  Last Runtime    Last Run
--------------------------------------  -----  ---------  --------  ----------  --------------  -------------------
/opt/airflow/dags/nyc_taxi_pipeline.py                           1           0  0.78s           2026-07-22T03:44:18
================================================================================
[2026-07-22T03:45:00.184+0000] {manager.py:878} INFO - 
================================================================================
DAG File Processing Stats

File Path                               PID    Runtime      # DAGs    # Errors  Last Runtime    Last Run
--------------------------------------  -----  ---------  --------  ----------  --------------  -------------------
/opt/airflow/dags/nyc_taxi_pipeline.py                           1           0  0.71s           2026-07-22T03:44:49
================================================================================
[2026-07-22T03:45:30.321+0000] {manager.py:878} INFO - 
================================================================================
DAG File Processing Stats

File Path                               PID    Runtime      # DAGs    # Errors  Last Runtime    Last Run
--------------------------------------  -----  ---------  --------  ----------  --------------  -------------------
/opt/airflow/dags/nyc_taxi_pipeline.py                           1           0  1.44s           2026-07-22T03:45:21
================================================================================
[2026-07-22T03:46:00.960+0000] {manager.py:878} INFO - 
================================================================================
DAG File Processing Stats

File Path                               PID    Runtime      # DAGs    # Errors  Last Runtime    Last Run
--------------------------------------  -----  ---------  --------  ----------  --------------  -------------------
/opt/airflow/dags/nyc_taxi_pipeline.py                           1           0  0.90s           2026-07-22T03:45:52
================================================================================
[2026-07-22T03:46:31.149+0000] {manager.py:878} INFO - 
================================================================================
DAG File Processing Stats

File Path                               PID    Runtime      # DAGs    # Errors  Last Runtime    Last Run
--------------------------------------  -----  ---------  --------  ----------  --------------  -------------------
/opt/airflow/dags/nyc_taxi_pipeline.py                           1           0  0.93s           2026-07-22T03:46:23
================================================================================
[2026-07-22T03:47:01.378+0000] {manager.py:878} INFO - 
================================================================================
DAG File Processing Stats

File Path                               PID    Runtime      # DAGs    # Errors  Last Runtime    Last Run
--------------------------------------  -----  ---------  --------  ----------  --------------  -------------------
/opt/airflow/dags/nyc_taxi_pipeline.py                           1           0  0.61s           2026-07-22T03:46:55
================================================================================
[2026-07-22T03:47:31.835+0000] {manager.py:878} INFO - 
================================================================================
DAG File Processing Stats

File Path                               PID    Runtime      # DAGs    # Errors  Last Runtime    Last Run
--------------------------------------  -----  ---------  --------  ----------  --------------  -------------------
/opt/airflow/dags/nyc_taxi_pipeline.py                           1           0  2.09s           2026-07-22T03:47:27
================================================================================
[2026-07-22T03:48:02.211+0000] {manager.py:878} INFO - 
================================================================================
DAG File Processing Stats

File Path                               PID    Runtime      # DAGs    # Errors  Last Runtime    Last Run
--------------------------------------  -----  ---------  --------  ----------  --------------  -------------------
/opt/airflow/dags/nyc_taxi_pipeline.py                           1           0  0.37s           2026-07-22T03:47:58
================================================================================
[2026-07-22T03:48:07.260+0000] {manager.py:737} INFO - Searching for files in /opt/airflow/dags
[2026-07-22T03:48:07.300+0000] {manager.py:740} INFO - There are 1 files in /opt/airflow/dags
[2026-07-22T03:48:32.838+0000] {manager.py:878} INFO - 
================================================================================
DAG File Processing Stats

File Path                               PID    Runtime      # DAGs    # Errors  Last Runtime    Last Run
--------------------------------------  -----  ---------  --------  ----------  --------------  -------------------
/opt/airflow/dags/nyc_taxi_pipeline.py                           1           0  0.38s           2026-07-22T03:48:28
================================================================================
[2026-07-22T03:49:03.255+0000] {manager.py:878} INFO - 
================================================================================
DAG File Processing Stats

File Path                               PID    Runtime      # DAGs    # Errors  Last Runtime    Last Run
--------------------------------------  -----  ---------  --------  ----------  --------------  -------------------
/opt/airflow/dags/nyc_taxi_pipeline.py                           1           0  0.36s           2026-07-22T03:48:59
================================================================================
[2026-07-22T03:49:33.560+0000] {manager.py:878} INFO - 
================================================================================
DAG File Processing Stats

File Path                               PID    Runtime      # DAGs    # Errors  Last Runtime    Last Run
--------------------------------------  -----  ---------  --------  ----------  --------------  -------------------
/opt/airflow/dags/nyc_taxi_pipeline.py                           1           0  1.19s           2026-07-22T03:49:30
================================================================================
[2026-07-22T03:50:04.030+0000] {manager.py:878} INFO - 
================================================================================
DAG File Processing Stats

File Path                               PID    Runtime      # DAGs    # Errors  Last Runtime    Last Run
--------------------------------------  -----  ---------  --------  ----------  --------------  -------------------
/opt/airflow/dags/nyc_taxi_pipeline.py                           1           0  0.26s           2026-07-22T03:50:01
================================================================================
[2026-07-22T03:50:34.538+0000] {manager.py:878} INFO - 
================================================================================
DAG File Processing Stats

File Path                               PID    Runtime      # DAGs    # Errors  Last Runtime    Last Run
--------------------------------------  -----  ---------  --------  ----------  --------------  -------------------
/opt/airflow/dags/nyc_taxi_pipeline.py                           1           0  0.29s           2026-07-22T03:50:31
================================================================================
[2026-07-22T03:51:05.092+0000] {manager.py:878} INFO - 
================================================================================
DAG File Processing Stats

File Path                               PID    Runtime      # DAGs    # Errors  Last Runtime    Last Run
--------------------------------------  -----  ---------  --------  ----------  --------------  -------------------
/opt/airflow/dags/nyc_taxi_pipeline.py                           1           0  0.29s           2026-07-22T03:51:02
================================================================================
[2026-07-22T03:51:35.539+0000] {manager.py:878} INFO - 
================================================================================
DAG File Processing Stats

File Path                               PID    Runtime      # DAGs    # Errors  Last Runtime    Last Run
--------------------------------------  -----  ---------  --------  ----------  --------------  -------------------
/opt/airflow/dags/nyc_taxi_pipeline.py                           1           0  0.30s           2026-07-22T03:51:32
================================================================================
[2026-07-22T03:52:06.069+0000] {manager.py:878} INFO - 
================================================================================
DAG File Processing Stats

File Path                               PID    Runtime      # DAGs    # Errors  Last Runtime    Last Run
--------------------------------------  -----  ---------  --------  ----------  --------------  -------------------
/opt/airflow/dags/nyc_taxi_pipeline.py                           1           0  0.30s           2026-07-22T03:52:03
================================================================================
[2026-07-22T03:52:36.591+0000] {manager.py:878} INFO - 
================================================================================
DAG File Processing Stats

File Path                               PID    Runtime      # DAGs    # Errors  Last Runtime    Last Run
--------------------------------------  -----  ---------  --------  ----------  --------------  -------------------
/opt/airflow/dags/nyc_taxi_pipeline.py                           1           0  0.27s           2026-07-22T03:52:33
================================================================================
[2026-07-22T03:53:07.034+0000] {manager.py:878} INFO - 
================================================================================
DAG File Processing Stats

File Path                               PID    Runtime      # DAGs    # Errors  Last Runtime    Last Run
--------------------------------------  -----  ---------  --------  ----------  --------------  -------------------
/opt/airflow/dags/nyc_taxi_pipeline.py                           1           0  0.25s           2026-07-22T03:53:04
================================================================================
[2026-07-22T03:53:08.040+0000] {manager.py:737} INFO - Searching for files in /opt/airflow/dags
[2026-07-22T03:53:08.070+0000] {manager.py:740} INFO - There are 1 files in /opt/airflow/dags
[2026-07-22T03:53:37.639+0000] {manager.py:878} INFO - 
================================================================================
DAG File Processing Stats

File Path                               PID    Runtime      # DAGs    # Errors  Last Runtime    Last Run
--------------------------------------  -----  ---------  --------  ----------  --------------  -------------------
/opt/airflow/dags/nyc_taxi_pipeline.py                           1           0  0.37s           2026-07-22T03:53:34
================================================================================
[2026-07-22T03:54:08.297+0000] {manager.py:878} INFO - 
================================================================================
DAG File Processing Stats

File Path                               PID    Runtime      # DAGs    # Errors  Last Runtime    Last Run
--------------------------------------  -----  ---------  --------  ----------  --------------  -------------------
/opt/airflow/dags/nyc_taxi_pipeline.py                           1           0  0.37s           2026-07-22T03:54:05
================================================================================
[2026-07-22T03:54:38.922+0000] {manager.py:878} INFO - 
================================================================================
DAG File Processing Stats

File Path                               PID    Runtime      # DAGs    # Errors  Last Runtime    Last Run
--------------------------------------  -----  ---------  --------  ----------  --------------  -------------------
/opt/airflow/dags/nyc_taxi_pipeline.py                           1           0  0.27s           2026-07-22T03:54:36
================================================================================
[2026-07-22T03:55:09.466+0000] {manager.py:878} INFO - 
================================================================================
DAG File Processing Stats

File Path                               PID    Runtime      # DAGs    # Errors  Last Runtime    Last Run
--------------------------------------  -----  ---------  --------  ----------  --------------  -------------------
/opt/airflow/dags/nyc_taxi_pipeline.py                           1           0  0.37s           2026-07-22T03:55:06
================================================================================
[2026-07-22T03:55:40.046+0000] {manager.py:878} INFO - 
================================================================================
DAG File Processing Stats

File Path                               PID    Runtime      # DAGs    # Errors  Last Runtime    Last Run
--------------------------------------  -----  ---------  --------  ----------  --------------  -------------------
/opt/airflow/dags/nyc_taxi_pipeline.py                           1           0  0.32s           2026-07-22T03:55:37
================================================================================
[2026-07-22T03:56:10.629+0000] {manager.py:878} INFO - 
================================================================================
DAG File Processing Stats

File Path                               PID    Runtime      # DAGs    # Errors  Last Runtime    Last Run
--------------------------------------  -----  ---------  --------  ----------  --------------  -------------------
/opt/airflow/dags/nyc_taxi_pipeline.py                           1           0  0.34s           2026-07-22T03:56:07
================================================================================
[2026-07-22T03:56:41.312+0000] {manager.py:878} INFO - 
================================================================================
DAG File Processing Stats

File Path                               PID    Runtime      # DAGs    # Errors  Last Runtime    Last Run
--------------------------------------  -----  ---------  --------  ----------  --------------  -------------------
/opt/airflow/dags/nyc_taxi_pipeline.py                           1           0  0.26s           2026-07-22T03:56:38
================================================================================
[2026-07-22T03:57:11.738+0000] {manager.py:878} INFO - 
================================================================================
DAG File Processing Stats

File Path                               PID    Runtime      # DAGs    # Errors  Last Runtime    Last Run
--------------------------------------  -----  ---------  --------  ----------  --------------  -------------------
/opt/airflow/dags/nyc_taxi_pipeline.py                           1           0  0.25s           2026-07-22T03:57:08
================================================================================
[2026-07-22T03:57:42.422+0000] {manager.py:878} INFO - 
================================================================================
DAG File Processing Stats

File Path                               PID    Runtime      # DAGs    # Errors  Last Runtime    Last Run
--------------------------------------  -----  ---------  --------  ----------  --------------  -------------------
/opt/airflow/dags/nyc_taxi_pipeline.py                           1           0  0.26s           2026-07-22T03:57:39
================================================================================
[2026-07-22T03:58:08.796+0000] {manager.py:737} INFO - Searching for files in /opt/airflow/dags
[2026-07-22T03:58:08.822+0000] {manager.py:740} INFO - There are 1 files in /opt/airflow/dags
[2026-07-22T03:58:12.998+0000] {manager.py:878} INFO - 
================================================================================
DAG File Processing Stats

File Path                               PID    Runtime      # DAGs    # Errors  Last Runtime    Last Run
--------------------------------------  -----  ---------  --------  ----------  --------------  -------------------
/opt/airflow/dags/nyc_taxi_pipeline.py                           1           0  0.29s           2026-07-22T03:58:10
================================================================================
[2026-07-22T03:58:43.585+0000] {manager.py:878} INFO - 
================================================================================
DAG File Processing Stats

File Path                               PID    Runtime      # DAGs    # Errors  Last Runtime    Last Run
--------------------------------------  -----  ---------  --------  ----------  --------------  -------------------
/opt/airflow/dags/nyc_taxi_pipeline.py                           1           0  0.26s           2026-07-22T03:58:40
================================================================================
[2026-07-22T03:59:14.133+0000] {manager.py:878} INFO - 
================================================================================
DAG File Processing Stats

File Path                               PID    Runtime      # DAGs    # Errors  Last Runtime    Last Run
--------------------------------------  -----  ---------  --------  ----------  --------------  -------------------
/opt/airflow/dags/nyc_taxi_pipeline.py                           1           0  0.39s           2026-07-22T03:59:11
================================================================================
[2026-07-22T03:59:44.628+0000] {manager.py:878} INFO - 
================================================================================
DAG File Processing Stats

File Path                               PID    Runtime      # DAGs    # Errors  Last Runtime    Last Run
--------------------------------------  -----  ---------  --------  ----------  --------------  -------------------
/opt/airflow/dags/nyc_taxi_pipeline.py                           1           0  0.25s           2026-07-22T03:59:41
================================================================================
[2026-07-22T04:00:15.269+0000] {manager.py:878} INFO - 
================================================================================
DAG File Processing Stats

File Path                               PID    Runtime      # DAGs    # Errors  Last Runtime    Last Run
--------------------------------------  -----  ---------  --------  ----------  --------------  -------------------
/opt/airflow/dags/nyc_taxi_pipeline.py                           1           0  0.26s           2026-07-22T04:00:12
================================================================================
[2026-07-22T04:00:45.808+0000] {manager.py:878} INFO - 
================================================================================
DAG File Processing Stats

File Path                               PID    Runtime      # DAGs    # Errors  Last Runtime    Last Run
--------------------------------------  -----  ---------  --------  ----------  --------------  -------------------
/opt/airflow/dags/nyc_taxi_pipeline.py                           1           0  0.26s           2026-07-22T04:00:42
================================================================================
[2026-07-22T04:01:16.415+0000] {manager.py:878} INFO - 
================================================================================
DAG File Processing Stats

File Path                               PID    Runtime      # DAGs    # Errors  Last Runtime    Last Run
--------------------------------------  -----  ---------  --------  ----------  --------------  -------------------
/opt/airflow/dags/nyc_taxi_pipeline.py                           1           0  0.29s           2026-07-22T04:01:13
================================================================================
[2026-07-22T04:01:46.995+0000] {manager.py:878} INFO - 
================================================================================
DAG File Processing Stats

File Path                               PID    Runtime      # DAGs    # Errors  Last Runtime    Last Run
--------------------------------------  -----  ---------  --------  ----------  --------------  -------------------
/opt/airflow/dags/nyc_taxi_pipeline.py                           1           0  0.27s           2026-07-22T04:01:44
================================================================================
[2026-07-22T04:02:17.498+0000] {manager.py:878} INFO - 
================================================================================
DAG File Processing Stats

File Path                               PID    Runtime      # DAGs    # Errors  Last Runtime    Last Run
--------------------------------------  -----  ---------  --------  ----------  --------------  -------------------
/opt/airflow/dags/nyc_taxi_pipeline.py                           1           0  0.27s           2026-07-22T04:02:14
================================================================================
[2026-07-22T04:02:48.012+0000] {manager.py:878} INFO - 
================================================================================
DAG File Processing Stats

File Path                               PID    Runtime      # DAGs    # Errors  Last Runtime    Last Run
--------------------------------------  -----  ---------  --------  ----------  --------------  -------------------
/opt/airflow/dags/nyc_taxi_pipeline.py                           1           0  0.26s           2026-07-22T04:02:45
================================================================================
[2026-07-22T04:03:09.237+0000] {manager.py:737} INFO - Searching for files in /opt/airflow/dags
[2026-07-22T04:03:09.297+0000] {manager.py:740} INFO - There are 1 files in /opt/airflow/dags
[2026-07-22T04:03:18.443+0000] {manager.py:878} INFO - 
================================================================================
DAG File Processing Stats

File Path                               PID    Runtime      # DAGs    # Errors  Last Runtime    Last Run
--------------------------------------  -----  ---------  --------  ----------  --------------  -------------------
/opt/airflow/dags/nyc_taxi_pipeline.py                           1           0  0.27s           2026-07-22T04:03:15
================================================================================
[2026-07-22T04:03:49.032+0000] {manager.py:878} INFO - 
================================================================================
DAG File Processing Stats

File Path                               PID    Runtime      # DAGs    # Errors  Last Runtime    Last Run
--------------------------------------  -----  ---------  --------  ----------  --------------  -------------------
/opt/airflow/dags/nyc_taxi_pipeline.py                           1           0  0.26s           2026-07-22T04:03:46
================================================================================
[2026-07-22T04:04:19.448+0000] {manager.py:878} INFO - 
================================================================================
DAG File Processing Stats

File Path                               PID    Runtime      # DAGs    # Errors  Last Runtime    Last Run
--------------------------------------  -----  ---------  --------  ----------  --------------  -------------------
/opt/airflow/dags/nyc_taxi_pipeline.py                           1           0  0.27s           2026-07-22T04:04:16
================================================================================
[2026-07-22T04:04:50.159+0000] {manager.py:878} INFO - 
================================================================================
DAG File Processing Stats

File Path                               PID    Runtime      # DAGs    # Errors  Last Runtime    Last Run
--------------------------------------  -----  ---------  --------  ----------  --------------  -------------------
/opt/airflow/dags/nyc_taxi_pipeline.py                           1           0  0.27s           2026-07-22T04:04:47
================================================================================
[2026-07-22T04:05:20.576+0000] {manager.py:878} INFO - 
================================================================================
DAG File Processing Stats

File Path                               PID    Runtime      # DAGs    # Errors  Last Runtime    Last Run
--------------------------------------  -----  ---------  --------  ----------  --------------  -------------------
/opt/airflow/dags/nyc_taxi_pipeline.py                           1           0  0.29s           2026-07-22T04:05:17
================================================================================
[2026-07-22T04:05:51.071+0000] {manager.py:878} INFO - 
================================================================================
DAG File Processing Stats

File Path                               PID    Runtime      # DAGs    # Errors  Last Runtime    Last Run
--------------------------------------  -----  ---------  --------  ----------  --------------  -------------------
/opt/airflow/dags/nyc_taxi_pipeline.py                           1           0  0.28s           2026-07-22T04:05:48
================================================================================
[2026-07-22T04:06:21.514+0000] {manager.py:878} INFO - 
================================================================================
DAG File Processing Stats

File Path                               PID    Runtime      # DAGs    # Errors  Last Runtime    Last Run
--------------------------------------  -----  ---------  --------  ----------  --------------  -------------------
/opt/airflow/dags/nyc_taxi_pipeline.py                           1           0  0.30s           2026-07-22T04:06:18
================================================================================
[2026-07-22T04:06:52.011+0000] {manager.py:878} INFO - 
================================================================================
DAG File Processing Stats

File Path                               PID    Runtime      # DAGs    # Errors  Last Runtime    Last Run
--------------------------------------  -----  ---------  --------  ----------  --------------  -------------------
/opt/airflow/dags/nyc_taxi_pipeline.py                           1           0  0.28s           2026-07-22T04:06:49
================================================================================
[2026-07-22T04:07:22.402+0000] {manager.py:878} INFO - 
================================================================================
DAG File Processing Stats

File Path                               PID    Runtime      # DAGs    # Errors  Last Runtime    Last Run
--------------------------------------  -----  ---------  --------  ----------  --------------  -------------------
/opt/airflow/dags/nyc_taxi_pipeline.py                           1           0  0.30s           2026-07-22T04:07:19
================================================================================
[2026-07-22T04:07:52.850+0000] {manager.py:878} INFO - 
================================================================================
DAG File Processing Stats

File Path                               PID    Runtime      # DAGs    # Errors  Last Runtime    Last Run
--------------------------------------  -----  ---------  --------  ----------  --------------  -------------------
/opt/airflow/dags/nyc_taxi_pipeline.py                           1           0  0.28s           2026-07-22T04:07:49
================================================================================
[2026-07-22T04:08:10.074+0000] {manager.py:737} INFO - Searching for files in /opt/airflow/dags
[2026-07-22T04:08:10.105+0000] {manager.py:740} INFO - There are 1 files in /opt/airflow/dags
[2026-07-22T04:08:23.310+0000] {manager.py:878} INFO - 
================================================================================
DAG File Processing Stats

File Path                               PID    Runtime      # DAGs    # Errors  Last Runtime    Last Run
--------------------------------------  -----  ---------  --------  ----------  --------------  -------------------
/opt/airflow/dags/nyc_taxi_pipeline.py                           1           0  0.28s           2026-07-22T04:08:20
================================================================================
[2026-07-22T04:08:53.650+0000] {manager.py:878} INFO - 
================================================================================
DAG File Processing Stats

File Path                               PID    Runtime      # DAGs    # Errors  Last Runtime    Last Run
--------------------------------------  -----  ---------  --------  ----------  --------------  -------------------
/opt/airflow/dags/nyc_taxi_pipeline.py                           1           0  0.26s           2026-07-22T04:08:50
================================================================================
[2026-07-22T04:09:24.183+0000] {manager.py:878} INFO - 
================================================================================
DAG File Processing Stats

File Path                               PID    Runtime      # DAGs    # Errors  Last Runtime    Last Run
--------------------------------------  -----  ---------  --------  ----------  --------------  -------------------
/opt/airflow/dags/nyc_taxi_pipeline.py                           1           0  0.30s           2026-07-22T04:09:21
================================================================================
[2026-07-22T04:09:54.699+0000] {manager.py:878} INFO - 
================================================================================
DAG File Processing Stats

File Path                               PID    Runtime      # DAGs    # Errors  Last Runtime    Last Run
--------------------------------------  -----  ---------  --------  ----------  --------------  -------------------
/opt/airflow/dags/nyc_taxi_pipeline.py                           1           0  0.44s           2026-07-22T04:09:51
================================================================================
[2026-07-22T04:10:25.251+0000] {manager.py:878} INFO - 
================================================================================
DAG File Processing Stats

File Path                               PID    Runtime      # DAGs    # Errors  Last Runtime    Last Run
--------------------------------------  -----  ---------  --------  ----------  --------------  -------------------
/opt/airflow/dags/nyc_taxi_pipeline.py                           1           0  0.28s           2026-07-22T04:10:22
================================================================================
[2026-07-22T04:10:55.206+0000] {manager.py:452} INFO - Exiting gracefully upon receiving signal 15
[2026-07-22T04:11:23.232+0000] {manager.py:470} INFO - Processing files using up to 2 processes at a time 
[2026-07-22T04:11:23.234+0000] {manager.py:471} INFO - Process each file at most once every 30 seconds
[2026-07-22T04:11:23.235+0000] {manager.py:472} INFO - Checking for new files in /opt/airflow/dags every 300 seconds
[2026-07-22T04:11:23.238+0000] {manager.py:737} INFO - Searching for files in /opt/airflow/dags
[2026-07-22T04:11:23.268+0000] {manager.py:740} INFO - There are 1 files in /opt/airflow/dags
[2026-07-22T04:11:23.478+0000] {manager.py:878} INFO - 
================================================================================
DAG File Processing Stats

File Path                                 PID  Runtime      # DAGs    # Errors  Last Runtime    Last Run
--------------------------------------  -----  ---------  --------  ----------  --------------  ----------
/opt/airflow/dags/nyc_taxi_pipeline.py    164  0.06s             0           0
================================================================================
[2026-07-22T04:11:53.890+0000] {manager.py:878} INFO - 
================================================================================
DAG File Processing Stats

File Path                                 PID  Runtime      # DAGs    # Errors  Last Runtime    Last Run
--------------------------------------  -----  ---------  --------  ----------  --------------  -------------------
/opt/airflow/dags/nyc_taxi_pipeline.py    169  0.02s             1           0  0.36s           2026-07-22T04:11:23
================================================================================
[2026-07-22T04:12:24.180+0000] {manager.py:878} INFO - 
================================================================================
DAG File Processing Stats

File Path                               PID    Runtime      # DAGs    # Errors  Last Runtime    Last Run
--------------------------------------  -----  ---------  --------  ----------  --------------  -------------------
/opt/airflow/dags/nyc_taxi_pipeline.py                           1           0  1.00s           2026-07-22T04:11:54
================================================================================
[2026-07-22T04:12:54.711+0000] {manager.py:878} INFO - 
================================================================================
DAG File Processing Stats

File Path                               PID    Runtime      # DAGs    # Errors  Last Runtime    Last Run
--------------------------------------  -----  ---------  --------  ----------  --------------  -------------------
/opt/airflow/dags/nyc_taxi_pipeline.py                           1           0  0.50s           2026-07-22T04:12:25
================================================================================
[2026-07-22T04:13:25.289+0000] {manager.py:878} INFO - 
================================================================================
DAG File Processing Stats

File Path                               PID    Runtime      # DAGs    # Errors  Last Runtime    Last Run
--------------------------------------  -----  ---------  --------  ----------  --------------  -------------------
/opt/airflow/dags/nyc_taxi_pipeline.py                           1           0  0.40s           2026-07-22T04:12:56
================================================================================
[2026-07-22T04:13:55.724+0000] {manager.py:878} INFO - 
================================================================================
DAG File Processing Stats

File Path                               PID    Runtime      # DAGs    # Errors  Last Runtime    Last Run
--------------------------------------  -----  ---------  --------  ----------  --------------  -------------------
/opt/airflow/dags/nyc_taxi_pipeline.py                           1           0  0.61s           2026-07-22T04:13:26
================================================================================
[2026-07-22T04:14:25.854+0000] {manager.py:878} INFO - 
================================================================================
DAG File Processing Stats

File Path                               PID    Runtime      # DAGs    # Errors  Last Runtime    Last Run
--------------------------------------  -----  ---------  --------  ----------  --------------  -------------------
/opt/airflow/dags/nyc_taxi_pipeline.py                           1           0  0.40s           2026-07-22T04:13:57
================================================================================
[2026-07-22T04:14:55.859+0000] {manager.py:878} INFO - 
================================================================================
DAG File Processing Stats

File Path                               PID    Runtime      # DAGs    # Errors  Last Runtime    Last Run
--------------------------------------  -----  ---------  --------  ----------  --------------  -------------------
/opt/airflow/dags/nyc_taxi_pipeline.py                           1           0  0.76s           2026-07-22T04:14:28
================================================================================
[2026-07-22T04:15:26.275+0000] {manager.py:878} INFO - 
================================================================================
DAG File Processing Stats

File Path                               PID    Runtime      # DAGs    # Errors  Last Runtime    Last Run
--------------------------------------  -----  ---------  --------  ----------  --------------  -------------------
/opt/airflow/dags/nyc_taxi_pipeline.py                           1           0  2.49s           2026-07-22T04:15:01
================================================================================
[2026-07-22T04:15:56.514+0000] {manager.py:878} INFO - 
================================================================================
DAG File Processing Stats

File Path                               PID    Runtime      # DAGs    # Errors  Last Runtime    Last Run
--------------------------------------  -----  ---------  --------  ----------  --------------  -------------------
/opt/airflow/dags/nyc_taxi_pipeline.py                           1           0  0.49s           2026-07-22T04:15:32
================================================================================
[2026-07-22T04:16:23.273+0000] {manager.py:737} INFO - Searching for files in /opt/airflow/dags
[2026-07-22T04:16:23.309+0000] {manager.py:740} INFO - There are 1 files in /opt/airflow/dags
[2026-07-22T04:16:27.444+0000] {manager.py:878} INFO - 
================================================================================
DAG File Processing Stats

File Path                               PID    Runtime      # DAGs    # Errors  Last Runtime    Last Run
--------------------------------------  -----  ---------  --------  ----------  --------------  -------------------
/opt/airflow/dags/nyc_taxi_pipeline.py                           1           0  0.56s           2026-07-22T04:16:03
================================================================================
[2026-07-22T04:16:57.758+0000] {manager.py:878} INFO - 
================================================================================
DAG File Processing Stats

File Path                               PID    Runtime      # DAGs    # Errors  Last Runtime    Last Run
--------------------------------------  -----  ---------  --------  ----------  --------------  -------------------
/opt/airflow/dags/nyc_taxi_pipeline.py                           1           0  0.64s           2026-07-22T04:16:34
================================================================================
[2026-07-22T04:17:28.011+0000] {manager.py:878} INFO - 
================================================================================
DAG File Processing Stats

File Path                               PID    Runtime      # DAGs    # Errors  Last Runtime    Last Run
--------------------------------------  -----  ---------  --------  ----------  --------------  -------------------
/opt/airflow/dags/nyc_taxi_pipeline.py                           1           0  0.33s           2026-07-22T04:17:04
================================================================================
[2026-07-22T04:17:58.309+0000] {manager.py:878} INFO - 
================================================================================
DAG File Processing Stats

File Path                               PID    Runtime      # DAGs    # Errors  Last Runtime    Last Run
--------------------------------------  -----  ---------  --------  ----------  --------------  -------------------
/opt/airflow/dags/nyc_taxi_pipeline.py                           1           0  0.38s           2026-07-22T04:17:35
================================================================================
[2026-07-22T04:18:28.978+0000] {manager.py:878} INFO - 
================================================================================
DAG File Processing Stats

File Path                               PID    Runtime      # DAGs    # Errors  Last Runtime    Last Run
--------------------------------------  -----  ---------  --------  ----------  --------------  -------------------
/opt/airflow/dags/nyc_taxi_pipeline.py                           1           0  0.26s           2026-07-22T04:18:06
================================================================================
[2026-07-22T04:18:59.481+0000] {manager.py:878} INFO - 
================================================================================
DAG File Processing Stats

File Path                               PID    Runtime      # DAGs    # Errors  Last Runtime    Last Run
--------------------------------------  -----  ---------  --------  ----------  --------------  -------------------
/opt/airflow/dags/nyc_taxi_pipeline.py                           1           0  0.27s           2026-07-22T04:18:36
================================================================================
[2026-07-22T04:19:29.777+0000] {manager.py:878} INFO - 
================================================================================
DAG File Processing Stats

File Path                               PID    Runtime      # DAGs    # Errors  Last Runtime    Last Run
--------------------------------------  -----  ---------  --------  ----------  --------------  -------------------
/opt/airflow/dags/nyc_taxi_pipeline.py                           1           0  0.30s           2026-07-22T04:19:06
================================================================================
[2026-07-22T04:20:00.377+0000] {manager.py:878} INFO - 
================================================================================
DAG File Processing Stats

File Path                               PID    Runtime      # DAGs    # Errors  Last Runtime    Last Run
--------------------------------------  -----  ---------  --------  ----------  --------------  -------------------
/opt/airflow/dags/nyc_taxi_pipeline.py                           1           0  0.39s           2026-07-22T04:19:37
================================================================================
[2026-07-22T04:20:31.138+0000] {manager.py:878} INFO - 
================================================================================
DAG File Processing Stats

File Path                               PID    Runtime      # DAGs    # Errors  Last Runtime    Last Run
--------------------------------------  -----  ---------  --------  ----------  --------------  -------------------
/opt/airflow/dags/nyc_taxi_pipeline.py                           1           0  0.28s           2026-07-22T04:20:08
================================================================================
[2026-07-22T04:21:01.678+0000] {manager.py:878} INFO - 
================================================================================
DAG File Processing Stats

File Path                               PID    Runtime      # DAGs    # Errors  Last Runtime    Last Run
--------------------------------------  -----  ---------  --------  ----------  --------------  -------------------
/opt/airflow/dags/nyc_taxi_pipeline.py                           1           0  0.32s           2026-07-22T04:20:38
================================================================================
[2026-07-22T04:21:23.984+0000] {manager.py:737} INFO - Searching for files in /opt/airflow/dags
[2026-07-22T04:21:24.071+0000] {manager.py:740} INFO - There are 1 files in /opt/airflow/dags
[2026-07-22T04:21:32.228+0000] {manager.py:878} INFO - 
================================================================================
DAG File Processing Stats

File Path                               PID    Runtime      # DAGs    # Errors  Last Runtime    Last Run
--------------------------------------  -----  ---------  --------  ----------  --------------  -------------------
/opt/airflow/dags/nyc_taxi_pipeline.py                           1           0  0.30s           2026-07-22T04:21:09
================================================================================
[2026-07-22T04:22:02.542+0000] {manager.py:878} INFO - 
================================================================================
DAG File Processing Stats

File Path                               PID    Runtime      # DAGs    # Errors  Last Runtime    Last Run
--------------------------------------  -----  ---------  --------  ----------  --------------  -------------------
/opt/airflow/dags/nyc_taxi_pipeline.py                           1           0  0.59s           2026-07-22T04:21:39
================================================================================
[2026-07-22T04:22:32.668+0000] {manager.py:878} INFO - 
================================================================================
DAG File Processing Stats

File Path                               PID    Runtime      # DAGs    # Errors  Last Runtime    Last Run
--------------------------------------  -----  ---------  --------  ----------  --------------  -------------------
/opt/airflow/dags/nyc_taxi_pipeline.py                           1           0  0.26s           2026-07-22T04:22:10
================================================================================
[2026-07-22T04:23:02.979+0000] {manager.py:878} INFO - 
================================================================================
DAG File Processing Stats

File Path                               PID    Runtime      # DAGs    # Errors  Last Runtime    Last Run
--------------------------------------  -----  ---------  --------  ----------  --------------  -------------------
/opt/airflow/dags/nyc_taxi_pipeline.py                           1           0  0.30s           2026-07-22T04:22:40
================================================================================
[2026-07-22T04:23:33.447+0000] {manager.py:878} INFO - 
================================================================================
DAG File Processing Stats

File Path                               PID    Runtime      # DAGs    # Errors  Last Runtime    Last Run
--------------------------------------  -----  ---------  --------  ----------  --------------  -------------------
/opt/airflow/dags/nyc_taxi_pipeline.py                           1           0  0.40s           2026-07-22T04:23:11
================================================================================
[2026-07-22T04:24:03.532+0000] {manager.py:878} INFO - 
================================================================================
DAG File Processing Stats

File Path                               PID    Runtime      # DAGs    # Errors  Last Runtime    Last Run
--------------------------------------  -----  ---------  --------  ----------  --------------  -------------------
/opt/airflow/dags/nyc_taxi_pipeline.py                           1           0  0.76s           2026-07-22T04:23:42
================================================================================
[2026-07-22T04:24:33.904+0000] {manager.py:878} INFO - 
================================================================================
DAG File Processing Stats

File Path                               PID    Runtime      # DAGs    # Errors  Last Runtime    Last Run
--------------------------------------  -----  ---------  --------  ----------  --------------  -------------------
/opt/airflow/dags/nyc_taxi_pipeline.py                           1           0  0.30s           2026-07-22T04:24:12
================================================================================
[2026-07-22T04:25:03.960+0000] {manager.py:878} INFO - 
================================================================================
DAG File Processing Stats

File Path                               PID    Runtime      # DAGs    # Errors  Last Runtime    Last Run
--------------------------------------  -----  ---------  --------  ----------  --------------  -------------------
/opt/airflow/dags/nyc_taxi_pipeline.py                           1           0  0.52s           2026-07-22T04:24:43
================================================================================
[2026-07-22T04:25:34.417+0000] {manager.py:878} INFO - 
================================================================================
DAG File Processing Stats

File Path                               PID    Runtime      # DAGs    # Errors  Last Runtime    Last Run
--------------------------------------  -----  ---------  --------  ----------  --------------  -------------------
/opt/airflow/dags/nyc_taxi_pipeline.py                           1           0  0.56s           2026-07-22T04:25:14
================================================================================
[2026-07-22T04:26:04.496+0000] {manager.py:878} INFO - 
================================================================================
DAG File Processing Stats

File Path                               PID    Runtime      # DAGs    # Errors  Last Runtime    Last Run
--------------------------------------  -----  ---------  --------  ----------  --------------  -------------------
/opt/airflow/dags/nyc_taxi_pipeline.py                           1           0  0.71s           2026-07-22T04:25:45
================================================================================
[2026-07-22T04:26:24.032+0000] {manager.py:737} INFO - Searching for files in /opt/airflow/dags
[2026-07-22T04:26:24.075+0000] {manager.py:740} INFO - There are 1 files in /opt/airflow/dags
[2026-07-22T04:26:34.897+0000] {manager.py:878} INFO - 
================================================================================
DAG File Processing Stats

File Path                               PID    Runtime      # DAGs    # Errors  Last Runtime    Last Run
--------------------------------------  -----  ---------  --------  ----------  --------------  -------------------
/opt/airflow/dags/nyc_taxi_pipeline.py                           1           0  1.31s           2026-07-22T04:26:16
================================================================================
[2026-07-22T04:27:05.616+0000] {manager.py:878} INFO - 
================================================================================
DAG File Processing Stats

File Path                               PID    Runtime      # DAGs    # Errors  Last Runtime    Last Run
--------------------------------------  -----  ---------  --------  ----------  --------------  -------------------
/opt/airflow/dags/nyc_taxi_pipeline.py                           1           0  1.52s           2026-07-22T04:26:48
================================================================================
[2026-07-22T04:27:35.643+0000] {manager.py:878} INFO - 
================================================================================
DAG File Processing Stats

File Path                               PID    Runtime      # DAGs    # Errors  Last Runtime    Last Run
--------------------------------------  -----  ---------  --------  ----------  --------------  -------------------
/opt/airflow/dags/nyc_taxi_pipeline.py                           1           0  1.16s           2026-07-22T04:27:19
================================================================================
[2026-07-22T04:28:06.096+0000] {manager.py:878} INFO - 
================================================================================
DAG File Processing Stats

File Path                               PID    Runtime      # DAGs    # Errors  Last Runtime    Last Run
--------------------------------------  -----  ---------  --------  ----------  --------------  -------------------
/opt/airflow/dags/nyc_taxi_pipeline.py                           1           0  0.55s           2026-07-22T04:27:51
================================================================================
[2026-07-22T04:28:36.405+0000] {manager.py:878} INFO - 
================================================================================
DAG File Processing Stats

File Path                               PID    Runtime      # DAGs    # Errors  Last Runtime    Last Run
--------------------------------------  -----  ---------  --------  ----------  --------------  -------------------
/opt/airflow/dags/nyc_taxi_pipeline.py                           1           0  1.97s           2026-07-22T04:28:23
================================================================================
[2026-07-22T04:29:07.090+0000] {manager.py:878} INFO - 
================================================================================
DAG File Processing Stats

File Path                               PID    Runtime      # DAGs    # Errors  Last Runtime    Last Run
--------------------------------------  -----  ---------  --------  ----------  --------------  -------------------
/opt/airflow/dags/nyc_taxi_pipeline.py                           1           0  0.43s           2026-07-22T04:28:54
================================================================================
[2026-07-22T04:29:37.542+0000] {manager.py:878} INFO - 
================================================================================
DAG File Processing Stats

File Path                               PID    Runtime      # DAGs    # Errors  Last Runtime    Last Run
--------------------------------------  -----  ---------  --------  ----------  --------------  -------------------
/opt/airflow/dags/nyc_taxi_pipeline.py                           1           0  0.51s           2026-07-22T04:29:24
================================================================================
[2026-07-22T04:30:07.844+0000] {manager.py:878} INFO - 
================================================================================
DAG File Processing Stats

File Path                               PID    Runtime      # DAGs    # Errors  Last Runtime    Last Run
--------------------------------------  -----  ---------  --------  ----------  --------------  -------------------
/opt/airflow/dags/nyc_taxi_pipeline.py                           1           0  0.59s           2026-07-22T04:29:55
================================================================================
[2026-07-22T04:30:38.251+0000] {manager.py:878} INFO - 
================================================================================
DAG File Processing Stats

File Path                               PID    Runtime      # DAGs    # Errors  Last Runtime    Last Run
--------------------------------------  -----  ---------  --------  ----------  --------------  -------------------
/opt/airflow/dags/nyc_taxi_pipeline.py                           1           0  0.46s           2026-07-22T04:30:26
================================================================================
[2026-07-22T04:31:08.476+0000] {manager.py:878} INFO - 
================================================================================
DAG File Processing Stats

File Path                               PID    Runtime      # DAGs    # Errors  Last Runtime    Last Run
--------------------------------------  -----  ---------  --------  ----------  --------------  -------------------
/opt/airflow/dags/nyc_taxi_pipeline.py                           1           0  1.49s           2026-07-22T04:30:58
================================================================================
[2026-07-22T04:31:24.612+0000] {manager.py:737} INFO - Searching for files in /opt/airflow/dags
[2026-07-22T04:31:24.649+0000] {manager.py:740} INFO - There are 1 files in /opt/airflow/dags
[2026-07-22T04:31:38.877+0000] {manager.py:878} INFO - 
================================================================================
DAG File Processing Stats

File Path                               PID    Runtime      # DAGs    # Errors  Last Runtime    Last Run
--------------------------------------  -----  ---------  --------  ----------  --------------  -------------------
/opt/airflow/dags/nyc_taxi_pipeline.py                           1           0  0.54s           2026-07-22T04:31:29
================================================================================
[2026-07-22T04:32:09.160+0000] {manager.py:878} INFO - 
================================================================================
DAG File Processing Stats

File Path                               PID    Runtime      # DAGs    # Errors  Last Runtime    Last Run
--------------------------------------  -----  ---------  --------  ----------  --------------  -------------------
/opt/airflow/dags/nyc_taxi_pipeline.py                           1           0  0.52s           2026-07-22T04:32:00
================================================================================
[2026-07-22T04:32:39.178+0000] {manager.py:878} INFO - 
================================================================================
DAG File Processing Stats

File Path                               PID    Runtime      # DAGs    # Errors  Last Runtime    Last Run
--------------------------------------  -----  ---------  --------  ----------  --------------  -------------------
/opt/airflow/dags/nyc_taxi_pipeline.py                           1           0  0.70s           2026-07-22T04:32:31
================================================================================
[2026-07-22T04:33:09.522+0000] {manager.py:878} INFO - 
================================================================================
DAG File Processing Stats

File Path                               PID    Runtime      # DAGs    # Errors  Last Runtime    Last Run
--------------------------------------  -----  ---------  --------  ----------  --------------  -------------------
/opt/airflow/dags/nyc_taxi_pipeline.py                           1           0  0.31s           2026-07-22T04:33:01
================================================================================
[2026-07-22T04:33:40.100+0000] {manager.py:878} INFO - 
================================================================================
DAG File Processing Stats

File Path                               PID    Runtime      # DAGs    # Errors  Last Runtime    Last Run
--------------------------------------  -----  ---------  --------  ----------  --------------  -------------------
/opt/airflow/dags/nyc_taxi_pipeline.py                           1           0  0.28s           2026-07-22T04:33:32
================================================================================
[2026-07-22T04:34:10.565+0000] {manager.py:878} INFO - 
================================================================================
DAG File Processing Stats

File Path                               PID    Runtime      # DAGs    # Errors  Last Runtime    Last Run
--------------------------------------  -----  ---------  --------  ----------  --------------  -------------------
/opt/airflow/dags/nyc_taxi_pipeline.py                           1           0  0.52s           2026-07-22T04:34:02
================================================================================
[2026-07-22T04:34:40.596+0000] {manager.py:878} INFO - 
================================================================================
DAG File Processing Stats

File Path                               PID    Runtime      # DAGs    # Errors  Last Runtime    Last Run
--------------------------------------  -----  ---------  --------  ----------  --------------  -------------------
/opt/airflow/dags/nyc_taxi_pipeline.py                           1           0  0.28s           2026-07-22T04:34:33
================================================================================
[2026-07-22T04:35:10.921+0000] {manager.py:878} INFO - 
================================================================================
DAG File Processing Stats

File Path                               PID    Runtime      # DAGs    # Errors  Last Runtime    Last Run
--------------------------------------  -----  ---------  --------  ----------  --------------  -------------------
/opt/airflow/dags/nyc_taxi_pipeline.py                           1           0  0.32s           2026-07-22T04:35:03
================================================================================
[2026-07-22T04:35:41.327+0000] {manager.py:878} INFO - 
================================================================================
DAG File Processing Stats

File Path                               PID    Runtime      # DAGs    # Errors  Last Runtime    Last Run
--------------------------------------  -----  ---------  --------  ----------  --------------  -------------------
/opt/airflow/dags/nyc_taxi_pipeline.py                           1           0  0.33s           2026-07-22T04:35:34
================================================================================
[2026-07-22T04:36:11.902+0000] {manager.py:878} INFO - 
================================================================================
DAG File Processing Stats

File Path                               PID    Runtime      # DAGs    # Errors  Last Runtime    Last Run
--------------------------------------  -----  ---------  --------  ----------  --------------  -------------------
/opt/airflow/dags/nyc_taxi_pipeline.py                           1           0  0.46s           2026-07-22T04:36:05
================================================================================
[2026-07-22T04:36:25.031+0000] {manager.py:737} INFO - Searching for files in /opt/airflow/dags
[2026-07-22T04:36:25.071+0000] {manager.py:740} INFO - There are 1 files in /opt/airflow/dags
[2026-07-22T04:36:42.434+0000] {manager.py:878} INFO - 
================================================================================
DAG File Processing Stats

File Path                               PID    Runtime      # DAGs    # Errors  Last Runtime    Last Run
--------------------------------------  -----  ---------  --------  ----------  --------------  -------------------
/opt/airflow/dags/nyc_taxi_pipeline.py                           1           0  0.42s           2026-07-22T04:36:35
================================================================================
[2026-07-22T04:37:12.455+0000] {manager.py:878} INFO - 
================================================================================
DAG File Processing Stats

File Path                               PID    Runtime      # DAGs    # Errors  Last Runtime    Last Run
--------------------------------------  -----  ---------  --------  ----------  --------------  -------------------
/opt/airflow/dags/nyc_taxi_pipeline.py                           1           0  0.69s           2026-07-22T04:37:06
================================================================================
[2026-07-22T04:37:42.865+0000] {manager.py:878} INFO - 
================================================================================
DAG File Processing Stats

File Path                               PID    Runtime      # DAGs    # Errors  Last Runtime    Last Run
--------------------------------------  -----  ---------  --------  ----------  --------------  -------------------
/opt/airflow/dags/nyc_taxi_pipeline.py                           1           0  0.47s           2026-07-22T04:37:37
================================================================================
[2026-07-22T04:38:13.022+0000] {manager.py:878} INFO - 
================================================================================
DAG File Processing Stats

File Path                               PID    Runtime      # DAGs    # Errors  Last Runtime    Last Run
--------------------------------------  -----  ---------  --------  ----------  --------------  -------------------
/opt/airflow/dags/nyc_taxi_pipeline.py                           1           0  0.31s           2026-07-22T04:38:07
================================================================================
[2026-07-22T04:38:43.044+0000] {manager.py:878} INFO - 
================================================================================
DAG File Processing Stats

File Path                               PID    Runtime      # DAGs    # Errors  Last Runtime    Last Run
--------------------------------------  -----  ---------  --------  ----------  --------------  -------------------
/opt/airflow/dags/nyc_taxi_pipeline.py                           1           0  0.30s           2026-07-22T04:38:38
================================================================================
[2026-07-22T04:39:13.387+0000] {manager.py:878} INFO - 
================================================================================
DAG File Processing Stats

File Path                               PID    Runtime      # DAGs    # Errors  Last Runtime    Last Run
--------------------------------------  -----  ---------  --------  ----------  --------------  -------------------
/opt/airflow/dags/nyc_taxi_pipeline.py                           1           0  0.29s           2026-07-22T04:39:08
================================================================================
[2026-07-22T04:39:44.035+0000] {manager.py:878} INFO - 
================================================================================
DAG File Processing Stats

File Path                               PID    Runtime      # DAGs    # Errors  Last Runtime    Last Run
--------------------------------------  -----  ---------  --------  ----------  --------------  -------------------
/opt/airflow/dags/nyc_taxi_pipeline.py                           1           0  0.46s           2026-07-22T04:39:39
================================================================================
[2026-07-22T04:40:14.431+0000] {manager.py:878} INFO - 
================================================================================
DAG File Processing Stats

File Path                               PID    Runtime      # DAGs    # Errors  Last Runtime    Last Run
--------------------------------------  -----  ---------  --------  ----------  --------------  -------------------
/opt/airflow/dags/nyc_taxi_pipeline.py                           1           0  0.32s           2026-07-22T04:40:09
================================================================================
[2026-07-22T04:40:44.771+0000] {manager.py:878} INFO - 
================================================================================
DAG File Processing Stats

File Path                               PID    Runtime      # DAGs    # Errors  Last Runtime    Last Run
--------------------------------------  -----  ---------  --------  ----------  --------------  -------------------
/opt/airflow/dags/nyc_taxi_pipeline.py                           1           0  1.13s           2026-07-22T04:40:40
================================================================================
[2026-07-22T04:41:15.191+0000] {manager.py:878} INFO - 
================================================================================
DAG File Processing Stats

File Path                               PID    Runtime      # DAGs    # Errors  Last Runtime    Last Run
--------------------------------------  -----  ---------  --------  ----------  --------------  -------------------
/opt/airflow/dags/nyc_taxi_pipeline.py                           1           0  1.17s           2026-07-22T04:41:12
================================================================================
[2026-07-22T04:41:25.382+0000] {manager.py:737} INFO - Searching for files in /opt/airflow/dags
[2026-07-22T04:41:25.425+0000] {manager.py:740} INFO - There are 1 files in /opt/airflow/dags
[2026-07-22T04:41:45.611+0000] {manager.py:878} INFO - 
================================================================================
DAG File Processing Stats

File Path                               PID    Runtime      # DAGs    # Errors  Last Runtime    Last Run
--------------------------------------  -----  ---------  --------  ----------  --------------  -------------------
/opt/airflow/dags/nyc_taxi_pipeline.py                           1           0  1.93s           2026-07-22T04:41:44
================================================================================
[2026-07-22T04:42:15.695+0000] {manager.py:878} INFO - 
================================================================================
DAG File Processing Stats

File Path                               PID    Runtime      # DAGs    # Errors  Last Runtime    Last Run
--------------------------------------  -----  ---------  --------  ----------  --------------  -------------------
/opt/airflow/dags/nyc_taxi_pipeline.py                           1           0  0.47s           2026-07-22T04:42:15
================================================================================
[2026-07-22T04:42:46.059+0000] {manager.py:878} INFO - 
================================================================================
DAG File Processing Stats

File Path                                 PID  Runtime      # DAGs    # Errors  Last Runtime    Last Run
--------------------------------------  -----  ---------  --------  ----------  --------------  -------------------
/opt/airflow/dags/nyc_taxi_pipeline.py    483  0.56s             1           0  0.47s           2026-07-22T04:42:15
================================================================================
[2026-07-22T04:43:16.464+0000] {manager.py:878} INFO - 
================================================================================
DAG File Processing Stats

File Path                                 PID  Runtime      # DAGs    # Errors  Last Runtime    Last Run
--------------------------------------  -----  ---------  --------  ----------  --------------  -------------------
/opt/airflow/dags/nyc_taxi_pipeline.py    488  0.01s             1           0  0.56s           2026-07-22T04:42:46
================================================================================
[2026-07-22T04:43:46.959+0000] {manager.py:878} INFO - 
================================================================================
DAG File Processing Stats

File Path                               PID    Runtime      # DAGs    # Errors  Last Runtime    Last Run
--------------------------------------  -----  ---------  --------  ----------  --------------  -------------------
/opt/airflow/dags/nyc_taxi_pipeline.py                           1           0  1.49s           2026-07-22T04:43:17
================================================================================
[2026-07-22T04:44:17.706+0000] {manager.py:878} INFO - 
================================================================================
DAG File Processing Stats

File Path                               PID    Runtime      # DAGs    # Errors  Last Runtime    Last Run
--------------------------------------  -----  ---------  --------  ----------  --------------  -------------------
/opt/airflow/dags/nyc_taxi_pipeline.py                           1           0  0.51s           2026-07-22T04:43:48
================================================================================
[2026-07-22T04:44:47.719+0000] {manager.py:878} INFO - 
================================================================================
DAG File Processing Stats

File Path                               PID    Runtime      # DAGs    # Errors  Last Runtime    Last Run
--------------------------------------  -----  ---------  --------  ----------  --------------  -------------------
/opt/airflow/dags/nyc_taxi_pipeline.py                           1           0  0.68s           2026-07-22T04:44:19
================================================================================
[2026-07-22T07:18:09.013+0000] {manager.py:737} INFO - Searching for files in /opt/airflow/dags
[2026-07-22T07:18:09.612+0000] {manager.py:740} INFO - There are 1 files in /opt/airflow/dags
[2026-07-22T07:18:32.278+0000] {manager.py:878} INFO - 
================================================================================
DAG File Processing Stats

File Path                               PID    Runtime      # DAGs    # Errors  Last Runtime    Last Run
--------------------------------------  -----  ---------  --------  ----------  --------------  -------------------
/opt/airflow/dags/nyc_taxi_pipeline.py                           1           0  1.68s           2026-07-22T07:18:13
================================================================================
[2026-07-22T07:19:02.559+0000] {manager.py:878} INFO - 
================================================================================
DAG File Processing Stats

File Path                               PID    Runtime      # DAGs    # Errors  Last Runtime    Last Run
--------------------------------------  -----  ---------  --------  ----------  --------------  -------------------
/opt/airflow/dags/nyc_taxi_pipeline.py                           1           0  0.49s           2026-07-22T07:18:43
================================================================================
[2026-07-22T07:19:32.925+0000] {manager.py:878} INFO - 
================================================================================
DAG File Processing Stats

File Path                               PID    Runtime      # DAGs    # Errors  Last Runtime    Last Run
--------------------------------------  -----  ---------  --------  ----------  --------------  -------------------
/opt/airflow/dags/nyc_taxi_pipeline.py                           1           0  0.48s           2026-07-22T07:19:14
================================================================================
[2026-07-22T07:20:03.719+0000] {manager.py:878} INFO - 
================================================================================
DAG File Processing Stats

File Path                               PID    Runtime      # DAGs    # Errors  Last Runtime    Last Run
--------------------------------------  -----  ---------  --------  ----------  --------------  -------------------
/opt/airflow/dags/nyc_taxi_pipeline.py                           1           0  0.39s           2026-07-22T07:19:45
================================================================================
[2026-07-22T07:20:34.338+0000] {manager.py:878} INFO - 
================================================================================
DAG File Processing Stats

File Path                               PID    Runtime      # DAGs    # Errors  Last Runtime    Last Run
--------------------------------------  -----  ---------  --------  ----------  --------------  -------------------
/opt/airflow/dags/nyc_taxi_pipeline.py                           1           0  0.34s           2026-07-22T07:20:16
================================================================================
[2026-07-22T07:21:05.144+0000] {manager.py:878} INFO - 
================================================================================
DAG File Processing Stats

File Path                               PID    Runtime      # DAGs    # Errors  Last Runtime    Last Run
--------------------------------------  -----  ---------  --------  ----------  --------------  -------------------
/opt/airflow/dags/nyc_taxi_pipeline.py                           1           0  0.34s           2026-07-22T07:20:46
================================================================================
[2026-07-22T07:21:35.521+0000] {manager.py:878} INFO - 
================================================================================
DAG File Processing Stats

File Path                               PID    Runtime      # DAGs    # Errors  Last Runtime    Last Run
--------------------------------------  -----  ---------  --------  ----------  --------------  -------------------
/opt/airflow/dags/nyc_taxi_pipeline.py                           1           0  0.25s           2026-07-22T07:21:17
================================================================================
[2026-07-22T07:22:06.025+0000] {manager.py:878} INFO - 
================================================================================
DAG File Processing Stats

File Path                               PID    Runtime      # DAGs    # Errors  Last Runtime    Last Run
--------------------------------------  -----  ---------  --------  ----------  --------------  -------------------
/opt/airflow/dags/nyc_taxi_pipeline.py                           1           0  0.25s           2026-07-22T07:21:47
================================================================================
[2026-07-22T07:22:36.400+0000] {manager.py:878} INFO - 
================================================================================
DAG File Processing Stats

File Path                               PID    Runtime      # DAGs    # Errors  Last Runtime    Last Run
--------------------------------------  -----  ---------  --------  ----------  --------------  -------------------
/opt/airflow/dags/nyc_taxi_pipeline.py                           1           0  0.28s           2026-07-22T07:22:18
================================================================================
[2026-07-22T07:23:07.089+0000] {manager.py:878} INFO - 
================================================================================
DAG File Processing Stats

File Path                               PID    Runtime      # DAGs    # Errors  Last Runtime    Last Run
--------------------------------------  -----  ---------  --------  ----------  --------------  -------------------
/opt/airflow/dags/nyc_taxi_pipeline.py                           1           0  0.28s           2026-07-22T07:22:48
================================================================================
[2026-07-22T07:23:09.117+0000] {manager.py:737} INFO - Searching for files in /opt/airflow/dags
[2026-07-22T07:23:09.246+0000] {manager.py:740} INFO - There are 1 files in /opt/airflow/dags
[2026-07-22T07:23:37.868+0000] {manager.py:878} INFO - 
================================================================================
DAG File Processing Stats

File Path                               PID    Runtime      # DAGs    # Errors  Last Runtime    Last Run
--------------------------------------  -----  ---------  --------  ----------  --------------  -------------------
/opt/airflow/dags/nyc_taxi_pipeline.py                           1           0  0.28s           2026-07-22T07:23:19
================================================================================
[2026-07-22T07:24:08.328+0000] {manager.py:878} INFO - 
================================================================================
DAG File Processing Stats

File Path                               PID    Runtime      # DAGs    # Errors  Last Runtime    Last Run
--------------------------------------  -----  ---------  --------  ----------  --------------  -------------------
/opt/airflow/dags/nyc_taxi_pipeline.py                           1           0  0.30s           2026-07-22T07:23:50
================================================================================
[2026-07-22T07:24:38.800+0000] {manager.py:878} INFO - 
================================================================================
DAG File Processing Stats

File Path                               PID    Runtime      # DAGs    # Errors  Last Runtime    Last Run
--------------------------------------  -----  ---------  --------  ----------  --------------  -------------------
/opt/airflow/dags/nyc_taxi_pipeline.py                           1           0  0.28s           2026-07-22T07:24:20
================================================================================
[2026-07-22T07:25:09.271+0000] {manager.py:878} INFO - 
================================================================================
DAG File Processing Stats

File Path                               PID    Runtime      # DAGs    # Errors  Last Runtime    Last Run
--------------------------------------  -----  ---------  --------  ----------  --------------  -------------------
/opt/airflow/dags/nyc_taxi_pipeline.py                           1           0  0.29s           2026-07-22T07:24:51
================================================================================
[2026-07-22T07:25:39.827+0000] {manager.py:878} INFO - 
================================================================================
DAG File Processing Stats

File Path                               PID    Runtime      # DAGs    # Errors  Last Runtime    Last Run
--------------------------------------  -----  ---------  --------  ----------  --------------  -------------------
/opt/airflow/dags/nyc_taxi_pipeline.py                           1           0  0.24s           2026-07-22T07:25:21
================================================================================
[2026-07-22T07:26:10.320+0000] {manager.py:878} INFO - 
================================================================================
DAG File Processing Stats

File Path                               PID    Runtime      # DAGs    # Errors  Last Runtime    Last Run
--------------------------------------  -----  ---------  --------  ----------  --------------  -------------------
/opt/airflow/dags/nyc_taxi_pipeline.py                           1           0  0.34s           2026-07-22T07:25:52
================================================================================
[2026-07-22T07:26:40.762+0000] {manager.py:878} INFO - 
================================================================================
DAG File Processing Stats

File Path                               PID    Runtime      # DAGs    # Errors  Last Runtime    Last Run
--------------------------------------  -----  ---------  --------  ----------  --------------  -------------------
/opt/airflow/dags/nyc_taxi_pipeline.py                           1           0  0.24s           2026-07-22T07:26:22
================================================================================
[2026-07-22T07:27:11.358+0000] {manager.py:878} INFO - 
================================================================================
DAG File Processing Stats

File Path                               PID    Runtime      # DAGs    # Errors  Last Runtime    Last Run
--------------------------------------  -----  ---------  --------  ----------  --------------  -------------------
/opt/airflow/dags/nyc_taxi_pipeline.py                           1           0  0.29s           2026-07-22T07:26:53
================================================================================
[2026-07-22T07:27:42.012+0000] {manager.py:878} INFO - 
================================================================================
DAG File Processing Stats

File Path                               PID    Runtime      # DAGs    # Errors  Last Runtime    Last Run
--------------------------------------  -----  ---------  --------  ----------  --------------  -------------------
/opt/airflow/dags/nyc_taxi_pipeline.py                           1           0  0.27s           2026-07-22T07:27:23
================================================================================
[2026-07-22T07:28:09.522+0000] {manager.py:737} INFO - Searching for files in /opt/airflow/dags
[2026-07-22T07:28:09.624+0000] {manager.py:740} INFO - There are 1 files in /opt/airflow/dags
[2026-07-22T07:28:12.732+0000] {manager.py:878} INFO - 
================================================================================
DAG File Processing Stats

File Path                               PID    Runtime      # DAGs    # Errors  Last Runtime    Last Run
--------------------------------------  -----  ---------  --------  ----------  --------------  -------------------
/opt/airflow/dags/nyc_taxi_pipeline.py                           1           0  0.41s           2026-07-22T07:27:54
================================================================================
[2026-07-22T07:28:43.212+0000] {manager.py:878} INFO - 
================================================================================
DAG File Processing Stats

File Path                               PID    Runtime      # DAGs    # Errors  Last Runtime    Last Run
--------------------------------------  -----  ---------  --------  ----------  --------------  -------------------
/opt/airflow/dags/nyc_taxi_pipeline.py                           1           0  0.27s           2026-07-22T07:28:25
================================================================================
[2026-07-22T07:29:13.854+0000] {manager.py:878} INFO - 
================================================================================
DAG File Processing Stats

File Path                               PID    Runtime      # DAGs    # Errors  Last Runtime    Last Run
--------------------------------------  -----  ---------  --------  ----------  --------------  -------------------
/opt/airflow/dags/nyc_taxi_pipeline.py                           1           0  0.25s           2026-07-22T07:28:55
================================================================================
[2026-07-22T07:29:44.297+0000] {manager.py:878} INFO - 
================================================================================
DAG File Processing Stats

File Path                               PID    Runtime      # DAGs    # Errors  Last Runtime    Last Run
--------------------------------------  -----  ---------  --------  ----------  --------------  -------------------
/opt/airflow/dags/nyc_taxi_pipeline.py                           1           0  0.29s           2026-07-22T07:29:26
================================================================================
[2026-07-22T07:30:14.969+0000] {manager.py:878} INFO - 
================================================================================
DAG File Processing Stats

File Path                               PID    Runtime      # DAGs    # Errors  Last Runtime    Last Run
--------------------------------------  -----  ---------  --------  ----------  --------------  -------------------
/opt/airflow/dags/nyc_taxi_pipeline.py                           1           0  0.27s           2026-07-22T07:29:56
================================================================================
[2026-07-22T07:30:45.519+0000] {manager.py:878} INFO - 
================================================================================
DAG File Processing Stats

File Path                               PID    Runtime      # DAGs    # Errors  Last Runtime    Last Run
--------------------------------------  -----  ---------  --------  ----------  --------------  -------------------
/opt/airflow/dags/nyc_taxi_pipeline.py                           1           0  0.29s           2026-07-22T07:30:27
================================================================================
[2026-07-22T07:31:16.118+0000] {manager.py:878} INFO - 
================================================================================
DAG File Processing Stats

File Path                               PID    Runtime      # DAGs    # Errors  Last Runtime    Last Run
--------------------------------------  -----  ---------  --------  ----------  --------------  -------------------
/opt/airflow/dags/nyc_taxi_pipeline.py                           1           0  0.28s           2026-07-22T07:30:57
================================================================================
[2026-07-22T07:31:46.628+0000] {manager.py:878} INFO - 
================================================================================
DAG File Processing Stats

File Path                               PID    Runtime      # DAGs    # Errors  Last Runtime    Last Run
--------------------------------------  -----  ---------  --------  ----------  --------------  -------------------
/opt/airflow/dags/nyc_taxi_pipeline.py                           1           0  0.36s           2026-07-22T07:31:28
================================================================================
[2026-07-22T07:32:17.287+0000] {manager.py:878} INFO - 
================================================================================
DAG File Processing Stats

File Path                               PID    Runtime      # DAGs    # Errors  Last Runtime    Last Run
--------------------------------------  -----  ---------  --------  ----------  --------------  -------------------
/opt/airflow/dags/nyc_taxi_pipeline.py                           1           0  0.28s           2026-07-22T07:31:59
================================================================================
[2026-07-22T07:32:47.791+0000] {manager.py:878} INFO - 
================================================================================
DAG File Processing Stats

File Path                               PID    Runtime      # DAGs    # Errors  Last Runtime    Last Run
--------------------------------------  -----  ---------  --------  ----------  --------------  -------------------
/opt/airflow/dags/nyc_taxi_pipeline.py                           1           0  0.38s           2026-07-22T07:32:29
================================================================================
[2026-07-22T07:33:10.390+0000] {manager.py:737} INFO - Searching for files in /opt/airflow/dags
[2026-07-22T07:33:10.421+0000] {manager.py:740} INFO - There are 1 files in /opt/airflow/dags
[2026-07-22T07:33:18.576+0000] {manager.py:878} INFO - 
================================================================================
DAG File Processing Stats

File Path                               PID    Runtime      # DAGs    # Errors  Last Runtime    Last Run
--------------------------------------  -----  ---------  --------  ----------  --------------  -------------------
/opt/airflow/dags/nyc_taxi_pipeline.py                           1           0  0.38s           2026-07-22T07:33:00
================================================================================
[2026-07-22T07:33:49.007+0000] {manager.py:878} INFO - 
================================================================================
DAG File Processing Stats

File Path                               PID    Runtime      # DAGs    # Errors  Last Runtime    Last Run
--------------------------------------  -----  ---------  --------  ----------  --------------  -------------------
/opt/airflow/dags/nyc_taxi_pipeline.py                           1           0  0.26s           2026-07-22T07:33:31
================================================================================
[2026-07-22T07:34:19.704+0000] {manager.py:878} INFO - 
================================================================================
DAG File Processing Stats

File Path                               PID    Runtime      # DAGs    # Errors  Last Runtime    Last Run
--------------------------------------  -----  ---------  --------  ----------  --------------  -------------------
/opt/airflow/dags/nyc_taxi_pipeline.py                           1           0  0.25s           2026-07-22T07:34:01
================================================================================
[2026-07-22T07:34:50.194+0000] {manager.py:878} INFO - 
================================================================================
DAG File Processing Stats

File Path                               PID    Runtime      # DAGs    # Errors  Last Runtime    Last Run
--------------------------------------  -----  ---------  --------  ----------  --------------  -------------------
/opt/airflow/dags/nyc_taxi_pipeline.py                           1           0  0.25s           2026-07-22T07:34:32
================================================================================
[2026-07-22T07:35:20.789+0000] {manager.py:878} INFO - 
================================================================================
DAG File Processing Stats

File Path                               PID    Runtime      # DAGs    # Errors  Last Runtime    Last Run
--------------------------------------  -----  ---------  --------  ----------  --------------  -------------------
/opt/airflow/dags/nyc_taxi_pipeline.py                           1           0  0.32s           2026-07-22T07:35:02
================================================================================
[2026-07-22T07:35:51.292+0000] {manager.py:878} INFO - 
================================================================================
DAG File Processing Stats

File Path                               PID    Runtime      # DAGs    # Errors  Last Runtime    Last Run
--------------------------------------  -----  ---------  --------  ----------  --------------  -------------------
/opt/airflow/dags/nyc_taxi_pipeline.py                           1           0  0.23s           2026-07-22T07:35:33
================================================================================
[2026-07-22T07:36:21.800+0000] {manager.py:878} INFO - 
================================================================================
DAG File Processing Stats

File Path                               PID    Runtime      # DAGs    # Errors  Last Runtime    Last Run
--------------------------------------  -----  ---------  --------  ----------  --------------  -------------------
/opt/airflow/dags/nyc_taxi_pipeline.py                           1           0  0.26s           2026-07-22T07:36:03
================================================================================
[2026-07-22T07:36:52.487+0000] {manager.py:878} INFO - 
================================================================================
DAG File Processing Stats

File Path                               PID    Runtime      # DAGs    # Errors  Last Runtime    Last Run
--------------------------------------  -----  ---------  --------  ----------  --------------  -------------------
/opt/airflow/dags/nyc_taxi_pipeline.py                           1           0  0.42s           2026-07-22T07:36:34
================================================================================
[2026-07-22T07:37:23.056+0000] {manager.py:878} INFO - 
================================================================================
DAG File Processing Stats

File Path                               PID    Runtime      # DAGs    # Errors  Last Runtime    Last Run
--------------------------------------  -----  ---------  --------  ----------  --------------  -------------------
/opt/airflow/dags/nyc_taxi_pipeline.py                           1           0  0.26s           2026-07-22T07:37:04
================================================================================
[2026-07-22T07:37:53.565+0000] {manager.py:878} INFO - 
================================================================================
DAG File Processing Stats

File Path                               PID    Runtime      # DAGs    # Errors  Last Runtime    Last Run
--------------------------------------  -----  ---------  --------  ----------  --------------  -------------------
/opt/airflow/dags/nyc_taxi_pipeline.py                           1           0  0.27s           2026-07-22T07:37:35
================================================================================
[2026-07-22T07:38:10.931+0000] {manager.py:737} INFO - Searching for files in /opt/airflow/dags
[2026-07-22T07:38:10.973+0000] {manager.py:740} INFO - There are 1 files in /opt/airflow/dags
[2026-07-22T07:38:24.226+0000] {manager.py:878} INFO - 
================================================================================
DAG File Processing Stats

File Path                               PID    Runtime      # DAGs    # Errors  Last Runtime    Last Run
--------------------------------------  -----  ---------  --------  ----------  --------------  -------------------
/opt/airflow/dags/nyc_taxi_pipeline.py                           1           0  0.26s           2026-07-22T07:38:06
================================================================================
[2026-07-22T07:38:54.788+0000] {manager.py:878} INFO - 
================================================================================
DAG File Processing Stats

File Path                               PID    Runtime      # DAGs    # Errors  Last Runtime    Last Run
--------------------------------------  -----  ---------  --------  ----------  --------------  -------------------
/opt/airflow/dags/nyc_taxi_pipeline.py                           1           0  0.25s           2026-07-22T07:38:36
================================================================================
[2026-07-22T07:39:25.311+0000] {manager.py:878} INFO - 
================================================================================
DAG File Processing Stats

File Path                               PID    Runtime      # DAGs    # Errors  Last Runtime    Last Run
--------------------------------------  -----  ---------  --------  ----------  --------------  -------------------
/opt/airflow/dags/nyc_taxi_pipeline.py                           1           0  0.35s           2026-07-22T07:39:07
================================================================================
[2026-07-22T07:39:55.679+0000] {manager.py:878} INFO - 
================================================================================
DAG File Processing Stats

File Path                               PID    Runtime      # DAGs    # Errors  Last Runtime    Last Run
--------------------------------------  -----  ---------  --------  ----------  --------------  -------------------
/opt/airflow/dags/nyc_taxi_pipeline.py                           1           0  0.23s           2026-07-22T07:39:37
================================================================================
[2026-07-22T07:40:26.400+0000] {manager.py:878} INFO - 
================================================================================
DAG File Processing Stats

File Path                               PID    Runtime      # DAGs    # Errors  Last Runtime    Last Run
--------------------------------------  -----  ---------  --------  ----------  --------------  -------------------
/opt/airflow/dags/nyc_taxi_pipeline.py                           1           0  0.39s           2026-07-22T07:40:08
================================================================================
[2026-07-22T07:40:56.795+0000] {manager.py:878} INFO - 
================================================================================
DAG File Processing Stats

File Path                               PID    Runtime      # DAGs    # Errors  Last Runtime    Last Run
--------------------------------------  -----  ---------  --------  ----------  --------------  -------------------
/opt/airflow/dags/nyc_taxi_pipeline.py                           1           0  0.27s           2026-07-22T07:40:38
================================================================================
[2026-07-22T07:41:27.203+0000] {manager.py:878} INFO - 
================================================================================
DAG File Processing Stats

File Path                               PID    Runtime      # DAGs    # Errors  Last Runtime    Last Run
--------------------------------------  -----  ---------  --------  ----------  --------------  -------------------
/opt/airflow/dags/nyc_taxi_pipeline.py                           1           0  0.29s           2026-07-22T07:41:09
================================================================================
[2026-07-22T07:41:57.642+0000] {manager.py:878} INFO - 
================================================================================
DAG File Processing Stats

File Path                               PID    Runtime      # DAGs    # Errors  Last Runtime    Last Run
--------------------------------------  -----  ---------  --------  ----------  --------------  -------------------
/opt/airflow/dags/nyc_taxi_pipeline.py                           1           0  0.27s           2026-07-22T07:41:39
================================================================================
[2026-07-22T07:42:28.295+0000] {manager.py:878} INFO - 
================================================================================
DAG File Processing Stats

File Path                               PID    Runtime      # DAGs    # Errors  Last Runtime    Last Run
--------------------------------------  -----  ---------  --------  ----------  --------------  -------------------
/opt/airflow/dags/nyc_taxi_pipeline.py                           1           0  0.30s           2026-07-22T07:42:10
================================================================================
[2026-07-22T07:42:58.778+0000] {manager.py:878} INFO - 
================================================================================
DAG File Processing Stats

File Path                               PID    Runtime      # DAGs    # Errors  Last Runtime    Last Run
--------------------------------------  -----  ---------  --------  ----------  --------------  -------------------
/opt/airflow/dags/nyc_taxi_pipeline.py                           1           0  0.27s           2026-07-22T07:42:40
================================================================================
[2026-07-22T07:43:11.160+0000] {manager.py:737} INFO - Searching for files in /opt/airflow/dags
[2026-07-22T07:43:11.205+0000] {manager.py:740} INFO - There are 1 files in /opt/airflow/dags
[2026-07-22T07:43:29.207+0000] {manager.py:878} INFO - 
================================================================================
DAG File Processing Stats

File Path                               PID    Runtime      # DAGs    # Errors  Last Runtime    Last Run
--------------------------------------  -----  ---------  --------  ----------  --------------  -------------------
/opt/airflow/dags/nyc_taxi_pipeline.py                           1           0  0.31s           2026-07-22T07:43:11
================================================================================
[2026-07-22T07:43:59.681+0000] {manager.py:878} INFO - 
================================================================================
DAG File Processing Stats

File Path                               PID    Runtime      # DAGs    # Errors  Last Runtime    Last Run
--------------------------------------  -----  ---------  --------  ----------  --------------  -------------------
/opt/airflow/dags/nyc_taxi_pipeline.py                           1           0  0.28s           2026-07-22T07:43:41
================================================================================
[2026-07-22T07:44:30.280+0000] {manager.py:878} INFO - 
================================================================================
DAG File Processing Stats

File Path                               PID    Runtime      # DAGs    # Errors  Last Runtime    Last Run
--------------------------------------  -----  ---------  --------  ----------  --------------  -------------------
/opt/airflow/dags/nyc_taxi_pipeline.py                           1           0  0.30s           2026-07-22T07:44:12
================================================================================
[2026-07-22T07:45:00.807+0000] {manager.py:878} INFO - 
================================================================================
DAG File Processing Stats

File Path                               PID    Runtime      # DAGs    # Errors  Last Runtime    Last Run
--------------------------------------  -----  ---------  --------  ----------  --------------  -------------------
/opt/airflow/dags/nyc_taxi_pipeline.py                           1           0  0.26s           2026-07-22T07:44:42
================================================================================
[2026-07-22T07:45:31.409+0000] {manager.py:878} INFO - 
================================================================================
DAG File Processing Stats

File Path                               PID    Runtime      # DAGs    # Errors  Last Runtime    Last Run
--------------------------------------  -----  ---------  --------  ----------  --------------  -------------------
/opt/airflow/dags/nyc_taxi_pipeline.py                           1           0  0.35s           2026-07-22T07:45:13
================================================================================
[2026-07-22T07:46:01.941+0000] {manager.py:878} INFO - 
================================================================================
DAG File Processing Stats

File Path                               PID    Runtime      # DAGs    # Errors  Last Runtime    Last Run
--------------------------------------  -----  ---------  --------  ----------  --------------  -------------------
/opt/airflow/dags/nyc_taxi_pipeline.py                           1           0  0.27s           2026-07-22T07:45:43
================================================================================
[2026-07-22T07:46:32.537+0000] {manager.py:878} INFO - 
================================================================================
DAG File Processing Stats

File Path                               PID    Runtime      # DAGs    # Errors  Last Runtime    Last Run
--------------------------------------  -----  ---------  --------  ----------  --------------  -------------------
/opt/airflow/dags/nyc_taxi_pipeline.py                           1           0  0.25s           2026-07-22T07:46:14
================================================================================
[2026-07-22T07:47:03.050+0000] {manager.py:878} INFO - 
================================================================================
DAG File Processing Stats

File Path                               PID    Runtime      # DAGs    # Errors  Last Runtime    Last Run
--------------------------------------  -----  ---------  --------  ----------  --------------  -------------------
/opt/airflow/dags/nyc_taxi_pipeline.py                           1           0  0.25s           2026-07-22T07:46:44
================================================================================
[2026-07-22T07:47:33.576+0000] {manager.py:878} INFO - 
================================================================================
DAG File Processing Stats

File Path                               PID    Runtime      # DAGs    # Errors  Last Runtime    Last Run
--------------------------------------  -----  ---------  --------  ----------  --------------  -------------------
/opt/airflow/dags/nyc_taxi_pipeline.py                           1           0  0.29s           2026-07-22T07:47:15
================================================================================
[2026-07-22T07:48:04.203+0000] {manager.py:878} INFO - 
================================================================================
DAG File Processing Stats

File Path                               PID    Runtime      # DAGs    # Errors  Last Runtime    Last Run
--------------------------------------  -----  ---------  --------  ----------  --------------  -------------------
/opt/airflow/dags/nyc_taxi_pipeline.py                           1           0  0.27s           2026-07-22T07:47:46
================================================================================
[2026-07-22T07:48:11.338+0000] {manager.py:737} INFO - Searching for files in /opt/airflow/dags
[2026-07-22T07:48:11.366+0000] {manager.py:740} INFO - There are 1 files in /opt/airflow/dags
[2026-07-22T07:48:34.780+0000] {manager.py:878} INFO - 
================================================================================
DAG File Processing Stats

File Path                               PID    Runtime      # DAGs    # Errors  Last Runtime    Last Run
--------------------------------------  -----  ---------  --------  ----------  --------------  -------------------
/opt/airflow/dags/nyc_taxi_pipeline.py                           1           0  0.24s           2026-07-22T07:48:16
================================================================================
[2026-07-22T07:49:05.429+0000] {manager.py:878} INFO - 
================================================================================
DAG File Processing Stats

File Path                               PID    Runtime      # DAGs    # Errors  Last Runtime    Last Run
--------------------------------------  -----  ---------  --------  ----------  --------------  -------------------
/opt/airflow/dags/nyc_taxi_pipeline.py                           1           0  0.27s           2026-07-22T07:48:47
================================================================================
[2026-07-22T07:49:35.827+0000] {manager.py:878} INFO - 
================================================================================
DAG File Processing Stats

File Path                               PID    Runtime      # DAGs    # Errors  Last Runtime    Last Run
--------------------------------------  -----  ---------  --------  ----------  --------------  -------------------
/opt/airflow/dags/nyc_taxi_pipeline.py                           1           0  0.38s           2026-07-22T07:49:17
================================================================================
[2026-07-22T07:50:06.236+0000] {manager.py:878} INFO - 
================================================================================
DAG File Processing Stats

File Path                               PID    Runtime      # DAGs    # Errors  Last Runtime    Last Run
--------------------------------------  -----  ---------  --------  ----------  --------------  -------------------
/opt/airflow/dags/nyc_taxi_pipeline.py                           1           0  0.27s           2026-07-22T07:49:48
================================================================================
[2026-07-22T07:50:36.612+0000] {manager.py:878} INFO - 
================================================================================
DAG File Processing Stats

File Path                               PID    Runtime      # DAGs    # Errors  Last Runtime    Last Run
--------------------------------------  -----  ---------  --------  ----------  --------------  -------------------
/opt/airflow/dags/nyc_taxi_pipeline.py                           1           0  0.29s           2026-07-22T07:50:18
================================================================================
[2026-07-22T07:51:07.108+0000] {manager.py:878} INFO - 
================================================================================
DAG File Processing Stats

File Path                               PID    Runtime      # DAGs    # Errors  Last Runtime    Last Run
--------------------------------------  -----  ---------  --------  ----------  --------------  -------------------
/opt/airflow/dags/nyc_taxi_pipeline.py                           1           0  0.24s           2026-07-22T07:50:49
================================================================================
[2026-07-22T07:51:37.634+0000] {manager.py:878} INFO - 
================================================================================
DAG File Processing Stats

File Path                               PID    Runtime      # DAGs    # Errors  Last Runtime    Last Run
--------------------------------------  -----  ---------  --------  ----------  --------------  -------------------
/opt/airflow/dags/nyc_taxi_pipeline.py                           1           0  0.34s           2026-07-22T07:51:19
================================================================================
[2026-07-22T07:52:08.344+0000] {manager.py:878} INFO - 
================================================================================
DAG File Processing Stats

File Path                               PID    Runtime      # DAGs    # Errors  Last Runtime    Last Run
--------------------------------------  -----  ---------  --------  ----------  --------------  -------------------
/opt/airflow/dags/nyc_taxi_pipeline.py                           1           0  0.27s           2026-07-22T07:51:50
================================================================================
[2026-07-22T07:52:38.843+0000] {manager.py:878} INFO - 
================================================================================
DAG File Processing Stats

File Path                               PID    Runtime      # DAGs    # Errors  Last Runtime    Last Run
--------------------------------------  -----  ---------  --------  ----------  --------------  -------------------
/opt/airflow/dags/nyc_taxi_pipeline.py                           1           0  0.26s           2026-07-22T07:52:20
================================================================================
[2026-07-22T07:53:09.576+0000] {manager.py:878} INFO - 
================================================================================
DAG File Processing Stats

File Path                               PID    Runtime      # DAGs    # Errors  Last Runtime    Last Run
--------------------------------------  -----  ---------  --------  ----------  --------------  -------------------
/opt/airflow/dags/nyc_taxi_pipeline.py                           1           0  0.37s           2026-07-22T07:52:51
================================================================================
[2026-07-22T07:53:11.599+0000] {manager.py:737} INFO - Searching for files in /opt/airflow/dags
[2026-07-22T07:53:11.628+0000] {manager.py:740} INFO - There are 1 files in /opt/airflow/dags
[2026-07-22T07:53:40.133+0000] {manager.py:878} INFO - 
================================================================================
DAG File Processing Stats

File Path                               PID    Runtime      # DAGs    # Errors  Last Runtime    Last Run
--------------------------------------  -----  ---------  --------  ----------  --------------  -------------------
/opt/airflow/dags/nyc_taxi_pipeline.py                           1           0  0.26s           2026-07-22T07:53:22
================================================================================
[2026-07-22T07:54:10.702+0000] {manager.py:878} INFO - 
================================================================================
DAG File Processing Stats

File Path                               PID    Runtime      # DAGs    # Errors  Last Runtime    Last Run
--------------------------------------  -----  ---------  --------  ----------  --------------  -------------------
/opt/airflow/dags/nyc_taxi_pipeline.py                           1           0  0.24s           2026-07-22T07:53:52
================================================================================
[2026-07-22T07:54:41.083+0000] {manager.py:878} INFO - 
================================================================================
DAG File Processing Stats

File Path                               PID    Runtime      # DAGs    # Errors  Last Runtime    Last Run
--------------------------------------  -----  ---------  --------  ----------  --------------  -------------------
/opt/airflow/dags/nyc_taxi_pipeline.py                           1           0  0.26s           2026-07-22T07:54:23
================================================================================
[2026-07-22T07:55:11.759+0000] {manager.py:878} INFO - 
================================================================================
DAG File Processing Stats

File Path                               PID    Runtime      # DAGs    # Errors  Last Runtime    Last Run
--------------------------------------  -----  ---------  --------  ----------  --------------  -------------------
/opt/airflow/dags/nyc_taxi_pipeline.py                           1           0  0.43s           2026-07-22T07:54:53
================================================================================
[2026-07-22T07:55:42.401+0000] {manager.py:878} INFO - 
================================================================================
DAG File Processing Stats

File Path                               PID    Runtime      # DAGs    # Errors  Last Runtime    Last Run
--------------------------------------  -----  ---------  --------  ----------  --------------  -------------------
/opt/airflow/dags/nyc_taxi_pipeline.py                           1           0  0.26s           2026-07-22T07:55:24
================================================================================
[2026-07-22T07:56:12.966+0000] {manager.py:878} INFO - 
================================================================================
DAG File Processing Stats

File Path                               PID    Runtime      # DAGs    # Errors  Last Runtime    Last Run
--------------------------------------  -----  ---------  --------  ----------  --------------  -------------------
/opt/airflow/dags/nyc_taxi_pipeline.py                           1           0  0.28s           2026-07-22T07:55:54
================================================================================
[2026-07-22T07:56:43.649+0000] {manager.py:878} INFO - 
================================================================================
DAG File Processing Stats

File Path                               PID    Runtime      # DAGs    # Errors  Last Runtime    Last Run
--------------------------------------  -----  ---------  --------  ----------  --------------  -------------------
/opt/airflow/dags/nyc_taxi_pipeline.py                           1           0  0.27s           2026-07-22T07:56:25
================================================================================
[2026-07-22T07:57:14.147+0000] {manager.py:878} INFO - 
================================================================================
DAG File Processing Stats

File Path                               PID    Runtime      # DAGs    # Errors  Last Runtime    Last Run
--------------------------------------  -----  ---------  --------  ----------  --------------  -------------------
/opt/airflow/dags/nyc_taxi_pipeline.py                           1           0  0.38s           2026-07-22T07:56:56
================================================================================
[2026-07-22T07:57:44.969+0000] {manager.py:878} INFO - 
================================================================================
DAG File Processing Stats

File Path                               PID    Runtime      # DAGs    # Errors  Last Runtime    Last Run
--------------------------------------  -----  ---------  --------  ----------  --------------  -------------------
/opt/airflow/dags/nyc_taxi_pipeline.py                           1           0  0.28s           2026-07-22T07:57:26
================================================================================
[2026-07-22T07:58:11.652+0000] {manager.py:737} INFO - Searching for files in /opt/airflow/dags
[2026-07-22T07:58:11.697+0000] {manager.py:740} INFO - There are 1 files in /opt/airflow/dags
[2026-07-22T07:58:15.427+0000] {manager.py:878} INFO - 
================================================================================
DAG File Processing Stats

File Path                               PID    Runtime      # DAGs    # Errors  Last Runtime    Last Run
--------------------------------------  -----  ---------  --------  ----------  --------------  -------------------
/opt/airflow/dags/nyc_taxi_pipeline.py                           1           0  0.28s           2026-07-22T07:57:57
================================================================================
[2026-07-22T07:58:46.119+0000] {manager.py:878} INFO - 
================================================================================
DAG File Processing Stats

File Path                               PID    Runtime      # DAGs    # Errors  Last Runtime    Last Run
--------------------------------------  -----  ---------  --------  ----------  --------------  -------------------
/opt/airflow/dags/nyc_taxi_pipeline.py                           1           0  0.26s           2026-07-22T07:58:27
================================================================================
[2026-07-22T07:59:16.539+0000] {manager.py:878} INFO - 
================================================================================
DAG File Processing Stats

File Path                               PID    Runtime      # DAGs    # Errors  Last Runtime    Last Run
--------------------------------------  -----  ---------  --------  ----------  --------------  -------------------
/opt/airflow/dags/nyc_taxi_pipeline.py                           1           0  0.28s           2026-07-22T07:58:58
================================================================================
[2026-07-22T07:59:47.137+0000] {manager.py:878} INFO - 
================================================================================
DAG File Processing Stats

File Path                               PID    Runtime      # DAGs    # Errors  Last Runtime    Last Run
--------------------------------------  -----  ---------  --------  ----------  --------------  -------------------
/opt/airflow/dags/nyc_taxi_pipeline.py                           1           0  0.31s           2026-07-22T07:59:29
================================================================================
[2026-07-22T08:00:17.683+0000] {manager.py:878} INFO - 
================================================================================
DAG File Processing Stats

File Path                               PID    Runtime      # DAGs    # Errors  Last Runtime    Last Run
--------------------------------------  -----  ---------  --------  ----------  --------------  -------------------
/opt/airflow/dags/nyc_taxi_pipeline.py                           1           0  0.30s           2026-07-22T07:59:59
================================================================================
[2026-07-22T08:00:48.154+0000] {manager.py:878} INFO - 
================================================================================
DAG File Processing Stats

File Path                               PID    Runtime      # DAGs    # Errors  Last Runtime    Last Run
--------------------------------------  -----  ---------  --------  ----------  --------------  -------------------
/opt/airflow/dags/nyc_taxi_pipeline.py                           1           0  0.47s           2026-07-22T08:00:30
================================================================================
[2026-07-22T08:01:18.261+0000] {manager.py:878} INFO - 
================================================================================
DAG File Processing Stats

File Path                               PID    Runtime      # DAGs    # Errors  Last Runtime    Last Run
--------------------------------------  -----  ---------  --------  ----------  --------------  -------------------
/opt/airflow/dags/nyc_taxi_pipeline.py                           1           0  0.27s           2026-07-22T08:01:01
================================================================================
[2026-07-22T08:01:48.642+0000] {manager.py:878} INFO - 
================================================================================
DAG File Processing Stats

File Path                               PID    Runtime      # DAGs    # Errors  Last Runtime    Last Run
--------------------------------------  -----  ---------  --------  ----------  --------------  -------------------
/opt/airflow/dags/nyc_taxi_pipeline.py                           1           0  0.28s           2026-07-22T08:01:31
================================================================================
[2026-07-22T08:02:19.132+0000] {manager.py:878} INFO - 
================================================================================
DAG File Processing Stats

File Path                               PID    Runtime      # DAGs    # Errors  Last Runtime    Last Run
--------------------------------------  -----  ---------  --------  ----------  --------------  -------------------
/opt/airflow/dags/nyc_taxi_pipeline.py                           1           0  0.34s           2026-07-22T08:02:02
================================================================================
[2026-07-22T08:02:49.855+0000] {manager.py:878} INFO - 
================================================================================
DAG File Processing Stats

File Path                               PID    Runtime      # DAGs    # Errors  Last Runtime    Last Run
--------------------------------------  -----  ---------  --------  ----------  --------------  -------------------
/opt/airflow/dags/nyc_taxi_pipeline.py                           1           0  0.30s           2026-07-22T08:02:32
================================================================================
[2026-07-22T08:03:12.125+0000] {manager.py:737} INFO - Searching for files in /opt/airflow/dags
[2026-07-22T08:03:12.177+0000] {manager.py:740} INFO - There are 1 files in /opt/airflow/dags
[2026-07-22T08:03:20.307+0000] {manager.py:878} INFO - 
================================================================================
DAG File Processing Stats

File Path                               PID    Runtime      # DAGs    # Errors  Last Runtime    Last Run
--------------------------------------  -----  ---------  --------  ----------  --------------  -------------------
/opt/airflow/dags/nyc_taxi_pipeline.py                           1           0  0.24s           2026-07-22T08:03:03
================================================================================
[2026-07-22T08:03:50.975+0000] {manager.py:878} INFO - 
================================================================================
DAG File Processing Stats

File Path                               PID    Runtime      # DAGs    # Errors  Last Runtime    Last Run
--------------------------------------  -----  ---------  --------  ----------  --------------  -------------------
/opt/airflow/dags/nyc_taxi_pipeline.py                           1           0  0.28s           2026-07-22T08:03:33
================================================================================
[2026-07-22T08:04:21.523+0000] {manager.py:878} INFO - 
================================================================================
DAG File Processing Stats

File Path                               PID    Runtime      # DAGs    # Errors  Last Runtime    Last Run
--------------------------------------  -----  ---------  --------  ----------  --------------  -------------------
/opt/airflow/dags/nyc_taxi_pipeline.py                           1           0  0.25s           2026-07-22T08:04:04
================================================================================
[2026-07-22T08:04:52.131+0000] {manager.py:878} INFO - 
================================================================================
DAG File Processing Stats

File Path                               PID    Runtime      # DAGs    # Errors  Last Runtime    Last Run
--------------------------------------  -----  ---------  --------  ----------  --------------  -------------------
/opt/airflow/dags/nyc_taxi_pipeline.py                           1           0  0.38s           2026-07-22T08:04:35
================================================================================
[2026-07-22T08:05:22.553+0000] {manager.py:878} INFO - 
================================================================================
DAG File Processing Stats

File Path                               PID    Runtime      # DAGs    # Errors  Last Runtime    Last Run
--------------------------------------  -----  ---------  --------  ----------  --------------  -------------------
/opt/airflow/dags/nyc_taxi_pipeline.py                           1           0  0.24s           2026-07-22T08:05:05
================================================================================
[2026-07-22T08:05:53.216+0000] {manager.py:878} INFO - 
================================================================================
DAG File Processing Stats

File Path                               PID    Runtime      # DAGs    # Errors  Last Runtime    Last Run
--------------------------------------  -----  ---------  --------  ----------  --------------  -------------------
/opt/airflow/dags/nyc_taxi_pipeline.py                           1           0  0.38s           2026-07-22T08:05:36
================================================================================
[2026-07-22T08:06:23.837+0000] {manager.py:878} INFO - 
================================================================================
DAG File Processing Stats

File Path                               PID    Runtime      # DAGs    # Errors  Last Runtime    Last Run
--------------------------------------  -----  ---------  --------  ----------  --------------  -------------------
/opt/airflow/dags/nyc_taxi_pipeline.py                           1           0  0.27s           2026-07-22T08:06:06
================================================================================
[2026-07-22T08:06:54.252+0000] {manager.py:878} INFO - 
================================================================================
DAG File Processing Stats

File Path                               PID    Runtime      # DAGs    # Errors  Last Runtime    Last Run
--------------------------------------  -----  ---------  --------  ----------  --------------  -------------------
/opt/airflow/dags/nyc_taxi_pipeline.py                           1           0  0.25s           2026-07-22T08:06:37
================================================================================
[2026-07-22T08:07:24.877+0000] {manager.py:878} INFO - 
================================================================================
DAG File Processing Stats

File Path                               PID    Runtime      # DAGs    # Errors  Last Runtime    Last Run
--------------------------------------  -----  ---------  --------  ----------  --------------  -------------------
/opt/airflow/dags/nyc_taxi_pipeline.py                           1           0  0.28s           2026-07-22T08:07:07
================================================================================
[2026-07-22T08:07:55.390+0000] {manager.py:878} INFO - 
================================================================================
DAG File Processing Stats

File Path                               PID    Runtime      # DAGs    # Errors  Last Runtime    Last Run
--------------------------------------  -----  ---------  --------  ----------  --------------  -------------------
/opt/airflow/dags/nyc_taxi_pipeline.py                           1           0  0.26s           2026-07-22T08:07:38
================================================================================
[2026-07-22T08:08:12.850+0000] {manager.py:737} INFO - Searching for files in /opt/airflow/dags
[2026-07-22T08:08:12.896+0000] {manager.py:740} INFO - There are 1 files in /opt/airflow/dags
[2026-07-22T08:08:26.154+0000] {manager.py:878} INFO - 
================================================================================
DAG File Processing Stats

File Path                               PID    Runtime      # DAGs    # Errors  Last Runtime    Last Run
--------------------------------------  -----  ---------  --------  ----------  --------------  -------------------
/opt/airflow/dags/nyc_taxi_pipeline.py                           1           0  0.25s           2026-07-22T08:08:08
================================================================================
[2026-07-22T08:08:56.545+0000] {manager.py:878} INFO - 
================================================================================
DAG File Processing Stats

File Path                               PID    Runtime      # DAGs    # Errors  Last Runtime    Last Run
--------------------------------------  -----  ---------  --------  ----------  --------------  -------------------
/opt/airflow/dags/nyc_taxi_pipeline.py                           1           0  0.26s           2026-07-22T08:08:39
================================================================================
[2026-07-22T08:09:27.271+0000] {manager.py:878} INFO - 
================================================================================
DAG File Processing Stats

File Path                               PID    Runtime      # DAGs    # Errors  Last Runtime    Last Run
--------------------------------------  -----  ---------  --------  ----------  --------------  -------------------
/opt/airflow/dags/nyc_taxi_pipeline.py                           1           0  0.30s           2026-07-22T08:09:10
================================================================================
[2026-07-22T08:09:57.773+0000] {manager.py:878} INFO - 
================================================================================
DAG File Processing Stats

File Path                               PID    Runtime      # DAGs    # Errors  Last Runtime    Last Run
--------------------------------------  -----  ---------  --------  ----------  --------------  -------------------
/opt/airflow/dags/nyc_taxi_pipeline.py                           1           0  0.26s           2026-07-22T08:09:40
================================================================================
[2026-07-22T08:10:28.516+0000] {manager.py:878} INFO - 
================================================================================
DAG File Processing Stats

File Path                               PID    Runtime      # DAGs    # Errors  Last Runtime    Last Run
--------------------------------------  -----  ---------  --------  ----------  --------------  -------------------
/opt/airflow/dags/nyc_taxi_pipeline.py                           1           0  0.27s           2026-07-22T08:10:11
================================================================================
[2026-07-22T08:10:59.198+0000] {manager.py:878} INFO - 
================================================================================
DAG File Processing Stats

File Path                               PID    Runtime      # DAGs    # Errors  Last Runtime    Last Run
--------------------------------------  -----  ---------  --------  ----------  --------------  -------------------
/opt/airflow/dags/nyc_taxi_pipeline.py                           1           0  0.28s           2026-07-22T08:10:42
================================================================================
[2026-07-22T08:11:29.880+0000] {manager.py:878} INFO - 
================================================================================
DAG File Processing Stats

File Path                               PID    Runtime      # DAGs    # Errors  Last Runtime    Last Run
--------------------------------------  -----  ---------  --------  ----------  --------------  -------------------
/opt/airflow/dags/nyc_taxi_pipeline.py                           1           0  0.26s           2026-07-22T08:11:12
================================================================================
[2026-07-22T08:12:00.445+0000] {manager.py:878} INFO - 
================================================================================
DAG File Processing Stats

File Path                               PID    Runtime      # DAGs    # Errors  Last Runtime    Last Run
--------------------------------------  -----  ---------  --------  ----------  --------------  -------------------
/opt/airflow/dags/nyc_taxi_pipeline.py                           1           0  0.24s           2026-07-22T08:11:43
================================================================================
[2026-07-22T08:12:31.043+0000] {manager.py:878} INFO - 
================================================================================
DAG File Processing Stats

File Path                               PID    Runtime      # DAGs    # Errors  Last Runtime    Last Run
--------------------------------------  -----  ---------  --------  ----------  --------------  -------------------
/opt/airflow/dags/nyc_taxi_pipeline.py                           1           0  0.38s           2026-07-22T08:12:14
================================================================================
[2026-07-22T08:13:01.743+0000] {manager.py:878} INFO - 
================================================================================
DAG File Processing Stats

File Path                               PID    Runtime      # DAGs    # Errors  Last Runtime    Last Run
--------------------------------------  -----  ---------  --------  ----------  --------------  -------------------
/opt/airflow/dags/nyc_taxi_pipeline.py                           1           0  0.36s           2026-07-22T08:12:44
================================================================================
[2026-07-22T08:13:12.890+0000] {manager.py:737} INFO - Searching for files in /opt/airflow/dags
[2026-07-22T08:13:12.929+0000] {manager.py:740} INFO - There are 1 files in /opt/airflow/dags
[2026-07-22T08:13:32.237+0000] {manager.py:878} INFO - 
================================================================================
DAG File Processing Stats

File Path                               PID    Runtime      # DAGs    # Errors  Last Runtime    Last Run
--------------------------------------  -----  ---------  --------  ----------  --------------  -------------------
/opt/airflow/dags/nyc_taxi_pipeline.py                           1           0  0.27s           2026-07-22T08:13:15
================================================================================
[2026-07-22T08:14:02.869+0000] {manager.py:878} INFO - 
================================================================================
DAG File Processing Stats

File Path                               PID    Runtime      # DAGs    # Errors  Last Runtime    Last Run
--------------------------------------  -----  ---------  --------  ----------  --------------  -------------------
/opt/airflow/dags/nyc_taxi_pipeline.py                           1           0  0.39s           2026-07-22T08:13:45
================================================================================
[2026-07-22T08:14:33.490+0000] {manager.py:878} INFO - 
================================================================================
DAG File Processing Stats

File Path                               PID    Runtime      # DAGs    # Errors  Last Runtime    Last Run
--------------------------------------  -----  ---------  --------  ----------  --------------  -------------------
/opt/airflow/dags/nyc_taxi_pipeline.py                           1           0  0.35s           2026-07-22T08:14:16
================================================================================
[2026-07-22T08:15:04.067+0000] {manager.py:878} INFO - 
================================================================================
DAG File Processing Stats

File Path                               PID    Runtime      # DAGs    # Errors  Last Runtime    Last Run
--------------------------------------  -----  ---------  --------  ----------  --------------  -------------------
/opt/airflow/dags/nyc_taxi_pipeline.py                           1           0  0.26s           2026-07-22T08:14:46
================================================================================
[2026-07-22T08:15:34.683+0000] {manager.py:878} INFO - 
================================================================================
DAG File Processing Stats

File Path                               PID    Runtime      # DAGs    # Errors  Last Runtime    Last Run
--------------------------------------  -----  ---------  --------  ----------  --------------  -------------------
/opt/airflow/dags/nyc_taxi_pipeline.py                           1           0  0.28s           2026-07-22T08:15:17
================================================================================
[2026-07-22T08:16:05.291+0000] {manager.py:878} INFO - 
================================================================================
DAG File Processing Stats

File Path                               PID    Runtime      # DAGs    # Errors  Last Runtime    Last Run
--------------------------------------  -----  ---------  --------  ----------  --------------  -------------------
/opt/airflow/dags/nyc_taxi_pipeline.py                           1           0  0.32s           2026-07-22T08:15:48
================================================================================
[2026-07-22T08:16:36.043+0000] {manager.py:878} INFO - 
================================================================================
DAG File Processing Stats

File Path                               PID    Runtime      # DAGs    # Errors  Last Runtime    Last Run
--------------------------------------  -----  ---------  --------  ----------  --------------  -------------------
/opt/airflow/dags/nyc_taxi_pipeline.py                           1           0  0.28s           2026-07-22T08:16:18
================================================================================
[2026-07-22T08:17:06.662+0000] {manager.py:878} INFO - 
================================================================================
DAG File Processing Stats

File Path                               PID    Runtime      # DAGs    # Errors  Last Runtime    Last Run
--------------------------------------  -----  ---------  --------  ----------  --------------  -------------------
/opt/airflow/dags/nyc_taxi_pipeline.py                           1           0  0.25s           2026-07-22T08:16:49
================================================================================
[2026-07-22T08:17:37.431+0000] {manager.py:878} INFO - 
================================================================================
DAG File Processing Stats

File Path                               PID    Runtime      # DAGs    # Errors  Last Runtime    Last Run
--------------------------------------  -----  ---------  --------  ----------  --------------  -------------------
/opt/airflow/dags/nyc_taxi_pipeline.py                           1           0  0.27s           2026-07-22T08:17:20
================================================================================
[2026-07-22T08:18:08.070+0000] {manager.py:878} INFO - 
================================================================================
DAG File Processing Stats

File Path                               PID    Runtime      # DAGs    # Errors  Last Runtime    Last Run
--------------------------------------  -----  ---------  --------  ----------  --------------  -------------------
/opt/airflow/dags/nyc_taxi_pipeline.py                           1           0  0.24s           2026-07-22T08:17:50
================================================================================
[2026-07-22T08:18:13.201+0000] {manager.py:737} INFO - Searching for files in /opt/airflow/dags
[2026-07-22T08:18:13.243+0000] {manager.py:740} INFO - There are 1 files in /opt/airflow/dags
[2026-07-22T08:18:38.699+0000] {manager.py:878} INFO - 
================================================================================
DAG File Processing Stats

File Path                               PID    Runtime      # DAGs    # Errors  Last Runtime    Last Run
--------------------------------------  -----  ---------  --------  ----------  --------------  -------------------
/opt/airflow/dags/nyc_taxi_pipeline.py                           1           0  0.26s           2026-07-22T08:18:21
================================================================================
[2026-07-22T08:19:09.265+0000] {manager.py:878} INFO - 
================================================================================
DAG File Processing Stats

File Path                               PID    Runtime      # DAGs    # Errors  Last Runtime    Last Run
--------------------------------------  -----  ---------  --------  ----------  --------------  -------------------
/opt/airflow/dags/nyc_taxi_pipeline.py                           1           0  0.38s           2026-07-22T08:18:52
================================================================================
[2026-07-22T08:19:42.827+0000] {manager.py:878} INFO - 
================================================================================
DAG File Processing Stats

File Path                               PID    Runtime      # DAGs    # Errors  Last Runtime    Last Run
--------------------------------------  -----  ---------  --------  ----------  --------------  -------------------
/opt/airflow/dags/nyc_taxi_pipeline.py                           1           0  0.29s           2026-07-22T08:19:25
================================================================================
[2026-07-22T08:20:13.269+0000] {manager.py:878} INFO - 
================================================================================
DAG File Processing Stats

File Path                               PID    Runtime      # DAGs    # Errors  Last Runtime    Last Run
--------------------------------------  -----  ---------  --------  ----------  --------------  -------------------
/opt/airflow/dags/nyc_taxi_pipeline.py                           1           0  0.26s           2026-07-22T08:19:56
================================================================================
[2026-07-22T08:20:43.811+0000] {manager.py:878} INFO - 
================================================================================
DAG File Processing Stats

File Path                               PID    Runtime      # DAGs    # Errors  Last Runtime    Last Run
--------------------------------------  -----  ---------  --------  ----------  --------------  -------------------
/opt/airflow/dags/nyc_taxi_pipeline.py                           1           0  0.38s           2026-07-22T08:20:26
================================================================================
[2026-07-22T08:21:14.390+0000] {manager.py:878} INFO - 
================================================================================
DAG File Processing Stats

File Path                               PID    Runtime      # DAGs    # Errors  Last Runtime    Last Run
--------------------------------------  -----  ---------  --------  ----------  --------------  -------------------
/opt/airflow/dags/nyc_taxi_pipeline.py                           1           0  0.25s           2026-07-22T08:20:57
================================================================================
[2026-07-22T08:21:31.849+0000] {manager.py:452} INFO - Exiting gracefully upon receiving signal 15
[2026-08-03T07:54:12.394+0000] {manager.py:470} INFO - Processing files using up to 2 processes at a time 
[2026-08-03T07:54:12.395+0000] {manager.py:471} INFO - Process each file at most once every 30 seconds
[2026-08-03T07:54:12.397+0000] {manager.py:472} INFO - Checking for new files in /opt/airflow/dags every 300 seconds
[2026-08-03T07:54:12.398+0000] {manager.py:737} INFO - Searching for files in /opt/airflow/dags
[2026-08-03T07:54:12.440+0000] {manager.py:740} INFO - There are 1 files in /opt/airflow/dags
[2026-08-03T07:54:12.662+0000] {manager.py:878} INFO - 
================================================================================
DAG File Processing Stats

File Path                                 PID  Runtime      # DAGs    # Errors  Last Runtime    Last Run
--------------------------------------  -----  ---------  --------  ----------  --------------  ----------
/opt/airflow/dags/nyc_taxi_pipeline.py    164  0.07s             0           0
================================================================================
[2026-08-03T07:54:45.881+0000] {manager.py:878} INFO - 
================================================================================
DAG File Processing Stats

File Path                               PID    Runtime      # DAGs    # Errors  Last Runtime    Last Run
--------------------------------------  -----  ---------  --------  ----------  --------------  -------------------
/opt/airflow/dags/nyc_taxi_pipeline.py                           1           0  0.33s           2026-08-03T07:54:43
================================================================================
[2026-08-03T07:55:19.155+0000] {manager.py:878} INFO - 
================================================================================
DAG File Processing Stats

File Path                               PID    Runtime      # DAGs    # Errors  Last Runtime    Last Run
--------------------------------------  -----  ---------  --------  ----------  --------------  -------------------
/opt/airflow/dags/nyc_taxi_pipeline.py                           1           0  0.27s           2026-08-03T07:55:14
================================================================================
[2026-08-03T07:55:52.565+0000] {manager.py:878} INFO - 
================================================================================
DAG File Processing Stats

File Path                               PID    Runtime      # DAGs    # Errors  Last Runtime    Last Run
--------------------------------------  -----  ---------  --------  ----------  --------------  -------------------
/opt/airflow/dags/nyc_taxi_pipeline.py                           1           0  0.21s           2026-08-03T07:55:46
================================================================================
[2026-08-03T07:56:25.739+0000] {manager.py:878} INFO - 
================================================================================
DAG File Processing Stats

File Path                               PID    Runtime      # DAGs    # Errors  Last Runtime    Last Run
--------------------------------------  -----  ---------  --------  ----------  --------------  -------------------
/opt/airflow/dags/nyc_taxi_pipeline.py                           1           0  0.25s           2026-08-03T07:56:19
================================================================================
[2026-08-03T07:56:59.136+0000] {manager.py:878} INFO - 
================================================================================
DAG File Processing Stats

File Path                               PID    Runtime      # DAGs    # Errors  Last Runtime    Last Run
--------------------------------------  -----  ---------  --------  ----------  --------------  -------------------
/opt/airflow/dags/nyc_taxi_pipeline.py                           1           0  0.23s           2026-08-03T07:56:52
================================================================================
[2026-08-03T07:57:32.403+0000] {manager.py:878} INFO - 
================================================================================
DAG File Processing Stats

File Path                               PID    Runtime      # DAGs    # Errors  Last Runtime    Last Run
--------------------------------------  -----  ---------  --------  ----------  --------------  -------------------
/opt/airflow/dags/nyc_taxi_pipeline.py                           1           0  0.25s           2026-08-03T07:57:25
================================================================================
[2026-08-03T07:58:05.665+0000] {manager.py:878} INFO - 
================================================================================
DAG File Processing Stats

File Path                               PID    Runtime      # DAGs    # Errors  Last Runtime    Last Run
--------------------------------------  -----  ---------  --------  ----------  --------------  -------------------
/opt/airflow/dags/nyc_taxi_pipeline.py                           1           0  0.49s           2026-08-03T07:57:57
================================================================================
[2026-08-03T07:58:38.828+0000] {manager.py:878} INFO - 
================================================================================
DAG File Processing Stats

File Path                               PID    Runtime      # DAGs    # Errors  Last Runtime    Last Run
--------------------------------------  -----  ---------  --------  ----------  --------------  -------------------
/opt/airflow/dags/nyc_taxi_pipeline.py                           1           0  0.70s           2026-08-03T07:58:30
================================================================================
[2026-08-03T07:59:12.031+0000] {manager.py:878} INFO - 
================================================================================
DAG File Processing Stats

File Path                               PID    Runtime      # DAGs    # Errors  Last Runtime    Last Run
--------------------------------------  -----  ---------  --------  ----------  --------------  -------------------
/opt/airflow/dags/nyc_taxi_pipeline.py                           1           0  0.57s           2026-08-03T07:59:03
================================================================================
[2026-08-03T07:59:12.520+0000] {manager.py:737} INFO - Searching for files in /opt/airflow/dags
[2026-08-03T07:59:12.577+0000] {manager.py:740} INFO - There are 1 files in /opt/airflow/dags
[2026-08-03T07:59:44.875+0000] {manager.py:878} INFO - 
================================================================================
DAG File Processing Stats

File Path                               PID    Runtime      # DAGs    # Errors  Last Runtime    Last Run
--------------------------------------  -----  ---------  --------  ----------  --------------  -------------------
/opt/airflow/dags/nyc_taxi_pipeline.py                           1           0  0.65s           2026-08-03T07:59:36
================================================================================
[2026-08-03T08:00:17.755+0000] {manager.py:878} INFO - 
================================================================================
DAG File Processing Stats

File Path                               PID    Runtime      # DAGs    # Errors  Last Runtime    Last Run
--------------------------------------  -----  ---------  --------  ----------  --------------  -------------------
/opt/airflow/dags/nyc_taxi_pipeline.py                           1           0  0.80s           2026-08-03T08:00:08
================================================================================
[2026-08-03T08:00:50.542+0000] {manager.py:878} INFO - 
================================================================================
DAG File Processing Stats

File Path                               PID    Runtime      # DAGs    # Errors  Last Runtime    Last Run
--------------------------------------  -----  ---------  --------  ----------  --------------  -------------------
/opt/airflow/dags/nyc_taxi_pipeline.py                           1           0  0.60s           2026-08-03T08:00:41
================================================================================
[2026-08-03T08:01:23.400+0000] {manager.py:878} INFO - 
================================================================================
DAG File Processing Stats

File Path                               PID    Runtime      # DAGs    # Errors  Last Runtime    Last Run
--------------------------------------  -----  ---------  --------  ----------  --------------  -------------------
/opt/airflow/dags/nyc_taxi_pipeline.py                           1           0  2.55s           2026-08-03T08:01:16
================================================================================
[2026-08-03T08:01:56.423+0000] {manager.py:878} INFO - 
================================================================================
DAG File Processing Stats

File Path                               PID    Runtime      # DAGs    # Errors  Last Runtime    Last Run
--------------------------------------  -----  ---------  --------  ----------  --------------  -------------------
/opt/airflow/dags/nyc_taxi_pipeline.py                           1           0  0.32s           2026-08-03T08:01:46
================================================================================
[2026-08-03T08:02:29.772+0000] {manager.py:878} INFO - 
================================================================================
DAG File Processing Stats

File Path                               PID    Runtime      # DAGs    # Errors  Last Runtime    Last Run
--------------------------------------  -----  ---------  --------  ----------  --------------  -------------------
/opt/airflow/dags/nyc_taxi_pipeline.py                           1           0  0.41s           2026-08-03T08:02:19
================================================================================
[2026-08-03T08:03:02.837+0000] {manager.py:878} INFO - 
================================================================================
DAG File Processing Stats

File Path                               PID    Runtime      # DAGs    # Errors  Last Runtime    Last Run
--------------------------------------  -----  ---------  --------  ----------  --------------  -------------------
/opt/airflow/dags/nyc_taxi_pipeline.py                           1           0  1.25s           2026-08-03T08:02:52
================================================================================
[2026-08-03T08:03:35.829+0000] {manager.py:878} INFO - 
================================================================================
DAG File Processing Stats

File Path                               PID    Runtime      # DAGs    # Errors  Last Runtime    Last Run
--------------------------------------  -----  ---------  --------  ----------  --------------  -------------------
/opt/airflow/dags/nyc_taxi_pipeline.py                           1           0  2.48s           2026-08-03T08:03:28
================================================================================
[2026-08-03T08:04:08.926+0000] {manager.py:878} INFO - 
================================================================================
DAG File Processing Stats

File Path                               PID    Runtime      # DAGs    # Errors  Last Runtime    Last Run
--------------------------------------  -----  ---------  --------  ----------  --------------  -------------------
/opt/airflow/dags/nyc_taxi_pipeline.py                           1           0  9.27s           2026-08-03T08:04:08
================================================================================
[2026-08-03T08:04:13.003+0000] {manager.py:737} INFO - Searching for files in /opt/airflow/dags
[2026-08-03T08:04:13.076+0000] {manager.py:740} INFO - There are 1 files in /opt/airflow/dags
[2026-08-03T08:04:43.453+0000] {manager.py:878} INFO - 
================================================================================
DAG File Processing Stats

File Path                                 PID  Runtime      # DAGs    # Errors  Last Runtime    Last Run
--------------------------------------  -----  ---------  --------  ----------  --------------  -------------------
/opt/airflow/dags/nyc_taxi_pipeline.py    944  2.71s             1           0  9.27s           2026-08-03T08:04:08
================================================================================
